gene,comparison_experiment_count,sample,pearson_r,voxel_count,reference_experiment_ids,comparison_experiment_ids,excluded_experiment_id,seed
Cacna2d1,1,0,0.5851685,1295040,"[72119649, 75042246, 78544955, 78544957, 78544979, 78557703, 78557705, 78557709, 79707516, 80409517]",[80409515],78544983.0,20260812
Cacna2d1,1,1,0.628721,1295040,"[72119649, 78544957, 78544959, 78544965, 78544979, 78557703, 78557709, 79707526, 79707530, 80409521]",[79707516],78544983.0,20260812
Cacna2d1,1,2,0.59152305,1295040,"[78544957, 78544961, 78544981, 78557703, 78557707, 79707516, 79707526, 79707530, 79707760, 80409519]",[72119649],78544983.0,20260812
Cacna2d1,1,3,0.5742168,1295040,"[78544957, 78544961, 78544963, 78544965, 78557707, 78557709, 78557711, 79707526, 80409515, 80409521]",[78544979],78544983.0,20260812
Cacna2d1,1,4,0.5509519,1295040,"[72119649, 78544959, 78544965, 78557703, 78557707, 79707526, 79707532, 79707760, 80409515, 80409521]",[78544955],78544983.0,20260812
Cacna2d1,1,5,0.64366007,1295040,"[78544953, 78544955, 78544959, 78557703, 78557711, 79707516, 79707526, 79707532, 79707760, 80409517]",[78544963],78544983.0,20260812
Cacna2d1,1,6,0.53947365,1295040,"[75042246, 78544953, 78544961, 78544963, 78544981, 78557705, 78557707, 80409515, 80409517, 80409521]",[78544955],78544983.0,20260812
Cacna2d1,1,7,0.56579816,1295040,"[72119649, 75042246, 78544955, 78544959, 78544965, 78557707, 78557709, 79707532, 80409517, 80409519]",[79707526],78544983.0,20260812
Cacna2d1,1,8,0.51522815,1295040,"[72119649, 75042246, 78544957, 78544963, 78557705, 78557709, 79707530, 79707760, 80409517, 80409519]",[80409521],78544983.0,20260812
Cacna2d1,1,9,0.6372403,1295040,"[72119649, 75042246, 78544955, 78544959, 78544961, 78544963, 78557703, 78557705, 78557709, 80409515]",[79707516],78544983.0,20260812
Cacna2d1,1,10,0.63901377,1295040,"[75042246, 78544957, 78544965, 78544979, 78544981, 78557703, 78557711, 79707526, 80409515, 80409521]",[78544953],78544983.0,20260812
Cacna2d1,1,11,0.55502933,1295040,"[78544959, 78544963, 78557703, 78557705, 79707516, 79707530, 79707532, 79707760, 80409519, 80409521]",[78557709],78544983.0,20260812
Cacna2d1,1,12,0.5123772,1295040,"[78544953, 78544955, 78544979, 78544981, 78557709, 78557711, 79707526, 79707530, 79707760, 80409517]",[80409521],78544983.0,20260812
Cacna2d1,1,13,0.5677433,1295040,"[75042246, 78544953, 78544955, 78544957, 78544979, 78557705, 78557709, 78557711, 79707516, 80409517]",[79707760],78544983.0,20260812
Cacna2d1,1,14,0.6337834,1295040,"[78544959, 78544963, 78544979, 78557705, 78557709, 79707516, 79707530, 79707760, 80409517, 80409521]",[78557703],78544983.0,20260812
Cacna2d1,1,15,0.61779255,1295040,"[72119649, 75042246, 78544957, 78544959, 78544965, 78557705, 78557709, 79707526, 79707532, 80409521]",[79707516],78544983.0,20260812
Cacna2d1,1,16,0.550858,1295040,"[78544961, 78544965, 78544981, 78557703, 78557707, 79707516, 79707526, 79707530, 80409515, 80409521]",[78544955],78544983.0,20260812
Cacna2d1,1,17,0.517573,1295040,"[78544955, 78544957, 78544961, 78557703, 78557705, 78557711, 79707516, 79707530, 80409515, 80409519]",[80409521],78544983.0,20260812
Cacna2d1,1,18,0.61159384,1295040,"[72119649, 78544957, 78544981, 78557705, 78557711, 79707530, 79707532, 80409517, 80409519, 80409521]",[78544953],78544983.0,20260812
Cacna2d1,1,19,0.6217803,1295040,"[72119649, 75042246, 78544979, 78544981, 78557705, 78557707, 79707516, 79707530, 79707532, 80409521]",[78544963],78544983.0,20260812
Cacna2d1,1,20,0.5504472,1295040,"[78544957, 78544961, 78544979, 79707516, 79707526, 79707530, 79707532, 79707760, 80409515, 80409521]",[78557709],78544983.0,20260812
Cacna2d1,1,21,0.58271307,1295040,"[78544957, 78544963, 78544965, 78544981, 78557707, 78557711, 79707530, 79707760, 80409519, 80409521]",[72119649],78544983.0,20260812
Cacna2d1,1,22,0.56677204,1295040,"[75042246, 78544955, 78544963, 78544965, 78544981, 78557705, 78557709, 79707760, 80409515, 80409519]",[78544979],78544983.0,20260812
Cacna2d1,1,23,0.54846287,1295040,"[72119649, 78544955, 78544957, 78544965, 78544979, 78557705, 78557711, 79707530, 80409515, 80409519]",[78557709],78544983.0,20260812
Cacna2d1,1,24,0.64563143,1295040,"[78544953, 78544957, 78544959, 78544965, 78544981, 78557703, 78557705, 79707516, 79707530, 80409515]",[78544963],78544983.0,20260812
Cacna2d1,1,25,0.5783528,1295040,"[78544957, 78544959, 78544965, 78544979, 78544981, 78557705, 78557709, 78557711, 80409519, 80409521]",[72119649],78544983.0,20260812
Cacna2d1,1,26,0.5510905,1295040,"[75042246, 78544959, 78544965, 78544979, 78544981, 78557703, 78557705, 79707516, 80409517, 80409521]",[78557709],78544983.0,20260812
Cacna2d1,1,27,0.5785341,1295040,"[72119649, 75042246, 78544953, 78544955, 78544957, 78557703, 78557709, 79707532, 80409519, 80409521]",[80409515],78544983.0,20260812
Cacna2d1,1,28,0.531704,1295040,"[78544953, 78544957, 78544965, 78557705, 78557707, 78557709, 78557711, 79707526, 80409515, 80409521]",[78544961],78544983.0,20260812
Cacna2d1,1,29,0.5834454,1295040,"[78544955, 78544957, 78544961, 78544963, 78544965, 78557707, 78557711, 79707532, 79707760, 80409515]",[78544979],78544983.0,20260812
Cacna2d1,1,30,0.54799235,1295040,"[78544953, 78544959, 78544961, 78544963, 78557703, 78557709, 79707526, 79707530, 79707760, 80409517]",[78557707],78544983.0,20260812
Cacna2d1,1,31,0.50431687,1295040,"[72119649, 75042246, 78544953, 78544963, 78544965, 78544979, 78544981, 78557705, 78557707, 78557709]",[80409521],78544983.0,20260812
Cacna2d1,1,32,0.55170214,1295040,"[78544953, 78544959, 78544965, 78544979, 78557703, 78557709, 79707532, 79707760, 80409515, 80409521]",[78557707],78544983.0,20260812
Cacna2d1,1,33,0.56763065,1295040,"[75042246, 78544953, 78544965, 78544979, 78544981, 78557705, 78557709, 79707516, 79707532, 80409519]",[78544959],78544983.0,20260812
Cacna2d1,1,34,0.58745563,1295040,"[78544953, 78544963, 78544981, 78557703, 78557705, 78557709, 79707526, 79707530, 80409517, 80409521]",[79707532],78544983.0,20260812
Cacna2d1,1,35,0.6394887,1295040,"[72119649, 78544955, 78544961, 78544963, 78544979, 78557705, 79707526, 79707530, 79707532, 80409519]",[78544953],78544983.0,20260812
Cacna2d1,1,36,0.5730159,1295040,"[72119649, 78544953, 78544955, 78544965, 78557705, 78557709, 78557711, 79707526, 79707532, 79707760]",[78544959],78544983.0,20260812
Cacna2d1,1,37,0.536978,1295040,"[78544953, 78544955, 78544957, 78544963, 78544965, 78544979, 78557709, 78557711, 79707526, 80409515]",[78544961],78544983.0,20260812
Cacna2d1,1,38,0.5523899,1295040,"[72119649, 78544961, 78544963, 78544979, 78557703, 78557705, 78557709, 79707516, 80409519, 80409521]",[79707760],78544983.0,20260812
Cacna2d1,1,39,0.54815996,1295040,"[78544963, 78557703, 78557709, 78557711, 79707516, 79707530, 79707532, 80409515, 80409517, 80409519]",[78544955],78544983.0,20260812
Cacna2d1,1,40,0.53011006,1295040,"[72119649, 78544955, 78544963, 78544965, 78557703, 78557707, 78557711, 79707516, 79707526, 79707532]",[78544961],78544983.0,20260812
Cacna2d1,1,41,0.64853,1295040,"[78544955, 78544963, 78544965, 78557703, 78557707, 79707516, 79707760, 80409515, 80409517, 80409521]",[78544953],78544983.0,20260812
Cacna2d1,1,42,0.57932323,1295040,"[78544957, 78544963, 78544965, 78544979, 78557705, 78557709, 79707526, 80409515, 80409519, 80409521]",[78557711],78544983.0,20260812
Cacna2d1,1,43,0.7061218,1295040,"[72119649, 78544953, 78544955, 78544981, 78557705, 78557711, 79707516, 79707526, 80409515, 80409521]",[75042246],78544983.0,20260812
Cacna2d1,1,44,0.58889836,1295040,"[78544953, 78544957, 78544959, 78557705, 78557711, 79707530, 79707532, 80409515, 80409517, 80409519]",[72119649],78544983.0,20260812
Cacna2d1,1,45,0.54226494,1295040,"[75042246, 78544953, 78544955, 78544957, 78544979, 78557707, 78557711, 79707516, 80409519, 80409521]",[78544959],78544983.0,20260812
Cacna2d1,1,46,0.53341377,1295040,"[78544953, 78544959, 78544963, 78557703, 78557707, 78557709, 78557711, 79707516, 79707530, 80409519]",[78544961],78544983.0,20260812
Cacna2d1,1,47,0.55056936,1295040,"[75042246, 78544957, 78544959, 78544965, 78544979, 78557711, 79707516, 79707760, 80409515, 80409521]",[78557709],78544983.0,20260812
Cacna2d1,1,48,0.6163149,1295040,"[75042246, 78544955, 78544959, 78544963, 78544981, 78557707, 78557709, 78557711, 79707532, 80409521]",[78544965],78544983.0,20260812
Cacna2d1,1,49,0.56879187,1295040,"[78544953, 78544955, 78544963, 78557703, 78557709, 79707516, 79707526, 79707532, 80409517, 80409521]",[79707760],78544983.0,20260812
Cacna2d1,1,50,0.60528886,1295040,"[72119649, 75042246, 78544953, 78544955, 78544959, 78544961, 78557707, 78557711, 79707760, 80409521]",[79707530],78544983.0,20260812
Cacna2d1,1,51,0.5748277,1295040,"[78544953, 78544955, 78544965, 78544979, 78544981, 78557709, 78557711, 79707530, 79707532, 80409521]",[80409519],78544983.0,20260812
Cacna2d1,1,52,0.5354785,1295040,"[75042246, 78544955, 78544963, 78557707, 78557709, 78557711, 79707516, 79707526, 79707530, 80409519]",[78544961],78544983.0,20260812
Cacna2d1,1,53,0.5656012,1295040,"[72119649, 78544965, 78544981, 78557705, 78557707, 79707526, 79707530, 80409515, 80409517, 80409521]",[79707760],78544983.0,20260812
Cacna2d1,1,54,0.5761494,1295040,"[72119649, 78544953, 78544955, 78544961, 78544979, 78557707, 79707516, 79707526, 79707532, 80409521]",[78557711],78544983.0,20260812
Cacna2d1,1,55,0.42305154,1295040,"[72119649, 78544955, 78544961, 78544963, 78544965, 78557705, 79707516, 79707526, 79707530, 80409519]",[78544957],78544983.0,20260812
Cacna2d1,1,56,0.58382964,1295040,"[72119649, 75042246, 78544959, 78544963, 78557703, 78557707, 78557709, 79707516, 79707530, 79707760]",[80409517],78544983.0,20260812
Cacna2d1,1,57,0.56000465,1295040,"[75042246, 78544955, 78544957, 78544959, 78544981, 78557705, 79707526, 79707530, 79707532, 80409521]",[78544979],78544983.0,20260812
Cacna2d1,1,58,0.63475573,1295040,"[72119649, 75042246, 78544953, 78544957, 78544959, 78544961, 78544981, 79707516, 79707760, 80409517]",[78557703],78544983.0,20260812
Cacna2d1,1,59,0.5446136,1295040,"[75042246, 78544957, 78544961, 78544963, 78544965, 78544979, 79707516, 79707526, 79707532, 80409519]",[78544955],78544983.0,20260812
Cacna2d1,1,60,0.57804894,1295040,"[72119649, 75042246, 78544959, 78544963, 78544965, 78557709, 79707516, 79707526, 79707532, 80409517]",[78544979],78544983.0,20260812
Cacna2d1,1,61,0.71759796,1295040,"[72119649, 78544953, 78544963, 78544965, 78544981, 78557703, 79707516, 79707760, 80409515, 80409517]",[75042246],78544983.0,20260812
Cacna2d1,1,62,0.57462716,1295040,"[78544953, 78544955, 78544957, 78544965, 78557703, 78557705, 78557709, 79707526, 79707532, 80409521]",[80409517],78544983.0,20260812
Cacna2d1,1,63,0.57846916,1295040,"[75042246, 78544953, 78544965, 78544979, 78557705, 78557711, 79707516, 79707530, 79707760, 80409521]",[79707526],78544983.0,20260812
Cacna2d1,1,64,0.62767524,1295040,"[72119649, 78544957, 78544959, 78557705, 78557707, 78557709, 78557711, 79707526, 79707530, 80409517]",[78557703],78544983.0,20260812
Cacna2d1,1,65,0.60103,1295040,"[75042246, 78544961, 78544981, 78557709, 78557711, 79707516, 79707530, 79707532, 80409517, 80409519]",[72119649],78544983.0,20260812
Cacna2d1,1,66,0.6207987,1295040,"[72119649, 78544953, 78544957, 78544979, 78557703, 78557707, 78557709, 79707526, 80409515, 80409517]",[78544965],78544983.0,20260812
Cacna2d1,1,67,0.6224667,1295040,"[75042246, 78544961, 78544963, 78544965, 78557703, 78557705, 79707516, 79707532, 80409517, 80409519]",[72119649],78544983.0,20260812
Cacna2d1,1,68,0.577929,1295040,"[78544955, 78544957, 78544961, 78544963, 78557703, 78557707, 79707532, 79707760, 80409519, 80409521]",[80409517],78544983.0,20260812
Cacna2d1,1,69,0.4293107,1295040,"[75042246, 78544953, 78544955, 78544979, 78544981, 78557707, 79707526, 79707532, 80409515, 80409519]",[78544957],78544983.0,20260812
Cacna2d1,1,70,0.57730734,1295040,"[72119649, 75042246, 78544955, 78544959, 78544961, 78544965, 78544981, 79707516, 79707526, 80409515]",[80409517],78544983.0,20260812
Cacna2d1,1,71,0.41511196,1295040,"[72119649, 78544953, 78544955, 78544979, 78557707, 78557711, 79707526, 79707530, 79707532, 79707760]",[78544957],78544983.0,20260812
Cacna2d1,1,72,0.60729015,1295040,"[78544955, 78557705, 78557707, 78557709, 78557711, 79707530, 80409515, 80409517, 80409519, 80409521]",[78557703],78544983.0,20260812
Cacna2d1,1,73,0.60583353,1295040,"[75042246, 78544953, 78544957, 78544961, 78544979, 78544981, 78557707, 79707516, 80409517, 80409521]",[78544965],78544983.0,20260812
Cacna2d1,1,74,0.57582796,1295040,"[75042246, 78544961, 78544981, 78557703, 78557707, 78557709, 79707532, 79707760, 80409517, 80409519]",[79707526],78544983.0,20260812
Cacna2d1,1,75,0.55522054,1295040,"[72119649, 75042246, 78544955, 78544957, 78557703, 78557705, 79707516, 79707526, 80409515, 80409521]",[80409519],78544983.0,20260812
Cacna2d1,1,76,0.50355244,1295040,"[72119649, 78544961, 78544965, 78557703, 78557705, 78557707, 79707526, 79707530, 79707760, 80409517]",[80409521],78544983.0,20260812
Cacna2d1,1,77,0.5793563,1295040,"[78544953, 78544963, 78544965, 78544981, 78557707, 78557709, 78557711, 79707526, 80409515, 80409521]",[80409517],78544983.0,20260812
Cacna2d1,1,78,0.5554885,1295040,"[78544957, 78544959, 78544965, 78544981, 78557707, 78557711, 79707516, 79707526, 80409515, 80409519]",[78557709],78544983.0,20260812
Cacna2d1,1,79,0.54439425,1295040,"[75042246, 78544957, 78544959, 78544963, 78544965, 78544979, 78557705, 78557709, 79707516, 80409521]",[78544955],78544983.0,20260812
Cacna2d1,1,80,0.5750027,1295040,"[72119649, 75042246, 78544955, 78544961, 78544981, 78557703, 79707516, 79707530, 79707760, 80409519]",[78557705],78544983.0,20260812
Cacna2d1,1,81,0.50713956,1295040,"[72119649, 78544953, 78544955, 78544959, 78544961, 78544979, 78557703, 78557707, 80409517, 80409519]",[80409521],78544983.0,20260812
Cacna2d1,1,82,0.5679834,1295040,"[75042246, 78544955, 78544959, 78544963, 78557709, 79707516, 79707526, 79707532, 79707760, 80409519]",[78544979],78544983.0,20260812
Cacna2d1,1,83,0.61096334,1295040,"[72119649, 75042246, 78544955, 78544979, 78557703, 78557711, 79707516, 79707526, 80409519, 80409521]",[79707530],78544983.0,20260812
Cacna2d1,1,84,0.58204424,1295040,"[78544955, 78544957, 78544959, 78544963, 78544965, 78544979, 78544981, 78557705, 78557709, 79707760]",[78557711],78544983.0,20260812
Cacna2d1,1,85,0.55809855,1295040,"[78544961, 78544965, 78557703, 78557705, 78557707, 78557709, 78557711, 79707516, 80409515, 80409517]",[78544959],78544983.0,20260812
Cacna2d1,1,86,0.51026547,1295040,"[72119649, 75042246, 78544953, 78544955, 78544957, 78544961, 78544979, 78557709, 80409515, 80409519]",[80409521],78544983.0,20260812
Cacna2d1,1,87,0.5664929,1295040,"[78544953, 78544957, 78544979, 78557705, 78557709, 79707516, 79707532, 80409515, 80409517, 80409519]",[79707760],78544983.0,20260812
Cacna2d1,1,88,0.5600904,1295040,"[75042246, 78544957, 78544959, 78544963, 78557703, 78557705, 78557707, 78557711, 79707532, 80409517]",[78557709],78544983.0,20260812
Cacna2d1,1,89,0.42202234,1295040,"[78544953, 78544959, 78544979, 78557711, 79707526, 79707532, 80409515, 80409517, 80409519, 80409521]",[78544957],78544983.0,20260812
Cacna2d1,1,90,0.5433477,1295040,"[78544959, 78544963, 78557703, 78557705, 78557707, 78557709, 78557711, 79707530, 80409515, 80409521]",[78544955],78544983.0,20260812
Cacna2d1,1,91,0.58465767,1295040,"[75042246, 78544957, 78544961, 78544965, 78544979, 78557703, 78557709, 79707516, 80409515, 80409519]",[79707532],78544983.0,20260812
Cacna2d1,1,92,0.41878003,1295040,"[78544953, 78544955, 78544963, 78557707, 78557709, 79707530, 79707532, 79707760, 80409515, 80409517]",[78544957],78544983.0,20260812
Cacna2d1,1,93,0.568081,1295040,"[75042246, 78544953, 78544957, 78544961, 78557711, 79707516, 79707526, 80409517, 80409519, 80409521]",[79707760],78544983.0,20260812
Cacna2d1,1,94,0.5124475,1295040,"[78544955, 78544961, 78544963, 78544979, 78544981, 78557703, 78557709, 79707526, 79707530, 79707532]",[80409521],78544983.0,20260812
Cacna2d1,1,95,0.5602268,1295040,"[75042246, 78544957, 78544959, 78544963, 78544965, 78557703, 78557711, 80409517, 80409519, 80409521]",[79707760],78544983.0,20260812
Cacna2d1,1,96,0.6178578,1295040,"[78544955, 78544957, 78557705, 78557707, 79707516, 79707530, 79707760, 80409517, 80409519, 80409521]",[78544965],78544983.0,20260812
Cacna2d1,1,97,0.58680046,1295040,"[78544953, 78544965, 78544981, 78557703, 78557705, 78557711, 79707526, 79707530, 80409515, 80409517]",[78544979],78544983.0,20260812
Cacna2d1,1,98,0.54933345,1295040,"[78544957, 78544963, 78544979, 78544981, 79707516, 79707526, 79707530, 80409517, 80409519, 80409521]",[78557707],78544983.0,20260812
Cacna2d1,1,99,0.6083529,1295040,"[78544957, 78544959, 78544961, 79707526, 79707530, 79707532, 80409515, 80409517, 80409519, 80409521]",[78557703],78544983.0,20260812
Cacna2d1,2,0,0.68936014,1295040,"[75042246, 78544953, 78544961, 78544963, 78544979, 78557709, 78557711, 79707526, 79707532, 80409515]","[79707760, 80409517]",78544983.0,20260812
Cacna2d1,2,1,0.70758736,1295040,"[78544953, 78544955, 78544981, 78557707, 78557711, 79707530, 79707532, 79707760, 80409517, 80409521]","[78544965, 80409519]",78544983.0,20260812
Cacna2d1,2,2,0.6973313,1295040,"[72119649, 75042246, 78544955, 78544961, 78544963, 78544981, 78557709, 79707760, 80409519, 80409521]","[78544959, 78557703]",78544983.0,20260812
Cacna2d1,2,3,0.6439345,1295040,"[72119649, 78544955, 78544963, 78544965, 78544979, 78557705, 78557709, 79707516, 79707532, 79707760]","[78544961, 80409521]",78544983.0,20260812
Cacna2d1,2,4,0.60640407,1295040,"[72119649, 78544953, 78544955, 78544961, 78544965, 79707516, 79707526, 79707532, 79707760, 80409515]","[78544957, 80409519]",78544983.0,20260812
Cacna2d1,2,5,0.666356,1295040,"[78544953, 78544955, 78544957, 78544959, 78544981, 78557703, 78557705, 78557707, 78557709, 80409515]","[78544961, 80409517]",78544983.0,20260812
Cacna2d1,2,6,0.69929594,1295040,"[75042246, 78544955, 78544957, 78544979, 78557705, 79707516, 79707526, 79707532, 80409515, 80409521]","[78544965, 78557707]",78544983.0,20260812
Cacna2d1,2,7,0.6519351,1295040,"[72119649, 75042246, 78544953, 78544955, 78544959, 78544963, 78557711, 79707516, 79707530, 80409515]","[78557709, 80409521]",78544983.0,20260812
Cacna2d1,2,8,0.69197536,1295040,"[72119649, 78544955, 78544957, 78544959, 78544963, 78544965, 78557707, 78557709, 79707760, 80409521]","[78544981, 78557703]",78544983.0,20260812
Cacna2d1,2,9,0.6630455,1295040,"[78544961, 78544965, 78544979, 78544981, 78557703, 78557707, 78557709, 78557711, 80409515, 80409519]","[78557705, 80409521]",78544983.0,20260812
Cacna2d1,2,10,0.71654296,1295040,"[72119649, 78544957, 78544959, 78544961, 78544963, 78544979, 78557705, 78557709, 79707760, 80409519]","[78557711, 79707516]",78544983.0,20260812
Cacna2d1,2,11,0.6906258,1295040,"[75042246, 78544953, 78544955, 78544961, 78544963, 78544965, 78544981, 78557707, 78557711, 79707532]","[80409515, 80409517]",78544983.0,20260812
Cacna2d1,2,12,0.69882053,1295040,"[75042246, 78544955, 78544957, 78544959, 78544961, 78544963, 78557705, 79707532, 80409519, 80409521]","[78544965, 80409515]",78544983.0,20260812
Cacna2d1,2,13,0.7106364,1295040,"[78544953, 78544955, 78544961, 78544965, 78544979, 78557703, 78557709, 78557711, 80409517, 80409521]","[78544963, 79707526]",78544983.0,20260812
Cacna2d1,2,14,0.70685375,1295040,"[72119649, 78544957, 78544961, 78544979, 78557703, 78557709, 79707516, 79707532, 79707760, 80409515]","[78544965, 79707526]",78544983.0,20260812
Cacna2d1,2,15,0.7192583,1295040,"[72119649, 75042246, 78544961, 78544965, 78544979, 78544981, 78557709, 79707516, 80409515, 80409521]","[78544953, 80409519]",78544983.0,20260812
Cacna2d1,2,16,0.6912889,1295040,"[72119649, 78544953, 78544957, 78557707, 78557709, 78557711, 79707516, 79707532, 79707760, 80409519]","[78544963, 80409521]",78544983.0,20260812
Cacna2d1,2,17,0.6910857,1295040,"[75042246, 78544953, 78544957, 78544979, 78544981, 78557705, 78557707, 79707516, 79707532, 79707760]","[72119649, 80409519]",78544983.0,20260812
Cacna2d1,2,18,0.6578359,1295040,"[72119649, 75042246, 78544957, 78544963, 78544981, 78557711, 79707526, 79707760, 80409517, 80409519]","[78544979, 80409521]",78544983.0,20260812
Cacna2d1,2,19,0.6631104,1295040,"[72119649, 78544953, 78544955, 78544961, 78544963, 78544979, 78557707, 79707516, 79707526, 80409519]","[78557711, 80409521]",78544983.0,20260812
Cacna2d1,2,20,0.6613351,1295040,"[78544955, 78544957, 78544961, 78544965, 78544979, 78544981, 78557705, 78557711, 80409515, 80409517]","[79707532, 80409521]",78544983.0,20260812
Cacna2d1,2,21,0.6225263,1295040,"[72119649, 78544963, 78544965, 78557703, 78557707, 78557709, 79707516, 79707530, 80409515, 80409517]","[78544955, 78544981]",78544983.0,20260812
Cacna2d1,2,22,0.69051063,1295040,"[72119649, 78544955, 78544959, 78544963, 78544965, 78544981, 78557705, 79707530, 79707532, 80409521]","[78544979, 80409515]",78544983.0,20260812
Cacna2d1,2,23,0.65475756,1295040,"[72119649, 78544953, 78544955, 78544957, 78544963, 78544965, 79707530, 80409515, 80409517, 80409519]","[78544979, 78544981]",78544983.0,20260812
Cacna2d1,2,24,0.7146734,1295040,"[78544959, 78544963, 78544965, 78544979, 78557711, 79707516, 79707760, 80409517, 80409519, 80409521]","[79707530, 79707532]",78544983.0,20260812
Cacna2d1,2,25,0.6604674,1295040,"[78544957, 78544961, 78544965, 78544979, 78557705, 78557709, 79707516, 79707526, 79707530, 79707532]","[80409517, 80409521]",78544983.0,20260812
Cacna2d1,2,26,0.62759316,1295040,"[75042246, 78544955, 78544957, 78544963, 78544979, 78557707, 79707530, 79707760, 80409517, 80409519]","[78544959, 78544981]",78544983.0,20260812
Cacna2d1,2,27,0.6860409,1295040,"[72119649, 78544953, 78544959, 78544963, 78557703, 78557705, 78557709, 79707516, 79707526, 80409519]","[78544955, 79707530]",78544983.0,20260812
Cacna2d1,2,28,0.7003962,1295040,"[72119649, 78544959, 78544963, 78557709, 79707516, 79707532, 80409515, 80409517, 80409519, 80409521]","[78557705, 79707530]",78544983.0,20260812
Cacna2d1,2,29,0.67970014,1295040,"[75042246, 78544957, 78544959, 78544963, 78544965, 78557703, 78557705, 78557709, 79707526, 79707760]","[78544955, 80409515]",78544983.0,20260812
Cacna2d1,2,30,0.68830985,1295040,"[72119649, 75042246, 78544953, 78544955, 78544961, 78557711, 79707526, 79707532, 79707760, 80409519]","[78557709, 80409515]",78544983.0,20260812
Cacna2d1,2,31,0.7093247,1295040,"[78544955, 78544957, 78544961, 78557707, 78557709, 79707526, 80409515, 80409517, 80409519, 80409521]","[78544963, 79707530]",78544983.0,20260812
Cacna2d1,2,32,0.70944893,1295040,"[78544959, 78544961, 78544963, 78544979, 78544981, 78557703, 78557709, 78557711, 79707530, 79707532]","[78544965, 80409517]",78544983.0,20260812
Cacna2d1,2,33,0.5624877,1295040,"[78544959, 78544963, 78544965, 78557703, 78557707, 78557709, 78557711, 79707526, 80409515, 80409517]","[78544957, 78544981]",78544983.0,20260812
Cacna2d1,2,34,0.6960896,1295040,"[72119649, 78544953, 78544955, 78544957, 78544963, 78544979, 78557705, 78557709, 78557711, 79707760]","[79707526, 80409515]",78544983.0,20260812
Cacna2d1,2,35,0.66958696,1295040,"[75042246, 78544953, 78544959, 78544963, 78557711, 79707526, 79707532, 79707760, 80409517, 80409521]","[78557707, 79707530]",78544983.0,20260812
Cacna2d1,2,36,0.67938197,1295040,"[78544957, 78544959, 78544963, 78544965, 78544979, 78557703, 78557705, 78557709, 79707530, 79707532]","[78544981, 79707516]",78544983.0,20260812
Cacna2d1,2,37,0.6116629,1295040,"[75042246, 78544961, 78544963, 78557705, 78557707, 79707526, 79707530, 79707760, 80409517, 80409521]","[78544957, 80409519]",78544983.0,20260812
Cacna2d1,2,38,0.67699105,1295040,"[75042246, 78544955, 78544957, 78544961, 78544963, 78544981, 79707526, 79707530, 80409517, 80409521]","[78544959, 78557711]",78544983.0,20260812
Cacna2d1,2,39,0.7188264,1295040,"[75042246, 78544953, 78544955, 78544957, 78544961, 78544979, 78557705, 78557707, 78557709, 79707530]","[72119649, 78557703]",78544983.0,20260812
Cacna2d1,2,40,0.73695755,1295040,"[72119649, 75042246, 78557703, 78557711, 79707516, 79707532, 79707760, 80409517, 80409519, 80409521]","[78544963, 79707530]",78544983.0,20260812
Cacna2d1,2,41,0.69551086,1295040,"[78544953, 78544957, 78544959, 78544981, 78557707, 78557709, 78557711, 79707532, 79707760, 80409519]","[78557703, 80409517]",78544983.0,20260812
Cacna2d1,2,42,0.6670333,1295040,"[78544955, 78544957, 78544959, 78544961, 78544963, 78557703, 79707516, 79707532, 80409517, 80409519]","[78544979, 78557707]",78544983.0,20260812
Cacna2d1,2,43,0.7086345,1295040,"[75042246, 78544953, 78544959, 78544961, 78544979, 78557705, 78557707, 79707526, 79707532, 80409515]","[78544965, 79707760]",78544983.0,20260812
Cacna2d1,2,44,0.70961595,1295040,"[75042246, 78544959, 78544961, 78557703, 78557705, 79707516, 79707532, 80409515, 80409517, 80409519]","[72119649, 78544979]",78544983.0,20260812
Cacna2d1,2,45,0.6870111,1295040,"[72119649, 78544955, 78544957, 78544965, 78557703, 78557705, 78557707, 78557711, 80409515, 80409521]","[78544979, 79707532]",78544983.0,20260812
Cacna2d1,2,46,0.7127148,1295040,"[78544957, 78544961, 78544963, 78544965, 78557703, 78557707, 78557711, 79707526, 79707760, 80409521]","[78544953, 78544959]",78544983.0,20260812
Cacna2d1,2,47,0.72688985,1295040,"[75042246, 78544955, 78544963, 78544965, 78544981, 79707526, 79707530, 80409515, 80409517, 80409519]","[78557703, 78557711]",78544983.0,20260812
Cacna2d1,2,48,0.65809655,1295040,"[72119649, 75042246, 78544953, 78544955, 78557705, 78557709, 79707760, 80409515, 80409517, 80409521]","[78544981, 79707532]",78544983.0,20260812
Cacna2d1,2,49,0.67625237,1295040,"[75042246, 78544953, 78544957, 78544961, 78544963, 78544965, 78544979, 79707516, 79707760, 80409519]","[78544955, 78557705]",78544983.0,20260812
Cacna2d1,2,50,0.6803168,1295040,"[78544959, 78544961, 78544981, 78557703, 78557705, 78557709, 79707526, 79707532, 80409517, 80409519]","[78544963, 80409521]",78544983.0,20260812
Cacna2d1,2,51,0.70865166,1295040,"[75042246, 78544961, 78544979, 78544981, 78557705, 78557709, 78557711, 79707526, 79707532, 80409515]","[78544959, 78544965]",78544983.0,20260812
Cacna2d1,2,52,0.6938634,1295040,"[78544953, 78544955, 78544957, 78544961, 78544963, 78557711, 79707516, 79707530, 79707532, 80409519]","[78544965, 78557707]",78544983.0,20260812
Cacna2d1,2,53,0.7019609,1295040,"[78544957, 78544959, 78544965, 78544979, 78557705, 78557709, 78557711, 79707532, 79707760, 80409517]","[75042246, 78557707]",78544983.0,20260812
Cacna2d1,2,54,0.6881522,1295040,"[72119649, 75042246, 78544955, 78544961, 78544979, 78557703, 78557705, 78557709, 79707516, 80409519]","[78557707, 79707532]",78544983.0,20260812
Cacna2d1,2,55,0.6979671,1295040,"[75042246, 78544953, 78544955, 78544961, 78544979, 78544981, 78557703, 78557705, 79707516, 79707760]","[79707532, 80409515]",78544983.0,20260812
Cacna2d1,2,56,0.7390523,1295040,"[78544959, 78544965, 78544979, 78544981, 78557703, 78557707, 78557709, 78557711, 79707516, 79707526]","[78544953, 79707530]",78544983.0,20260812
Cacna2d1,2,57,0.6283128,1295040,"[78544957, 78544963, 78557703, 78557705, 78557711, 79707530, 79707532, 79707760, 80409515, 80409517]","[78544955, 78544981]",78544983.0,20260812
Cacna2d1,2,58,0.63354206,1295040,"[75042246, 78544959, 78544961, 78544963, 78557705, 78557711, 79707760, 80409517, 80409519, 80409521]","[78544957, 80409515]",78544983.0,20260812
Cacna2d1,2,59,0.6217085,1295040,"[75042246, 78544955, 78544959, 78544961, 78544963, 78557705, 79707516, 79707526, 79707532, 80409519]","[78544957, 80409517]",78544983.0,20260812
Cacna2d1,2,60,0.7054322,1295040,"[78544955, 78544959, 78544981, 78557703, 78557705, 78557711, 79707526, 79707530, 79707532, 80409521]","[78544965, 78544979]",78544983.0,20260812
Cacna2d1,2,61,0.6897789,1295040,"[72119649, 78544957, 78544959, 78544961, 78544981, 78557705, 78557707, 78557711, 79707526, 79707530]","[78544953, 78544963]",78544983.0,20260812
Cacna2d1,2,62,0.6561267,1295040,"[72119649, 78544953, 78544957, 78544963, 78544965, 78557711, 79707530, 79707532, 80409517, 80409519]","[78544955, 80409521]",78544983.0,20260812
Cacna2d1,2,63,0.67863274,1295040,"[78544959, 78544979, 78544981, 78557703, 78557707, 78557709, 78557711, 79707526, 79707530, 79707760]","[78544965, 80409521]",78544983.0,20260812
Cacna2d1,2,64,0.67084694,1295040,"[72119649, 75042246, 78544957, 78544963, 78544979, 78557707, 78557709, 78557711, 79707516, 80409519]","[78544959, 80409515]",78544983.0,20260812
Cacna2d1,2,65,0.677989,1295040,"[78544953, 78544961, 78544963, 78544981, 78557703, 78557709, 79707516, 79707532, 80409515, 80409521]","[78544959, 79707526]",78544983.0,20260812
Cacna2d1,2,66,0.6869823,1295040,"[78544953, 78544955, 78544957, 78544961, 78544963, 78544979, 78544981, 79707516, 79707760, 80409519]","[75042246, 80409521]",78544983.0,20260812
Cacna2d1,2,67,0.70862436,1295040,"[75042246, 78544953, 78544959, 78544965, 78544979, 78544981, 78557703, 78557711, 79707516, 80409517]","[79707530, 79707532]",78544983.0,20260812
Cacna2d1,2,68,0.6895471,1295040,"[78544953, 78544955, 78544957, 78544959, 78544965, 78557705, 78557707, 78557709, 79707530, 80409521]","[78544961, 79707516]",78544983.0,20260812
Cacna2d1,2,69,0.70756125,1295040,"[72119649, 78544961, 78544981, 78557705, 79707526, 79707530, 79707532, 79707760, 80409515, 80409519]","[78544953, 80409517]",78544983.0,20260812
Cacna2d1,2,70,0.7005465,1295040,"[75042246, 78544953, 78544955, 78544957, 78544965, 78544981, 78557703, 78557707, 79707530, 79707532]","[78544979, 78557705]",78544983.0,20260812
Cacna2d1,2,71,0.6854795,1295040,"[78544979, 78544981, 78557709, 78557711, 79707526, 79707532, 79707760, 80409517, 80409519, 80409521]","[72119649, 78544965]",78544983.0,20260812
Cacna2d1,2,72,0.6775173,1295040,"[72119649, 78544953, 78544957, 78544959, 78544963, 78544979, 78557703, 78557711, 79707516, 80409517]","[78544961, 80409515]",78544983.0,20260812
Cacna2d1,2,73,0.6833435,1295040,"[72119649, 75042246, 78544953, 78544957, 78544981, 78557705, 78557711, 79707530, 79707760, 80409519]","[78544961, 79707532]",78544983.0,20260812
Cacna2d1,2,74,0.6722325,1295040,"[72119649, 78544953, 78544957, 78544959, 78544979, 78544981, 78557709, 79707516, 80409515, 80409519]","[78544961, 78557711]",78544983.0,20260812
Cacna2d1,2,75,0.68311787,1295040,"[78544957, 78544959, 78544961, 78544963, 78544979, 78557705, 78557711, 79707530, 80409519, 80409521]","[78557709, 79707526]",78544983.0,20260812
Cacna2d1,2,76,0.67454606,1295040,"[72119649, 78544957, 78544959, 78544961, 78544963, 78544981, 78557705, 78557709, 79707526, 79707532]","[79707760, 80409515]",78544983.0,20260812
Cacna2d1,2,77,0.7112576,1295040,"[72119649, 78544959, 78544961, 78544965, 78544979, 78557705, 79707530, 80409515, 80409519, 80409521]","[78544955, 79707516]",78544983.0,20260812
Cacna2d1,2,78,0.72637343,1295040,"[75042246, 78544957, 78544959, 78544961, 78544963, 78544979, 78557703, 78557711, 79707760, 80409519]","[78544953, 79707526]",78544983.0,20260812
Cacna2d1,2,79,0.6383866,1295040,"[78544959, 78544961, 78544965, 78544979, 78557703, 78557705, 78557711, 79707526, 79707530, 80409515]","[80409519, 80409521]",78544983.0,20260812
Cacna2d1,2,80,0.6929032,1295040,"[72119649, 78544953, 78544963, 78557703, 78557705, 78557707, 78557709, 79707516, 79707532, 80409519]","[78544965, 79707760]",78544983.0,20260812
Cacna2d1,2,81,0.6689204,1295040,"[72119649, 78544957, 78544961, 78544963, 78544965, 78544981, 79707516, 79707532, 79707760, 80409519]","[78557707, 80409515]",78544983.0,20260812
Cacna2d1,2,82,0.7233906,1295040,"[72119649, 78544961, 78557705, 78557707, 78557711, 79707516, 79707760, 80409515, 80409519, 80409521]","[78544965, 78557703]",78544983.0,20260812
Cacna2d1,2,83,0.6966784,1295040,"[78544955, 78544959, 78544961, 78544963, 78544979, 78557705, 78557711, 79707526, 79707760, 80409519]","[72119649, 79707516]",78544983.0,20260812
Cacna2d1,2,84,0.7039167,1295040,"[75042246, 78544955, 78544961, 78544963, 78544965, 78544979, 78557705, 78557709, 78557711, 79707526]","[79707530, 80409515]",78544983.0,20260812
Cacna2d1,2,85,0.69170487,1295040,"[75042246, 78544963, 78544965, 78544981, 78557709, 78557711, 79707526, 79707760, 80409517, 80409519]","[78544961, 78557703]",78544983.0,20260812
Cacna2d1,2,86,0.72778094,1295040,"[75042246, 78544953, 78544955, 78544965, 78544981, 79707516, 79707526, 79707530, 79707532, 80409519]","[72119649, 78544963]",78544983.0,20260812
Cacna2d1,2,87,0.67680264,1295040,"[72119649, 78544957, 78544959, 78544979, 78557703, 78557705, 78557707, 79707516, 79707526, 80409519]","[78544955, 80409515]",78544983.0,20260812
Cacna2d1,2,88,0.61918116,1295040,"[78544953, 78544959, 78544961, 78544963, 78544965, 78557711, 79707526, 79707530, 79707532, 80409519]","[78544957, 78557709]",78544983.0,20260812
Cacna2d1,2,89,0.63523304,1295040,"[78544953, 78544963, 78544981, 78557703, 78557707, 79707516, 79707526, 79707530, 79707760, 80409517]","[80409519, 80409521]",78544983.0,20260812
Cacna2d1,2,90,0.6651918,1295040,"[78544957, 78544959, 78544979, 78557703, 78557705, 78557711, 79707526, 79707532, 80409517, 80409519]","[78544961, 78557707]",78544983.0,20260812
Cacna2d1,2,91,0.68929344,1295040,"[72119649, 78544953, 78544957, 78544981, 78557705, 78557707, 79707516, 79707760, 80409515, 80409517]","[79707526, 79707532]",78544983.0,20260812
Cacna2d1,2,92,0.63329834,1295040,"[78544965, 78544979, 78544981, 78557705, 78557711, 79707516, 79707530, 80409515, 80409517, 80409519]","[78544957, 78544963]",78544983.0,20260812
Cacna2d1,2,93,0.71400046,1295040,"[72119649, 78544963, 78544965, 78544981, 78557709, 78557711, 79707516, 79707532, 80409515, 80409519]","[75042246, 78557707]",78544983.0,20260812
Cacna2d1,2,94,0.6570126,1295040,"[78544953, 78544959, 78544961, 78544963, 78544979, 78557703, 79707516, 79707530, 79707532, 80409519]","[78557707, 80409521]",78544983.0,20260812
Cacna2d1,2,95,0.6655583,1295040,"[78544957, 78544961, 78544981, 78557707, 78557709, 78557711, 79707516, 79707530, 79707532, 80409517]","[78544955, 79707760]",78544983.0,20260812
Cacna2d1,2,96,0.6683672,1295040,"[72119649, 78544953, 78544955, 78544957, 78544959, 78544963, 78557703, 78557705, 79707760, 80409521]","[78544979, 78557707]",78544983.0,20260812
Cacna2d1,2,97,0.65456355,1295040,"[78544963, 78544965, 78544979, 78544981, 78557703, 78557707, 79707516, 79707760, 80409519, 80409521]","[75042246, 78544957]",78544983.0,20260812
Cacna2d1,2,98,0.66601944,1295040,"[78544953, 78544957, 78544959, 78544963, 78544965, 78544981, 78557711, 79707532, 80409517, 80409519]","[78557705, 78557707]",78544983.0,20260812
Cacna2d1,2,99,0.7133353,1295040,"[78544955, 78544957, 78544959, 78544961, 78544963, 78544979, 78557703, 78557705, 78557709, 79707760]","[79707516, 79707526]",78544983.0,20260812
Cacna2d1,3,0,0.7601663,1295040,"[78544957, 78544959, 78544965, 78557703, 78557705, 79707516, 79707526, 79707760, 80409517, 80409519]","[72119649, 75042246, 78557707]",78544983.0,20260812
Cacna2d1,3,1,0.7613236,1295040,"[72119649, 75042246, 78544955, 78544961, 78544963, 78544979, 78557707, 79707532, 80409515, 80409519]","[78544959, 78557703, 78557709]",78544983.0,20260812
Cacna2d1,3,2,0.7375492,1295040,"[78544953, 78544957, 78544963, 78544965, 78544979, 78557705, 78557711, 79707532, 80409517, 80409521]","[78544955, 78544961, 80409515]",78544983.0,20260812
Cacna2d1,3,3,0.73028386,1295040,"[72119649, 78544957, 78544959, 78544979, 78557703, 78557707, 78557709, 79707516, 79707760, 80409519]","[78544953, 78544961, 78544981]",78544983.0,20260812
Cacna2d1,3,4,0.7381692,1295040,"[78544953, 78544955, 78544957, 78544959, 78544965, 78557703, 78557705, 79707526, 79707532, 80409517]","[78557707, 79707516, 80409521]",78544983.0,20260812
Cacna2d1,3,5,0.71022743,1295040,"[75042246, 78544955, 78544959, 78544961, 78544963, 79707516, 79707530, 79707532, 80409515, 80409519]","[78544957, 78557705, 78557707]",78544983.0,20260812
Cacna2d1,3,6,0.6720442,1295040,"[75042246, 78544953, 78544955, 78544959, 78544979, 78557703, 78557707, 78557711, 79707516, 80409519]","[78544957, 78544981, 80409517]",78544983.0,20260812
Cacna2d1,3,7,0.7551068,1295040,"[75042246, 78544953, 78544957, 78544965, 78544981, 78557709, 79707516, 79707526, 79707530, 79707532]","[72119649, 78544979, 80409515]",78544983.0,20260812
Cacna2d1,3,8,0.7256829,1295040,"[75042246, 78544957, 78544961, 78544963, 78544965, 78557703, 78557709, 78557711, 79707760, 80409519]","[78544981, 78557705, 79707526]",78544983.0,20260812
Cacna2d1,3,9,0.7377343,1295040,"[78544953, 78544955, 78544979, 78557703, 78557707, 78557709, 79707526, 79707532, 80409517, 80409519]","[78544961, 79707516, 80409521]",78544983.0,20260812
Cacna2d1,3,10,0.7691864,1295040,"[72119649, 78544953, 78544959, 78544961, 78557703, 78557705, 78557707, 78557711, 79707526, 79707532]","[75042246, 78544979, 79707760]",78544983.0,20260812
Cacna2d1,3,11,0.7360995,1295040,"[72119649, 75042246, 78544953, 78544959, 78544963, 78544979, 78544981, 78557703, 78557705, 78557711]","[78557707, 79707760, 80409515]",78544983.0,20260812
Cacna2d1,3,12,0.7540878,1295040,"[78544953, 78544957, 78544959, 78557703, 78557707, 78557709, 78557711, 79707532, 80409515, 80409517]","[75042246, 79707516, 80409521]",78544983.0,20260812
Cacna2d1,3,13,0.7743053,1295040,"[75042246, 78544953, 78544955, 78544959, 78544961, 78544965, 78557703, 78557705, 79707526, 80409515]","[72119649, 78544963, 78544979]",78544983.0,20260812
Cacna2d1,3,14,0.75263023,1295040,"[78544953, 78544955, 78544957, 78544963, 78557705, 78557709, 78557711, 79707530, 79707760, 80409521]","[72119649, 80409515, 80409519]",78544983.0,20260812
Cacna2d1,3,15,0.76362467,1295040,"[72119649, 75042246, 78544953, 78544961, 78544965, 78544979, 79707526, 79707532, 79707760, 80409519]","[78544963, 78557703, 80409521]",78544983.0,20260812
Cacna2d1,3,16,0.73571527,1295040,"[78544957, 78544959, 78544961, 78544979, 78544981, 78557705, 78557707, 79707760, 80409515, 80409519]","[78544965, 79707526, 80409521]",78544983.0,20260812
Cacna2d1,3,17,0.70851725,1295040,"[72119649, 75042246, 78544955, 78557705, 78557707, 79707516, 79707532, 80409517, 80409519, 80409521]","[78544957, 78557711, 79707760]",78544983.0,20260812
Cacna2d1,3,18,0.73728305,1295040,"[75042246, 78544953, 78544957, 78544963, 78544979, 78557711, 79707526, 79707530, 79707760, 80409519]","[72119649, 78544965, 78544981]",78544983.0,20260812
Cacna2d1,3,19,0.7247571,1295040,"[72119649, 75042246, 78544957, 78544965, 78544979, 78557705, 78557707, 78557711, 79707530, 80409515]","[78544961, 78557709, 79707532]",78544983.0,20260812
Cacna2d1,3,20,0.7084799,1295040,"[78544953, 78544979, 78544981, 78557703, 78557707, 78557711, 79707516, 79707526, 79707760, 80409517]","[72119649, 78544957, 78544961]",78544983.0,20260812
Cacna2d1,3,21,0.7677725,1295040,"[72119649, 78544957, 78544961, 78544963, 78544965, 78557705, 79707760, 80409515, 80409517, 80409521]","[78544953, 78557703, 78557707]",78544983.0,20260812
Cacna2d1,3,22,0.75741655,1295040,"[72119649, 78544961, 78544965, 78557703, 78557707, 78557709, 78557711, 79707530, 80409515, 80409521]","[75042246, 78544959, 80409519]",78544983.0,20260812
Cacna2d1,3,23,0.7748705,1295040,"[72119649, 78544953, 78544959, 78544961, 78544979, 78557703, 79707516, 79707532, 79707760, 80409515]","[78544963, 78544965, 78557711]",78544983.0,20260812
Cacna2d1,3,24,0.7384585,1295040,"[72119649, 78544957, 78544979, 78544981, 78557705, 78557709, 79707516, 79707526, 79707530, 80409521]","[78544959, 78544965, 79707760]",78544983.0,20260812
Cacna2d1,3,25,0.7291024,1295040,"[78544953, 78544955, 78544957, 78557705, 78557707, 79707516, 79707530, 79707760, 80409517, 80409519]","[78544959, 79707526, 79707532]",78544983.0,20260812
Cacna2d1,3,26,0.71057904,1295040,"[75042246, 78544959, 78544963, 78544979, 78557703, 78557709, 78557711, 79707532, 80409519, 80409521]","[78544957, 78557707, 80409515]",78544983.0,20260812
Cacna2d1,3,27,0.77019835,1295040,"[75042246, 78544953, 78544955, 78544961, 78544981, 78557707, 79707526, 79707532, 79707760, 80409515]","[78544959, 78544963, 79707530]",78544983.0,20260812
Cacna2d1,3,28,0.76701796,1295040,"[72119649, 75042246, 78544955, 78544957, 78544961, 78557703, 78557709, 79707530, 80409515, 80409519]","[78544979, 78557705, 79707516]",78544983.0,20260812
Cacna2d1,3,29,0.7748401,1295040,"[75042246, 78544955, 78544965, 78544979, 78544981, 78557703, 79707526, 79707760, 80409515, 80409519]","[78544953, 79707516, 79707530]",78544983.0,20260812
Cacna2d1,3,30,0.73409426,1295040,"[72119649, 75042246, 78544959, 78544965, 78544981, 78557707, 79707526, 79707530, 80409515, 80409521]","[78544955, 78557711, 79707760]",78544983.0,20260812
Cacna2d1,3,31,0.7463933,1295040,"[75042246, 78544953, 78544957, 78544965, 78544979, 78544981, 78557703, 78557707, 79707526, 79707760]","[78544959, 78557705, 79707530]",78544983.0,20260812
Cacna2d1,3,32,0.7584968,1295040,"[75042246, 78544959, 78544961, 78544979, 78557703, 78557707, 79707760, 80409515, 80409517, 80409519]","[78544965, 78557709, 79707532]",78544983.0,20260812
Cacna2d1,3,33,0.7366237,1295040,"[72119649, 75042246, 78544961, 78544979, 78544981, 78557703, 79707516, 79707532, 79707760, 80409517]","[78544953, 80409519, 80409521]",78544983.0,20260812
Cacna2d1,3,34,0.7829627,1295040,"[78544953, 78544959, 78544961, 78557703, 78557707, 78557709, 78557711, 79707516, 79707526, 79707532]","[75042246, 78544963, 80409519]",78544983.0,20260812
Cacna2d1,3,35,0.75448626,1295040,"[75042246, 78544963, 78544979, 78557703, 78557705, 78557707, 78557709, 78557711, 79707526, 80409519]","[78544953, 78544957, 78544965]",78544983.0,20260812
Cacna2d1,3,36,0.7497799,1295040,"[75042246, 78544957, 78544959, 78544963, 78557705, 79707516, 79707532, 80409515, 80409519, 80409521]","[78544953, 78544979, 78544981]",78544983.0,20260812
Cacna2d1,3,37,0.7297294,1295040,"[78544957, 78544959, 78544961, 78544979, 78544981, 78557707, 78557709, 79707526, 79707532, 80409515]","[72119649, 78544955, 78544963]",78544983.0,20260812
Cacna2d1,3,38,0.73027706,1295040,"[72119649, 75042246, 78544959, 78544963, 78544981, 78557707, 78557709, 79707516, 79707532, 80409521]","[78544979, 79707760, 80409517]",78544983.0,20260812
Cacna2d1,3,39,0.74425304,1295040,"[78544961, 78544963, 78544979, 78557703, 78557711, 79707516, 79707530, 79707532, 79707760, 80409515]","[72119649, 80409517, 80409521]",78544983.0,20260812
Cacna2d1,3,40,0.7280984,1295040,"[78544953, 78544959, 78544963, 78544979, 78544981, 78557703, 78557711, 79707526, 79707530, 79707760]","[78544961, 80409515, 80409521]",78544983.0,20260812
Cacna2d1,3,41,0.7797437,1295040,"[78544953, 78544955, 78544957, 78544959, 78544961, 78544979, 78557705, 78557709, 80409517, 80409519]","[75042246, 78544963, 78544965]",78544983.0,20260812
Cacna2d1,3,42,0.724941,1295040,"[75042246, 78544953, 78544955, 78544961, 78557703, 78557705, 79707516, 79707526, 79707760, 80409517]","[78544979, 78544981, 80409515]",78544983.0,20260812
Cacna2d1,3,43,0.7424201,1295040,"[72119649, 78544953, 78544955, 78544957, 78544959, 78544965, 78557709, 78557711, 79707530, 80409517]","[78544961, 78557705, 80409519]",78544983.0,20260812
Cacna2d1,3,44,0.7627555,1295040,"[75042246, 78544959, 78544961, 78544965, 78544979, 78557703, 78557705, 78557711, 79707516, 79707760]","[79707526, 79707532, 80409515]",78544983.0,20260812
Cacna2d1,3,45,0.7968558,1295040,"[78544953, 78544955, 78544957, 78544959, 78544965, 78544979, 78557707, 79707516, 79707526, 80409517]","[75042246, 78544963, 79707530]",78544983.0,20260812
Cacna2d1,3,46,0.744142,1295040,"[72119649, 78544957, 78544959, 78544979, 78544981, 78557703, 79707516, 79707526, 79707530, 80409521]","[78557705, 78557711, 80409517]",78544983.0,20260812
Cacna2d1,3,47,0.75854695,1295040,"[78544953, 78544959, 78544963, 78544965, 78544981, 79707530, 79707532, 79707760, 80409515, 80409519]","[75042246, 78544979, 80409521]",78544983.0,20260812
Cacna2d1,3,48,0.74382055,1295040,"[75042246, 78544953, 78544955, 78544959, 78544965, 78557703, 78557709, 78557711, 79707516, 80409521]","[78557707, 80409515, 80409519]",78544983.0,20260812
Cacna2d1,3,49,0.7370559,1295040,"[72119649, 78544959, 78544961, 78544965, 78557709, 79707516, 79707530, 79707532, 80409517, 80409519]","[78544981, 78557705, 78557711]",78544983.0,20260812
Cacna2d1,3,50,0.6866704,1295040,"[78544953, 78544955, 78544959, 78544963, 78544979, 78557703, 78557711, 79707516, 79707530, 80409519]","[78544957, 78544961, 79707526]",78544983.0,20260812
Cacna2d1,3,51,0.76019025,1295040,"[78544953, 78544961, 78544965, 78544979, 78557707, 79707526, 79707532, 80409517, 80409519, 80409521]","[78544955, 78557703, 79707760]",78544983.0,20260812
Cacna2d1,3,52,0.75605786,1295040,"[75042246, 78544953, 78544965, 78544981, 78557709, 78557711, 79707760, 80409517, 80409519, 80409521]","[78544963, 78557703, 79707526]",78544983.0,20260812
Cacna2d1,3,53,0.7410191,1295040,"[78544953, 78544955, 78544957, 78544961, 78544963, 78557711, 79707526, 79707532, 80409517, 80409521]","[78544965, 78557707, 80409519]",78544983.0,20260812
Cacna2d1,3,54,0.74391127,1295040,"[75042246, 78544963, 78544979, 78557705, 78557707, 78557711, 79707516, 80409515, 80409517, 80409519]","[78544957, 78544965, 79707530]",78544983.0,20260812
Cacna2d1,3,55,0.7641328,1295040,"[75042246, 78544959, 78544961, 78544963, 78544965, 78544981, 78557711, 79707526, 79707532, 80409515]","[72119649, 78544953, 78557703]",78544983.0,20260812
Cacna2d1,3,56,0.7657979,1295040,"[72119649, 75042246, 78544955, 78544981, 78557703, 78557709, 79707526, 79707530, 79707532, 80409517]","[78557705, 79707516, 80409519]",78544983.0,20260812
Cacna2d1,3,57,0.7314478,1295040,"[75042246, 78544957, 78544959, 78544981, 78557707, 78557709, 79707526, 79707532, 80409519, 80409521]","[78544955, 78544979, 79707516]",78544983.0,20260812
Cacna2d1,3,58,0.73950994,1295040,"[78544957, 78544959, 78544961, 78544963, 78544981, 78557703, 78557705, 79707516, 79707532, 80409519]","[78557709, 79707760, 80409515]",78544983.0,20260812
Cacna2d1,3,59,0.75336015,1295040,"[75042246, 78544955, 78544959, 78544961, 78544965, 78544979, 78557707, 80409517, 80409519, 80409521]","[78557705, 79707526, 80409515]",78544983.0,20260812
Cacna2d1,3,60,0.7459085,1295040,"[72119649, 78544957, 78544959, 78544963, 78544981, 78557703, 78557707, 79707526, 79707530, 80409519]","[78544965, 78544979, 79707760]",78544983.0,20260812
Cacna2d1,3,61,0.76713574,1295040,"[72119649, 75042246, 78544953, 78544955, 78544957, 78544963, 78544979, 79707516, 79707532, 80409519]","[78557703, 78557707, 79707530]",78544983.0,20260812
Cacna2d1,3,62,0.73247075,1295040,"[78544961, 78544963, 78557703, 78557705, 78557707, 78557711, 79707516, 79707526, 79707532, 79707760]","[78544957, 78544959, 79707530]",78544983.0,20260812
Cacna2d1,3,63,0.7181872,1295040,"[72119649, 75042246, 78544959, 78544961, 78544963, 78544965, 79707526, 79707530, 79707760, 80409517]","[78544981, 78557709, 80409515]",78544983.0,20260812
Cacna2d1,3,64,0.7537762,1295040,"[75042246, 78544959, 78544979, 78544981, 78557703, 78557707, 78557709, 79707516, 80409517, 80409521]","[78544955, 78544963, 79707526]",78544983.0,20260812
Cacna2d1,3,65,0.74523854,1295040,"[78544955, 78544961, 78557703, 78557705, 79707526, 79707530, 79707760, 80409517, 80409519, 80409521]","[72119649, 78544963, 78557709]",78544983.0,20260812
Cacna2d1,3,66,0.7209031,1295040,"[75042246, 78544961, 78557703, 78557707, 78557711, 79707516, 79707532, 79707760, 80409515, 80409521]","[78544957, 78544963, 80409517]",78544983.0,20260812
Cacna2d1,3,67,0.7522233,1295040,"[72119649, 78544955, 78544957, 78544963, 78544981, 78557707, 78557711, 79707530, 79707532, 80409519]","[78544965, 78557709, 79707760]",78544983.0,20260812
Cacna2d1,3,68,0.74642664,1295040,"[72119649, 78544955, 78544957, 78544965, 78544981, 79707516, 79707526, 79707532, 80409515, 80409519]","[78557705, 78557711, 80409517]",78544983.0,20260812
Cacna2d1,3,69,0.76563483,1295040,"[72119649, 78544963, 78544979, 78557703, 78557707, 78557711, 79707530, 79707532, 80409515, 80409521]","[78557705, 79707516, 80409519]",78544983.0,20260812
Cacna2d1,3,70,0.7622253,1295040,"[72119649, 78544955, 78544959, 78544965, 78544979, 78557705, 78557707, 79707526, 80409519, 80409521]","[75042246, 79707530, 79707760]",78544983.0,20260812
Cacna2d1,3,71,0.7722491,1295040,"[78544953, 78544959, 78544961, 78544979, 78557707, 78557711, 79707516, 79707530, 80409515, 80409521]","[75042246, 78544965, 78557709]",78544983.0,20260812
Cacna2d1,3,72,0.7173366,1295040,"[72119649, 78544957, 78544961, 78544963, 78544965, 78544979, 78557707, 79707516, 79707530, 79707532]","[79707760, 80409517, 80409521]",78544983.0,20260812
Cacna2d1,3,73,0.78317684,1295040,"[72119649, 78544959, 78544963, 78544965, 78544981, 78557705, 78557711, 79707526, 79707760, 80409517]","[75042246, 78544953, 80409515]",78544983.0,20260812
Cacna2d1,3,74,0.7338965,1295040,"[72119649, 75042246, 78544957, 78544959, 78544979, 78557705, 78557709, 79707516, 79707532, 80409519]","[78544955, 78557707, 79707530]",78544983.0,20260812
Cacna2d1,3,75,0.7553296,1295040,"[72119649, 75042246, 78544953, 78544959, 78544961, 78544965, 78557703, 78557709, 78557711, 80409519]","[78544979, 78544981, 79707516]",78544983.0,20260812
Cacna2d1,3,76,0.74223685,1295040,"[72119649, 78544957, 78544979, 78557703, 78557711, 79707516, 79707530, 79707532, 80409519, 80409521]","[75042246, 78544955, 79707760]",78544983.0,20260812
Cacna2d1,3,77,0.74857235,1295040,"[78544955, 78544959, 78544961, 78544963, 78544979, 78557703, 79707526, 79707530, 80409515, 80409519]","[78557705, 79707760, 80409517]",78544983.0,20260812
Cacna2d1,3,78,0.73599887,1295040,"[75042246, 78544955, 78544957, 78544963, 78544965, 78544979, 78557703, 79707516, 79707526, 79707760]","[78544961, 78557707, 79707532]",78544983.0,20260812
Cacna2d1,3,79,0.7494732,1295040,"[78544957, 78544959, 78544961, 78544963, 78544979, 78557705, 78557711, 79707530, 80409515, 80409517]","[78557707, 79707532, 79707760]",78544983.0,20260812
Cacna2d1,3,80,0.7750792,1295040,"[72119649, 78544953, 78544959, 78544965, 78557705, 78557707, 78557709, 79707532, 80409517, 80409519]","[75042246, 78544955, 78544979]",78544983.0,20260812
Cacna2d1,3,81,0.75833654,1295040,"[78544953, 78544961, 78544963, 78544979, 78544981, 78557707, 78557709, 79707526, 79707760, 80409517]","[78544955, 79707516, 79707532]",78544983.0,20260812
Cacna2d1,3,82,0.71590424,1295040,"[75042246, 78544953, 78544955, 78544957, 78544961, 78544979, 78557703, 79707532, 80409515, 80409521]","[78544981, 79707526, 79707760]",78544983.0,20260812
Cacna2d1,3,83,0.7663847,1295040,"[78544963, 78544965, 78544979, 78544981, 78557705, 78557711, 79707532, 79707760, 80409515, 80409521]","[78544959, 79707516, 79707526]",78544983.0,20260812
Cacna2d1,3,84,0.7361548,1295040,"[75042246, 78544955, 78544959, 78544965, 78544979, 78557703, 79707516, 79707526, 79707760, 80409521]","[78544953, 78544981, 78557707]",78544983.0,20260812
Cacna2d1,3,85,0.7250757,1295040,"[75042246, 78544953, 78544957, 78544959, 78544961, 78544963, 78557709, 78557711, 79707516, 80409517]","[78544979, 78544981, 80409515]",78544983.0,20260812
Cacna2d1,3,86,0.68671256,1295040,"[78544963, 78544981, 78557705, 78557709, 79707526, 79707532, 79707760, 80409515, 80409517, 80409519]","[78544955, 78544957, 78544961]",78544983.0,20260812
Cacna2d1,3,87,0.75972474,1295040,"[78544953, 78544963, 78544979, 78557705, 78557709, 78557711, 79707760, 80409517, 80409519, 80409521]","[72119649, 78544959, 78557703]",78544983.0,20260812
Cacna2d1,3,88,0.74321175,1295040,"[72119649, 75042246, 78544957, 78544961, 78544981, 78557705, 78557711, 79707526, 79707530, 79707760]","[78544959, 80409515, 80409519]",78544983.0,20260812
Cacna2d1,3,89,0.74416155,1295040,"[78544955, 78544957, 78544963, 78544979, 78544981, 78557703, 78557705, 79707526, 80409517, 80409521]","[72119649, 78557709, 79707760]",78544983.0,20260812
Cacna2d1,3,90,0.75982475,1295040,"[78544959, 78544961, 78544963, 78544965, 78557707, 78557711, 79707516, 79707526, 80409515, 80409519]","[75042246, 78557709, 79707532]",78544983.0,20260812
Cacna2d1,3,91,0.7260549,1295040,"[75042246, 78544953, 78544959, 78544963, 78557709, 78557711, 79707530, 80409515, 80409517, 80409521]","[78544955, 78544961, 79707760]",78544983.0,20260812
Cacna2d1,3,92,0.77417874,1295040,"[78544963, 78544981, 78557705, 78557709, 78557711, 79707516, 80409515, 80409517, 80409519, 80409521]","[78544953, 78544959, 79707530]",78544983.0,20260812
Cacna2d1,3,93,0.7809231,1295040,"[72119649, 78544957, 78544959, 78544979, 78557705, 78557707, 79707530, 80409515, 80409517, 80409519]","[75042246, 78544953, 78544965]",78544983.0,20260812
Cacna2d1,3,94,0.7201334,1295040,"[78544957, 78544963, 78544965, 78544979, 78557703, 78557705, 78557709, 79707516, 80409517, 80409521]","[78544959, 78544981, 79707530]",78544983.0,20260812
Cacna2d1,3,95,0.767076,1295040,"[75042246, 78544955, 78544959, 78544963, 78544965, 78544981, 78557703, 79707526, 79707530, 79707532]","[78544979, 79707516, 80409519]",78544983.0,20260812
Cacna2d1,3,96,0.7608793,1295040,"[72119649, 75042246, 78544953, 78544979, 79707516, 79707532, 79707760, 80409515, 80409517, 80409521]","[78544963, 78557709, 79707526]",78544983.0,20260812
Cacna2d1,3,97,0.7499162,1295040,"[78544953, 78544959, 78544961, 78544963, 78544979, 78557703, 78557707, 79707516, 79707760, 80409521]","[75042246, 78544955, 80409519]",78544983.0,20260812
Cacna2d1,3,98,0.7548152,1295040,"[78544959, 78544961, 78557703, 78557705, 78557707, 79707516, 79707526, 79707532, 80409515, 80409519]","[78544955, 78544963, 80409517]",78544983.0,20260812
Cacna2d1,3,99,0.75368786,1295040,"[75042246, 78544955, 78544959, 78544963, 78544965, 78557705, 78557707, 78557711, 79707760, 80409517]","[78544953, 80409515, 80409521]",78544983.0,20260812
Cacna2d1,4,0,0.79713774,1295040,"[72119649, 78544963, 78544979, 78544981, 78557705, 78557707, 78557709, 78557711, 79707526, 80409517]","[78544959, 78544965, 78557703, 79707760]",78544983.0,20260812
Cacna2d1,4,1,0.7896992,1295040,"[72119649, 78544955, 78544981, 78557705, 78557707, 78557711, 79707516, 79707532, 79707760, 80409517]","[78544963, 78544979, 78557703, 80409519]",78544983.0,20260812
Cacna2d1,4,2,0.7578493,1295040,"[78544955, 78544959, 78544965, 78557703, 78557705, 78557707, 79707516, 79707526, 80409515, 80409519]","[78544961, 78544979, 78557709, 80409521]",78544983.0,20260812
Cacna2d1,4,3,0.7751659,1295040,"[72119649, 78544957, 78557703, 78557705, 78557707, 78557709, 78557711, 79707526, 79707530, 80409519]","[78544953, 78544955, 78544981, 79707532]",78544983.0,20260812
Cacna2d1,4,4,0.7626196,1295040,"[72119649, 78544955, 78544957, 78544959, 78557705, 78557709, 78557711, 79707530, 80409517, 80409521]","[78544981, 79707526, 79707760, 80409519]",78544983.0,20260812
Cacna2d1,4,5,0.78304094,1295040,"[75042246, 78544953, 78544959, 78544961, 78544963, 78557703, 78557705, 79707516, 79707530, 79707760]","[72119649, 78544955, 78544965, 80409517]",78544983.0,20260812
Cacna2d1,4,6,0.7742994,1295040,"[75042246, 78544953, 78544965, 78544979, 78544981, 78557703, 78557709, 79707516, 79707760, 80409519]","[72119649, 78544957, 78557707, 79707530]",78544983.0,20260812
Cacna2d1,4,7,0.7894242,1295040,"[75042246, 78544953, 78544979, 78557703, 78557709, 78557711, 79707526, 79707530, 80409515, 80409521]","[72119649, 78544957, 78544963, 79707760]",78544983.0,20260812
Cacna2d1,4,8,0.77448606,1295040,"[72119649, 78544955, 78544957, 78544961, 78544963, 78544979, 78557703, 78557709, 79707526, 80409521]","[75042246, 78544981, 79707532, 80409517]",78544983.0,20260812
Cacna2d1,4,9,0.77807474,1295040,"[72119649, 78544955, 78544957, 78544979, 78557707, 78557711, 79707532, 80409515, 80409519, 80409521]","[78544981, 79707516, 79707530, 79707760]",78544983.0,20260812
Cacna2d1,4,10,0.76089793,1295040,"[75042246, 78544953, 78544955, 78544963, 78544965, 78544979, 78557703, 78557705, 80409519, 80409521]","[78544959, 78544981, 79707530, 80409517]",78544983.0,20260812
Cacna2d1,4,11,0.80113256,1295040,"[78544959, 78544961, 78544963, 78544979, 78544981, 78557705, 79707516, 79707532, 80409517, 80409521]","[78544953, 79707526, 79707530, 80409519]",78544983.0,20260812
Cacna2d1,4,12,0.78075457,1295040,"[75042246, 78544953, 78544961, 78557703, 78557709, 79707526, 79707760, 80409517, 80409519, 80409521]","[78544957, 78544959, 78544963, 80409515]",78544983.0,20260812
Cacna2d1,4,13,0.78639823,1295040,"[78544953, 78544955, 78544959, 78544961, 78544965, 78544981, 79707530, 79707760, 80409517, 80409521]","[78544963, 78544979, 78557703, 79707532]",78544983.0,20260812
Cacna2d1,4,14,0.7772522,1295040,"[75042246, 78544953, 78544961, 78544965, 78544981, 78557705, 78557711, 79707532, 79707760, 80409519]","[79707530, 80409515, 80409517, 80409521]",78544983.0,20260812
Cacna2d1,4,15,0.7353423,1295040,"[72119649, 75042246, 78544953, 78544955, 78544957, 78544963, 78557703, 78557709, 78557711, 80409515]","[78544981, 79707532, 80409519, 80409521]",78544983.0,20260812
Cacna2d1,4,16,0.7537762,1295040,"[72119649, 78544953, 78544955, 78544957, 78544963, 78544965, 78544979, 78557711, 79707530, 80409517]","[78544961, 78544981, 78557707, 80409519]",78544983.0,20260812
Cacna2d1,4,17,0.7941878,1295040,"[72119649, 78544953, 78544955, 78557703, 78557707, 78557711, 79707532, 80409515, 80409517, 80409521]","[78544959, 78544961, 78544963, 79707516]",78544983.0,20260812
Cacna2d1,4,18,0.7794526,1295040,"[75042246, 78544955, 78544957, 78544959, 78544961, 78557709, 78557711, 79707530, 79707532, 80409521]","[78544953, 78557703, 79707516, 79707526]",78544983.0,20260812
Cacna2d1,4,19,0.75683415,1295040,"[72119649, 78544961, 78544979, 78544981, 78557707, 78557709, 78557711, 79707516, 79707532, 80409519]","[78544957, 78544965, 78557705, 80409521]",78544983.0,20260812
Cacna2d1,4,20,0.7834674,1295040,"[72119649, 78544957, 78544961, 78544979, 78544981, 79707516, 79707526, 79707530, 79707532, 79707760]","[78544953, 78544959, 78557705, 80409517]",78544983.0,20260812
Cacna2d1,4,21,0.78725666,1295040,"[72119649, 78544955, 78544979, 78557707, 79707516, 79707526, 79707530, 79707760, 80409515, 80409521]","[78544963, 78544965, 78544981, 78557705]",78544983.0,20260812
Cacna2d1,4,22,0.7763734,1295040,"[72119649, 78544965, 78544981, 78557705, 78557707, 78557709, 79707516, 79707760, 80409515, 80409517]","[78544959, 78544961, 78557711, 79707532]",78544983.0,20260812
Cacna2d1,4,23,0.78255457,1295040,"[72119649, 78544957, 78544959, 78544981, 78557705, 78557711, 79707516, 79707526, 79707530, 80409517]","[78544955, 78544963, 78544965, 80409515]",78544983.0,20260812
Cacna2d1,4,24,0.7737235,1295040,"[78544953, 78544955, 78544957, 78544961, 78544965, 78557703, 79707516, 79707526, 79707530, 80409519]","[78557705, 78557711, 80409515, 80409521]",78544983.0,20260812
Cacna2d1,4,25,0.7807605,1295040,"[72119649, 75042246, 78544981, 78557705, 78557707, 78557709, 79707530, 80409515, 80409517, 80409521]","[78544963, 78557711, 79707532, 79707760]",78544983.0,20260812
Cacna2d1,4,26,0.796281,1295040,"[75042246, 78544953, 78544957, 78544963, 78544965, 78557711, 79707526, 79707530, 80409515, 80409521]","[78544979, 78557707, 79707516, 80409519]",78544983.0,20260812
Cacna2d1,4,27,0.7465515,1295040,"[72119649, 78544955, 78557703, 78557705, 79707516, 79707526, 79707532, 79707760, 80409519, 80409521]","[78544957, 78544959, 78544963, 78544981]",78544983.0,20260812
Cacna2d1,4,28,0.78582233,1295040,"[72119649, 78544955, 78544963, 78544979, 78544981, 78557705, 78557709, 78557711, 79707760, 80409519]","[78544959, 79707516, 79707526, 79707532]",78544983.0,20260812
Cacna2d1,4,29,0.7718123,1295040,"[78544961, 78544963, 78544981, 78557705, 78557711, 79707526, 79707530, 79707760, 80409519, 80409521]","[78544955, 78544959, 79707532, 80409517]",78544983.0,20260812
Cacna2d1,4,30,0.78659827,1295040,"[78544961, 78544963, 78557703, 78557707, 78557711, 79707516, 79707526, 79707760, 80409515, 80409519]","[72119649, 78544959, 79707530, 80409521]",78544983.0,20260812
Cacna2d1,4,31,0.7513596,1295040,"[78544955, 78544965, 78544979, 78544981, 78557709, 79707530, 79707532, 79707760, 80409515, 80409519]","[78544953, 78544957, 80409517, 80409521]",78544983.0,20260812
Cacna2d1,4,32,0.7676102,1295040,"[72119649, 75042246, 78544963, 78544979, 78544981, 78557709, 79707526, 79707532, 80409515, 80409517]","[78544953, 78544957, 78544961, 79707760]",78544983.0,20260812
Cacna2d1,4,33,0.7671064,1295040,"[78544955, 78544957, 78544959, 78544961, 78557703, 78557709, 78557711, 79707532, 80409519, 80409521]","[78544963, 78557707, 79707526, 79707760]",78544983.0,20260812
Cacna2d1,4,34,0.7847155,1295040,"[78544957, 78544961, 78544979, 78557707, 78557711, 79707516, 79707526, 79707530, 80409517, 80409519]","[78544959, 78544965, 78557703, 78557705]",78544983.0,20260812
Cacna2d1,4,35,0.7720096,1295040,"[72119649, 75042246, 78544953, 78544955, 78544961, 78544963, 78544981, 78557709, 80409517, 80409519]","[78544957, 78557711, 79707530, 79707532]",78544983.0,20260812
Cacna2d1,4,36,0.7952993,1295040,"[72119649, 75042246, 78557705, 78557707, 78557709, 79707516, 79707532, 80409515, 80409517, 80409519]","[78544953, 78544979, 79707530, 80409521]",78544983.0,20260812
Cacna2d1,4,37,0.7815094,1295040,"[78544953, 78544963, 78544965, 78557703, 78557707, 78557709, 79707526, 79707530, 79707532, 80409517]","[78544979, 78557711, 80409515, 80409521]",78544983.0,20260812
Cacna2d1,4,38,0.7412486,1295040,"[78544959, 78544963, 78544965, 78557705, 78557707, 78557709, 79707530, 79707760, 80409515, 80409521]","[78544955, 78544957, 78544981, 79707532]",78544983.0,20260812
Cacna2d1,4,39,0.7855016,1295040,"[72119649, 78544955, 78544957, 78544965, 78557705, 78557711, 79707526, 79707530, 79707532, 79707760]","[75042246, 78557707, 79707516, 80409521]",78544983.0,20260812
Cacna2d1,4,40,0.78807616,1295040,"[75042246, 78544955, 78544959, 78544961, 78544965, 78544981, 78557709, 79707526, 79707530, 80409519]","[78544979, 78557711, 79707516, 80409515]",78544983.0,20260812
Cacna2d1,4,41,0.7990584,1295040,"[78544953, 78544955, 78544957, 78544965, 78544979, 78557705, 78557709, 79707516, 79707760, 80409515]","[78557703, 78557707, 78557711, 79707532]",78544983.0,20260812
Cacna2d1,4,42,0.796208,1295040,"[78544955, 78544963, 78544965, 78557705, 78557711, 79707526, 79707530, 79707532, 79707760, 80409521]","[72119649, 75042246, 78544953, 80409515]",78544983.0,20260812
Cacna2d1,4,43,0.7749165,1295040,"[72119649, 78557703, 78557705, 78557707, 78557709, 79707516, 79707530, 79707532, 79707760, 80409515]","[75042246, 78544957, 78544959, 78557711]",78544983.0,20260812
Cacna2d1,4,44,0.807296,1295040,"[72119649, 78544953, 78544955, 78544961, 78544963, 78544981, 78557705, 79707530, 79707532, 80409517]","[75042246, 78557703, 78557709, 78557711]",78544983.0,20260812
Cacna2d1,4,45,0.76502484,1295040,"[75042246, 78544959, 78544965, 78544979, 78557711, 79707516, 79707526, 79707532, 80409515, 80409521]","[78544957, 78544963, 78557703, 78557709]",78544983.0,20260812
Cacna2d1,4,46,0.7894325,1295040,"[75042246, 78544953, 78544963, 78544965, 78544979, 78557709, 79707526, 79707532, 80409515, 80409521]","[72119649, 78544955, 78544959, 78557705]",78544983.0,20260812
Cacna2d1,4,47,0.78000426,1295040,"[75042246, 78544959, 78544961, 78557707, 78557711, 79707516, 79707526, 79707532, 79707760, 80409521]","[72119649, 78544979, 78557703, 78557709]",78544983.0,20260812
Cacna2d1,4,48,0.7593163,1295040,"[72119649, 75042246, 78557707, 79707516, 79707530, 79707532, 79707760, 80409517, 80409519, 80409521]","[78544959, 78544961, 78544979, 78544981]",78544983.0,20260812
Cacna2d1,4,49,0.7212267,1295040,"[75042246, 78544959, 78544963, 78544979, 78557705, 79707526, 79707530, 79707532, 80409519, 80409521]","[78544957, 78544961, 78544981, 80409517]",78544983.0,20260812
Cacna2d1,4,50,0.79508054,1295040,"[78544953, 78544955, 78544959, 78544963, 78544965, 78557711, 79707516, 79707530, 80409517, 80409519]","[72119649, 75042246, 78557709, 79707526]",78544983.0,20260812
Cacna2d1,4,51,0.7667699,1295040,"[72119649, 78544961, 78544965, 78544981, 78557709, 78557711, 79707526, 79707760, 80409519, 80409521]","[78544957, 78544959, 78544963, 80409515]",78544983.0,20260812
Cacna2d1,4,52,0.7642094,1295040,"[78544955, 78544957, 78544961, 78544979, 78544981, 78557703, 78557705, 78557709, 79707530, 79707532]","[78557707, 79707760, 80409515, 80409521]",78544983.0,20260812
Cacna2d1,4,53,0.780431,1295040,"[72119649, 75042246, 78544955, 78544963, 78544979, 78557703, 78557711, 79707516, 80409517, 80409521]","[78544957, 78544965, 78557705, 79707530]",78544983.0,20260812
Cacna2d1,4,54,0.80077636,1295040,"[72119649, 78544953, 78544955, 78544959, 78544965, 78544979, 79707516, 79707526, 79707530, 80409519]","[78557703, 78557707, 78557711, 79707760]",78544983.0,20260812
Cacna2d1,4,55,0.7776059,1295040,"[78544955, 78544959, 78544963, 78544979, 78544981, 78557705, 79707516, 79707526, 79707530, 80409515]","[78544957, 78544965, 79707532, 80409519]",78544983.0,20260812
Cacna2d1,4,56,0.7753473,1295040,"[72119649, 75042246, 78544957, 78544979, 78557705, 78557707, 79707526, 79707530, 79707532, 80409519]","[78544953, 78544959, 79707760, 80409521]",78544983.0,20260812
Cacna2d1,4,57,0.7507235,1295040,"[72119649, 78544953, 78544955, 78544959, 78544963, 78557707, 78557709, 79707526, 79707532, 80409515]","[75042246, 78544957, 78544981, 80409517]",78544983.0,20260812
Cacna2d1,4,58,0.7787509,1295040,"[72119649, 75042246, 78544953, 78544955, 78544961, 78544965, 78557707, 78557709, 80409517, 80409519]","[78557711, 79707530, 79707532, 80409521]",78544983.0,20260812
Cacna2d1,4,59,0.7731617,1295040,"[78544953, 78544955, 78544959, 78544965, 78544981, 78557705, 78557707, 79707516, 79707760, 80409515]","[75042246, 78544961, 79707532, 80409521]",78544983.0,20260812
Cacna2d1,4,60,0.7868397,1295040,"[78544953, 78544963, 78544981, 78557705, 78557709, 79707516, 79707526, 79707530, 79707760, 80409517]","[78544979, 78557703, 78557707, 80409519]",78544983.0,20260812
Cacna2d1,4,61,0.79550344,1295040,"[72119649, 78544957, 78544961, 78544963, 78544965, 78557711, 79707760, 80409517, 80409519, 80409521]","[78544953, 78544955, 78544959, 79707516]",78544983.0,20260812
Cacna2d1,4,62,0.80550086,1295040,"[75042246, 78544955, 78544959, 78544961, 78544979, 78557703, 78557707, 79707526, 79707760, 80409521]","[78544953, 78544965, 78557711, 79707532]",78544983.0,20260812
Cacna2d1,4,63,0.7943424,1295040,"[75042246, 78544953, 78544959, 78544961, 78544981, 78557707, 79707516, 79707760, 80409519, 80409521]","[72119649, 78544955, 79707526, 79707530]",78544983.0,20260812
Cacna2d1,4,64,0.79540753,1295040,"[75042246, 78544961, 78557703, 78557705, 78557709, 78557711, 79707526, 79707530, 80409515, 80409519]","[78544955, 78544965, 79707516, 80409517]",78544983.0,20260812
Cacna2d1,4,65,0.76884437,1295040,"[72119649, 78544955, 78544957, 78544961, 78544965, 78557707, 79707530, 79707532, 79707760, 80409521]","[78544953, 78544981, 78557709, 79707526]",78544983.0,20260812
Cacna2d1,4,66,0.7756797,1295040,"[78544957, 78544959, 78544961, 78544981, 78557705, 78557707, 79707526, 79707530, 80409517, 80409519]","[72119649, 79707516, 79707532, 80409521]",78544983.0,20260812
Cacna2d1,4,67,0.76222897,1295040,"[78544955, 78544959, 78544961, 78544965, 78544979, 78557709, 79707530, 79707532, 80409515, 80409521]","[78544957, 78544963, 79707760, 80409519]",78544983.0,20260812
Cacna2d1,4,68,0.7876575,1295040,"[72119649, 78544957, 78544961, 78557703, 78557705, 78557707, 79707532, 79707760, 80409515, 80409519]","[78544963, 78544979, 79707530, 80409521]",78544983.0,20260812
Cacna2d1,4,69,0.7635555,1295040,"[75042246, 78544953, 78544955, 78544959, 78544965, 78544981, 78557703, 78557711, 79707526, 80409519]","[78544957, 78557709, 79707532, 80409515]",78544983.0,20260812
Cacna2d1,4,70,0.7675078,1295040,"[78544953, 78544963, 78544981, 78557703, 78557705, 78557709, 79707526, 79707530, 79707532, 80409519]","[78544961, 78557711, 79707760, 80409521]",78544983.0,20260812
Cacna2d1,4,71,0.784589,1295040,"[78544953, 78544959, 78544961, 78544965, 78544979, 78557711, 79707516, 79707530, 79707532, 80409519]","[75042246, 78544981, 79707526, 80409515]",78544983.0,20260812
Cacna2d1,4,72,0.7799842,1295040,"[75042246, 78544961, 78544963, 78544965, 78557707, 78557709, 79707532, 79707760, 80409515, 80409519]","[78544953, 78544955, 78544957, 79707516]",78544983.0,20260812
Cacna2d1,4,73,0.78702724,1295040,"[78544953, 78544961, 78544963, 78557703, 78557705, 78557707, 78557709, 79707532, 80409517, 80409521]","[78544979, 78557711, 79707530, 80409515]",78544983.0,20260812
Cacna2d1,4,74,0.78754675,1295040,"[75042246, 78544955, 78544957, 78544961, 78544979, 78557703, 78557709, 78557711, 79707516, 79707526]","[72119649, 79707760, 80409515, 80409519]",78544983.0,20260812
Cacna2d1,4,75,0.7819169,1295040,"[78544953, 78544957, 78544979, 78557707, 78557709, 78557711, 79707516, 79707532, 80409519, 80409521]","[78544959, 78557705, 79707530, 80409515]",78544983.0,20260812
Cacna2d1,4,76,0.7936898,1295040,"[72119649, 78544957, 78544963, 78544981, 78557703, 78557705, 78557709, 78557711, 79707532, 80409521]","[78544959, 79707516, 79707526, 80409519]",78544983.0,20260812
Cacna2d1,4,77,0.80328286,1295040,"[78544953, 78544957, 78544963, 78544979, 78557703, 78557707, 79707760, 80409515, 80409517, 80409519]","[75042246, 78544955, 78557705, 79707516]",78544983.0,20260812
Cacna2d1,4,78,0.7813554,1295040,"[78544955, 78544957, 78544961, 78544963, 78544965, 78557707, 78557711, 79707532, 79707760, 80409515]","[78557705, 79707530, 80409517, 80409519]",78544983.0,20260812
Cacna2d1,4,79,0.78456336,1295040,"[72119649, 78544957, 78544965, 78557703, 78557705, 78557709, 78557711, 79707516, 79707526, 80409517]","[78544959, 79707530, 80409515, 80409519]",78544983.0,20260812
Cacna2d1,4,80,0.7801167,1295040,"[75042246, 78544953, 78544959, 78544963, 78544979, 78557703, 78557709, 78557711, 79707532, 80409515]","[78544961, 79707516, 79707526, 80409521]",78544983.0,20260812
Cacna2d1,4,81,0.792351,1295040,"[78544953, 78544957, 78544981, 78557703, 78557707, 79707516, 79707530, 79707532, 80409515, 80409517]","[78544955, 78544963, 78544979, 78557709]",78544983.0,20260812
Cacna2d1,4,82,0.77636194,1295040,"[72119649, 75042246, 78544963, 78557705, 78557709, 79707526, 79707530, 79707532, 80409515, 80409519]","[78544953, 78544957, 78544961, 79707516]",78544983.0,20260812
Cacna2d1,4,83,0.77812886,1295040,"[78544957, 78544961, 78544965, 78544979, 78557705, 78557709, 79707526, 79707760, 80409517, 80409521]","[78557711, 79707530, 80409515, 80409519]",78544983.0,20260812
Cacna2d1,4,84,0.77635336,1295040,"[72119649, 75042246, 78544957, 78544961, 78544979, 78544981, 78557709, 79707516, 79707530, 80409515]","[78544959, 78544963, 78557705, 79707532]",78544983.0,20260812
Cacna2d1,4,85,0.79603183,1295040,"[72119649, 78544953, 78544955, 78544957, 78544965, 78544981, 78557707, 79707526, 80409519, 80409521]","[75042246, 78557705, 78557711, 79707516]",78544983.0,20260812
Cacna2d1,4,86,0.78897864,1295040,"[78544955, 78544959, 78544961, 78557703, 78557705, 78557709, 78557711, 80409515, 80409517, 80409519]","[72119649, 78544965, 78544979, 79707516]",78544983.0,20260812
Cacna2d1,4,87,0.80232394,1295040,"[72119649, 78544953, 78544957, 78544959, 78544961, 78544965, 78544981, 78557707, 79707526, 80409519]","[75042246, 79707516, 79707532, 80409517]",78544983.0,20260812
Cacna2d1,4,88,0.7997882,1295040,"[78544961, 78544963, 78544965, 78557703, 78557707, 78557711, 79707526, 79707532, 80409515, 80409517]","[72119649, 78544955, 79707530, 79707760]",78544983.0,20260812
Cacna2d1,4,89,0.77543646,1295040,"[75042246, 78544953, 78544955, 78544965, 78557703, 78557707, 78557709, 78557711, 79707526, 80409515]","[78544957, 78544959, 78544963, 78557705]",78544983.0,20260812
Cacna2d1,4,90,0.7401501,1295040,"[75042246, 78544953, 78544961, 78544963, 78544979, 78557703, 79707530, 79707532, 80409515, 80409519]","[72119649, 78544957, 78544981, 80409521]",78544983.0,20260812
Cacna2d1,4,91,0.76214224,1295040,"[75042246, 78544957, 78544961, 78544965, 78544979, 78557705, 79707526, 79707760, 80409517, 80409521]","[78544955, 78544981, 78557711, 79707532]",78544983.0,20260812
Cacna2d1,4,92,0.77095807,1295040,"[72119649, 78544957, 78544959, 78544961, 78544979, 79707516, 79707526, 79707530, 79707532, 80409521]","[78544965, 78544981, 78557705, 78557709]",78544983.0,20260812
Cacna2d1,4,93,0.8027682,1295040,"[78544953, 78544961, 78544965, 78544981, 78557705, 78557707, 79707516, 79707532, 80409515, 80409521]","[75042246, 78557709, 78557711, 79707530]",78544983.0,20260812
Cacna2d1,4,94,0.76514953,1295040,"[72119649, 75042246, 78544955, 78544959, 78544981, 78557705, 78557709, 78557711, 79707526, 79707532]","[78544953, 78544957, 79707760, 80409521]",78544983.0,20260812
Cacna2d1,4,95,0.78838956,1295040,"[75042246, 78544961, 78544981, 78557703, 78557707, 78557709, 79707516, 79707526, 79707760, 80409519]","[72119649, 78544959, 78557705, 80409517]",78544983.0,20260812
Cacna2d1,4,96,0.80580336,1295040,"[72119649, 75042246, 78544959, 78544961, 78544979, 78557705, 78557709, 78557711, 79707530, 80409515]","[78544965, 78557703, 78557707, 79707516]",78544983.0,20260812
Cacna2d1,4,97,0.7738049,1295040,"[72119649, 75042246, 78544963, 78557703, 78557705, 78557709, 78557711, 79707530, 80409517, 80409521]","[78544955, 78544959, 78544979, 78557707]",78544983.0,20260812
Cacna2d1,4,98,0.7399957,1295040,"[78544965, 78557703, 78557705, 78557707, 78557709, 78557711, 79707532, 80409515, 80409517, 80409519]","[78544957, 78544961, 78544979, 79707526]",78544983.0,20260812
Cacna2d1,4,99,0.7692935,1295040,"[78544955, 78544957, 78544959, 78544965, 78544979, 78544981, 78557709, 80409515, 80409517, 80409521]","[78544953, 78544963, 78557711, 79707516]",78544983.0,20260812
Cacna2d1,5,0,0.7967849,1295040,"[72119649, 78544953, 78544957, 78544959, 78544963, 78544965, 78557709, 79707526, 79707760, 80409517]","[78544979, 78557703, 78557707, 79707530, 80409521]",78544983.0,20260812
Cacna2d1,5,1,0.8197852,1295040,"[72119649, 78544961, 78544963, 78544979, 78557707, 79707526, 79707530, 79707532, 79707760, 80409519]","[75042246, 78544953, 78544955, 78557705, 80409517]",78544983.0,20260812
Cacna2d1,5,2,0.8038386,1295040,"[78544955, 78544959, 78544961, 78544965, 78544979, 78557703, 78557707, 79707526, 80409515, 80409517]","[78544953, 78557709, 78557711, 79707530, 80409519]",78544983.0,20260812
Cacna2d1,5,3,0.8029375,1295040,"[75042246, 78544953, 78544963, 78557703, 78557707, 78557709, 79707530, 79707532, 80409515, 80409521]","[78544959, 78544965, 78557711, 79707760, 80409517]",78544983.0,20260812
Cacna2d1,5,4,0.82279736,1295040,"[75042246, 78544953, 78544959, 78544965, 78557705, 78557709, 78557711, 79707760, 80409517, 80409521]","[72119649, 78557703, 79707516, 79707526, 79707532]",78544983.0,20260812
Cacna2d1,5,5,0.7958064,1295040,"[75042246, 78544953, 78544957, 78544981, 78557703, 78557707, 78557709, 79707516, 80409515, 80409517]","[78544961, 78557711, 79707530, 79707532, 80409519]",78544983.0,20260812
Cacna2d1,5,6,0.81205916,1295040,"[72119649, 78544959, 78544961, 78544963, 78544979, 78544981, 78557707, 79707516, 79707526, 79707760]","[78544965, 78557705, 79707530, 79707532, 80409519]",78544983.0,20260812
Cacna2d1,5,7,0.807649,1295040,"[78544955, 78544959, 78544961, 78544979, 78544981, 78557705, 79707516, 79707532, 80409517, 80409521]","[78544965, 78557707, 78557709, 78557711, 79707526]",78544983.0,20260812
Cacna2d1,5,8,0.78606427,1295040,"[78544959, 78544961, 78544979, 78544981, 78557705, 78557709, 78557711, 79707516, 79707760, 80409515]","[72119649, 78544957, 78544963, 78557707, 80409519]",78544983.0,20260812
Cacna2d1,5,9,0.8166705,1295040,"[78544955, 78544957, 78544963, 78544965, 78544979, 78557711, 79707526, 79707532, 80409517, 80409521]","[75042246, 78557703, 78557705, 78557709, 80409519]",78544983.0,20260812
Cacna2d1,5,10,0.78161085,1295040,"[72119649, 75042246, 78544953, 78544959, 78544963, 78544965, 78544979, 78544981, 78557705, 79707532]","[78544957, 78544961, 78557711, 79707530, 79707760]",78544983.0,20260812
Cacna2d1,5,11,0.8291483,1295040,"[72119649, 78544957, 78544961, 78544965, 78557703, 78557705, 78557709, 79707516, 80409517, 80409521]","[75042246, 78544953, 78544955, 79707530, 80409515]",78544983.0,20260812
Cacna2d1,5,12,0.8174404,1295040,"[78544961, 78544963, 78544979, 78557705, 78557707, 78557709, 78557711, 79707530, 80409517, 80409521]","[72119649, 75042246, 78544953, 79707516, 80409515]",78544983.0,20260812
Cacna2d1,5,13,0.80335623,1295040,"[72119649, 75042246, 78557709, 78557711, 79707526, 79707530, 80409515, 80409517, 80409519, 80409521]","[78544961, 78544965, 78544979, 78544981, 78557703]",78544983.0,20260812
Cacna2d1,5,14,0.8026281,1295040,"[72119649, 75042246, 78544955, 78544957, 78544965, 78544981, 78557707, 79707526, 79707530, 80409517]","[78544959, 78544963, 78544979, 78557709, 78557711]",78544983.0,20260812
Cacna2d1,5,15,0.7877885,1295040,"[72119649, 78544953, 78544961, 78544965, 78544979, 78544981, 78557709, 78557711, 79707530, 79707532]","[78544957, 78557705, 79707760, 80409517, 80409519]",78544983.0,20260812
Cacna2d1,5,16,0.8092405,1295040,"[72119649, 78544953, 78544961, 78544963, 78544981, 78557703, 79707530, 79707532, 79707760, 80409517]","[78544957, 78544959, 78557705, 79707516, 80409515]",78544983.0,20260812
Cacna2d1,5,17,0.81748664,1295040,"[78544953, 78544959, 78544961, 78544963, 78544979, 78557703, 78557711, 79707530, 79707760, 80409515]","[72119649, 75042246, 78544955, 78544965, 79707526]",78544983.0,20260812
Cacna2d1,5,18,0.8262041,1295040,"[75042246, 78544953, 78544957, 78544959, 78544965, 78544981, 78557703, 78557705, 79707516, 80409515]","[72119649, 78544963, 79707526, 79707530, 80409519]",78544983.0,20260812
Cacna2d1,5,19,0.80916643,1295040,"[72119649, 75042246, 78544953, 78544955, 78544959, 78557703, 78557707, 79707530, 79707760, 80409519]","[78544965, 78544981, 78557709, 79707526, 80409517]",78544983.0,20260812
Cacna2d1,5,20,0.81753314,1295040,"[72119649, 75042246, 78544953, 78544955, 78544979, 78557705, 79707516, 79707526, 80409515, 80409521]","[78544959, 78544963, 78557707, 78557711, 79707530]",78544983.0,20260812
Cacna2d1,5,21,0.8059156,1295040,"[78544959, 78544961, 78544963, 78544979, 78557703, 79707516, 79707530, 79707532, 80409517, 80409519]","[78544953, 78544955, 78557709, 79707760, 80409521]",78544983.0,20260812
Cacna2d1,5,22,0.8223876,1295040,"[78544953, 78544955, 78544959, 78544979, 78557707, 78557709, 79707526, 79707760, 80409515, 80409521]","[78544963, 78557711, 79707516, 79707532, 80409517]",78544983.0,20260812
Cacna2d1,5,23,0.7855425,1295040,"[75042246, 78544953, 78544955, 78544959, 78557707, 79707516, 79707532, 80409515, 80409519, 80409521]","[78544957, 78544961, 78544963, 78544979, 79707530]",78544983.0,20260812
Cacna2d1,5,24,0.7890109,1295040,"[78544957, 78544963, 78544965, 78557707, 78557711, 79707530, 79707532, 79707760, 80409515, 80409517]","[72119649, 78544959, 78544961, 78544981, 78557709]",78544983.0,20260812
Cacna2d1,5,25,0.8053209,1295040,"[78544957, 78544961, 78544979, 78557705, 78557707, 78557711, 79707516, 79707530, 80409517, 80409519]","[72119649, 75042246, 78544955, 78544959, 79707526]",78544983.0,20260812
Cacna2d1,5,26,0.7985723,1295040,"[78544957, 78544961, 78544965, 78544979, 78544981, 78557707, 78557711, 79707760, 80409515, 80409521]","[72119649, 75042246, 78557705, 78557709, 79707526]",78544983.0,20260812
Cacna2d1,5,27,0.79593176,1295040,"[78544955, 78544959, 78544979, 78557705, 78557709, 78557711, 79707532, 79707760, 80409517, 80409521]","[78544961, 78544965, 78544981, 78557703, 78557707]",78544983.0,20260812
Cacna2d1,5,28,0.81742716,1295040,"[78544957, 78544961, 78544979, 78557703, 79707516, 79707526, 79707530, 79707532, 80409519, 80409521]","[75042246, 78544953, 78544959, 78544963, 78557707]",78544983.0,20260812
Cacna2d1,5,29,0.7938105,1295040,"[78544953, 78544957, 78544961, 78544979, 78557703, 78557709, 79707516, 79707526, 79707760, 80409521]","[78557707, 79707532, 80409515, 80409517, 80409519]",78544983.0,20260812
Cacna2d1,5,30,0.77620417,1295040,"[72119649, 78544953, 78544955, 78544979, 78557703, 78557711, 79707526, 79707760, 80409515, 80409517]","[78544957, 78544961, 79707516, 80409519, 80409521]",78544983.0,20260812
Cacna2d1,5,31,0.79668415,1295040,"[75042246, 78544953, 78544955, 78544957, 78544979, 78557705, 78557707, 78557711, 79707530, 80409515]","[78544963, 78557709, 80409517, 80409519, 80409521]",78544983.0,20260812
Cacna2d1,5,32,0.7898186,1295040,"[72119649, 75042246, 78544959, 78544963, 78544981, 78557703, 78557709, 78557711, 79707516, 79707526]","[78544957, 78557705, 79707530, 79707532, 80409521]",78544983.0,20260812
Cacna2d1,5,33,0.80151504,1295040,"[75042246, 78544955, 78544959, 78557703, 78557707, 78557709, 79707530, 80409515, 80409519, 80409521]","[78544953, 78544961, 78544981, 79707532, 80409517]",78544983.0,20260812
Cacna2d1,5,34,0.80189,1295040,"[78544959, 78544965, 78544979, 78557703, 78557705, 79707516, 79707532, 79707760, 80409517, 80409519]","[78544953, 78544955, 78544957, 78544963, 80409515]",78544983.0,20260812
Cacna2d1,5,35,0.81609774,1295040,"[75042246, 78544953, 78544959, 78557703, 78557705, 79707526, 79707530, 79707532, 80409517, 80409519]","[78544965, 78544979, 78557707, 79707516, 80409521]",78544983.0,20260812
Cacna2d1,5,36,0.82430685,1295040,"[75042246, 78544963, 78544965, 78544979, 78557707, 79707516, 79707532, 79707760, 80409517, 80409521]","[72119649, 78544953, 78544959, 78544961, 80409515]",78544983.0,20260812
Cacna2d1,5,37,0.7978394,1295040,"[78544955, 78544959, 78544961, 78544965, 78557705, 78557707, 78557711, 79707530, 80409515, 80409517]","[75042246, 78544957, 78557703, 79707516, 80409519]",78544983.0,20260812
Cacna2d1,5,38,0.79244727,1295040,"[75042246, 78544953, 78544959, 78544963, 78557703, 78557705, 78557709, 80409515, 80409517, 80409521]","[78544957, 78544961, 79707516, 79707530, 79707760]",78544983.0,20260812
Cacna2d1,5,39,0.78935045,1295040,"[72119649, 75042246, 78557705, 78557709, 79707526, 79707532, 79707760, 80409515, 80409517, 80409519]","[78544953, 78544957, 78544981, 78557711, 79707530]",78544983.0,20260812
Cacna2d1,5,40,0.7917671,1295040,"[78544953, 78544957, 78544963, 78544965, 78557709, 79707526, 79707530, 80409517, 80409519, 80409521]","[78544955, 78544961, 78557705, 78557711, 79707760]",78544983.0,20260812
Cacna2d1,5,41,0.7726697,1295040,"[72119649, 75042246, 78544953, 78544957, 78544963, 78544965, 78557711, 79707516, 79707530, 80409517]","[78544955, 78544981, 79707760, 80409515, 80409521]",78544983.0,20260812
Cacna2d1,5,42,0.79830253,1295040,"[75042246, 78544953, 78544961, 78544981, 79707516, 79707526, 79707530, 79707532, 80409515, 80409521]","[78544955, 78544979, 78557707, 79707760, 80409519]",78544983.0,20260812
Cacna2d1,5,43,0.79652023,1295040,"[75042246, 78544959, 78544961, 78544981, 78557703, 78557705, 78557709, 79707532, 80409517, 80409521]","[72119649, 78544953, 78544979, 78557707, 79707516]",78544983.0,20260812
Cacna2d1,5,44,0.791438,1295040,"[78544953, 78544955, 78544963, 78544979, 78557705, 79707516, 79707526, 79707532, 80409519, 80409521]","[78544957, 78544961, 78544965, 78557707, 79707530]",78544983.0,20260812
Cacna2d1,5,45,0.8024582,1295040,"[75042246, 78544953, 78544957, 78544959, 78544979, 78557703, 78557709, 79707526, 80409515, 80409517]","[78544963, 78557707, 78557711, 79707530, 80409521]",78544983.0,20260812
Cacna2d1,5,46,0.8112508,1295040,"[78544953, 78544961, 78544979, 78557705, 78557709, 78557711, 79707516, 80409515, 80409517, 80409519]","[72119649, 78544957, 78557703, 79707532, 79707760]",78544983.0,20260812
Cacna2d1,5,47,0.8105963,1295040,"[78544953, 78544959, 78544961, 78544979, 78557703, 78557705, 79707526, 79707530, 80409517, 80409521]","[78544955, 78544957, 78544963, 79707516, 79707532]",78544983.0,20260812
Cacna2d1,5,48,0.8265953,1295040,"[72119649, 75042246, 78544955, 78544957, 78544959, 78544961, 78544979, 78557709, 78557711, 79707516]","[78544953, 78544965, 78557703, 79707526, 79707532]",78544983.0,20260812
Cacna2d1,5,49,0.81035256,1295040,"[72119649, 78544957, 78544959, 78544981, 78557703, 78557711, 79707526, 79707532, 79707760, 80409517]","[75042246, 78544953, 78544961, 80409515, 80409519]",78544983.0,20260812
Cacna2d1,5,50,0.81358635,1295040,"[72119649, 78544959, 78544965, 78544981, 78557703, 78557705, 78557709, 78557711, 79707530, 80409519]","[78544979, 78557707, 79707516, 79707532, 80409521]",78544983.0,20260812
Cacna2d1,5,51,0.7981025,1295040,"[78544955, 78544959, 78544981, 78557709, 78557711, 79707516, 79707526, 79707530, 79707532, 80409517]","[72119649, 75042246, 78544957, 78544965, 78557707]",78544983.0,20260812
Cacna2d1,5,52,0.814193,1295040,"[72119649, 75042246, 78544955, 78544959, 78544963, 78544965, 78544981, 78557705, 78557709, 79707532]","[78544953, 78544979, 78557703, 78557711, 80409521]",78544983.0,20260812
Cacna2d1,5,53,0.79435635,1295040,"[72119649, 78544953, 78544955, 78544981, 78557703, 78557705, 78557709, 78557711, 79707530, 80409515]","[78544957, 78544965, 79707526, 79707532, 79707760]",78544983.0,20260812
Cacna2d1,5,54,0.80189997,1295040,"[72119649, 75042246, 78544955, 78544957, 78544961, 78557707, 78557709, 78557711, 79707526, 80409521]","[78544953, 78544963, 78557703, 79707516, 80409515]",78544983.0,20260812
Cacna2d1,5,55,0.8141553,1295040,"[72119649, 78544957, 78544961, 78544965, 78557703, 78557707, 79707526, 79707530, 80409517, 80409519]","[78544953, 78544955, 78544979, 79707516, 79707760]",78544983.0,20260812
Cacna2d1,5,56,0.8126949,1295040,"[72119649, 78544953, 78544963, 78544979, 78557705, 78557709, 79707526, 79707532, 80409517, 80409521]","[75042246, 78544955, 78544965, 78557711, 80409515]",78544983.0,20260812
Cacna2d1,5,57,0.80375755,1295040,"[72119649, 75042246, 78544959, 78544963, 78557711, 79707516, 79707532, 79707760, 80409519, 80409521]","[78544981, 78557705, 78557709, 79707526, 80409515]",78544983.0,20260812
Cacna2d1,5,58,0.81249344,1295040,"[75042246, 78544955, 78544959, 78544961, 78544981, 78557703, 78557709, 79707516, 79707532, 79707760]","[78544963, 78557711, 79707526, 80409515, 80409519]",78544983.0,20260812
Cacna2d1,5,59,0.8190298,1295040,"[78544953, 78544959, 78544961, 78544963, 78544965, 78557707, 79707526, 79707532, 80409519, 80409521]","[78544979, 78557703, 78557705, 78557711, 79707530]",78544983.0,20260812
Cacna2d1,5,60,0.77784634,1295040,"[75042246, 78544953, 78544963, 78557703, 78557709, 78557711, 79707526, 79707530, 80409515, 80409517]","[78544957, 78544979, 78544981, 79707760, 80409519]",78544983.0,20260812
Cacna2d1,5,61,0.77771187,1295040,"[72119649, 78544953, 78544955, 78544959, 78544961, 78544963, 78544965, 78557711, 80409515, 80409519]","[78544957, 78544979, 78557709, 79707526, 80409521]",78544983.0,20260812
Cacna2d1,5,62,0.79087293,1295040,"[72119649, 78544957, 78544959, 78544961, 78544965, 78544979, 78557703, 78557711, 79707760, 80409521]","[78544955, 78544981, 78557709, 79707532, 80409515]",78544983.0,20260812
Cacna2d1,5,63,0.79490495,1295040,"[72119649, 75042246, 78544953, 78544961, 78557705, 78557709, 79707526, 79707532, 80409517, 80409519]","[78544959, 78544981, 78557707, 79707516, 80409521]",78544983.0,20260812
Cacna2d1,5,64,0.8103968,1295040,"[75042246, 78544955, 78544959, 78544961, 78544963, 78544981, 78557709, 79707530, 80409517, 80409521]","[78544953, 78557707, 79707526, 80409515, 80409519]",78544983.0,20260812
Cacna2d1,5,65,0.81241673,1295040,"[75042246, 78544953, 78544979, 78557703, 79707516, 79707526, 79707530, 80409515, 80409519, 80409521]","[78544961, 78544963, 78544965, 78557707, 78557709]",78544983.0,20260812
Cacna2d1,5,66,0.803935,1295040,"[72119649, 78544963, 78544979, 78557705, 78557711, 79707516, 79707526, 79707530, 79707760, 80409519]","[78544955, 78544959, 78544965, 79707532, 80409517]",78544983.0,20260812
Cacna2d1,5,67,0.8139988,1295040,"[72119649, 75042246, 78544957, 78544959, 78544979, 78557705, 78557711, 79707526, 79707530, 79707532]","[78544961, 78557703, 78557707, 78557709, 79707516]",78544983.0,20260812
Cacna2d1,5,68,0.791782,1295040,"[78544955, 78544961, 78544963, 78544965, 78557703, 78557705, 78557711, 79707530, 80409515, 80409521]","[78544953, 78544959, 78544981, 78557709, 79707526]",78544983.0,20260812
Cacna2d1,5,69,0.7851436,1295040,"[75042246, 78544957, 78544963, 78557705, 78557707, 79707516, 79707526, 79707530, 79707532, 79707760]","[78544961, 78544981, 78557709, 80409515, 80409517]",78544983.0,20260812
Cacna2d1,5,70,0.77834046,1295040,"[75042246, 78544953, 78544955, 78544961, 78544963, 78544979, 79707526, 79707532, 80409517, 80409519]","[78544957, 78544959, 78544981, 78557705, 78557711]",78544983.0,20260812
Cacna2d1,5,71,0.8174551,1295040,"[72119649, 75042246, 78544953, 78544955, 78544961, 78544981, 78557711, 79707532, 79707760, 80409521]","[78557709, 79707516, 79707526, 80409515, 80409517]",78544983.0,20260812
Cacna2d1,5,72,0.79523206,1295040,"[75042246, 78544953, 78544957, 78544959, 78544963, 78544981, 78557705, 78557711, 80409517, 80409519]","[78544965, 78544979, 79707530, 79707760, 80409515]",78544983.0,20260812
Cacna2d1,5,73,0.8039292,1295040,"[78544957, 78544959, 78544961, 78544981, 78557705, 78557707, 78557709, 78557711, 79707516, 80409521]","[72119649, 75042246, 78544955, 79707530, 80409515]",78544983.0,20260812
Cacna2d1,5,74,0.80274034,1295040,"[78544955, 78544957, 78544959, 78544965, 78544981, 78557707, 79707516, 79707526, 79707760, 80409515]","[72119649, 75042246, 78557703, 78557705, 80409521]",78544983.0,20260812
Cacna2d1,5,75,0.82035965,1295040,"[78544953, 78544955, 78544957, 78544959, 78544963, 78544965, 78544979, 79707760, 80409515, 80409519]","[72119649, 78557703, 79707516, 79707532, 80409517]",78544983.0,20260812
Cacna2d1,5,76,0.80657935,1295040,"[78544955, 78544961, 78544963, 78557707, 79707516, 79707526, 79707530, 79707760, 80409517, 80409521]","[78544953, 78544957, 78544965, 78557703, 78557705]",78544983.0,20260812
Cacna2d1,5,77,0.80179274,1295040,"[75042246, 78544965, 78544981, 79707530, 79707532, 79707760, 80409515, 80409517, 80409519, 80409521]","[72119649, 78544955, 78557703, 78557707, 79707516]",78544983.0,20260812
Cacna2d1,5,78,0.79349494,1295040,"[78544955, 78544957, 78544959, 78557705, 78557711, 79707526, 79707532, 79707760, 80409515, 80409517]","[72119649, 78544953, 78544965, 78557703, 78557709]",78544983.0,20260812
Cacna2d1,5,79,0.7791887,1295040,"[75042246, 78544953, 78544957, 78544963, 78544979, 78544981, 78557707, 78557709, 80409517, 80409521]","[78544959, 78557705, 79707532, 79707760, 80409515]",78544983.0,20260812
Cacna2d1,5,80,0.7959595,1295040,"[78544955, 78544957, 78544959, 78544961, 78544981, 78557705, 78557711, 79707526, 80409517, 80409521]","[78544979, 79707516, 79707532, 80409515, 80409519]",78544983.0,20260812
Cacna2d1,5,81,0.81124616,1295040,"[75042246, 78544953, 78544955, 78544957, 78544959, 78544979, 78557703, 78557711, 79707526, 79707530]","[72119649, 78557709, 79707516, 79707760, 80409521]",78544983.0,20260812
Cacna2d1,5,82,0.7942908,1295040,"[72119649, 78544957, 78544961, 78544981, 78557703, 78557709, 78557711, 79707530, 79707532, 80409515]","[78544955, 78544979, 78557707, 79707526, 80409517]",78544983.0,20260812
Cacna2d1,5,83,0.7918918,1295040,"[72119649, 75042246, 78544953, 78544961, 78544965, 78544981, 78557705, 78557709, 79707526, 80409521]","[78544957, 78557707, 78557711, 79707530, 80409517]",78544983.0,20260812
Cacna2d1,5,84,0.7891192,1295040,"[75042246, 78544955, 78544957, 78544959, 78544961, 78544963, 78544965, 78544981, 80409515, 80409521]","[78544979, 78557707, 78557711, 79707760, 80409517]",78544983.0,20260812
Cacna2d1,5,85,0.8125119,1295040,"[75042246, 78544957, 78544959, 78544963, 78544979, 78544981, 78557711, 79707516, 79707532, 80409519]","[78544965, 78557703, 78557705, 78557709, 80409515]",78544983.0,20260812
Cacna2d1,5,86,0.81470746,1295040,"[75042246, 78544953, 78544959, 78544961, 78557703, 78557705, 78557707, 79707530, 79707532, 80409521]","[72119649, 78544979, 78557711, 79707526, 80409519]",78544983.0,20260812
Cacna2d1,5,87,0.7906389,1295040,"[75042246, 78544957, 78544959, 78544979, 78544981, 79707516, 79707532, 80409515, 80409517, 80409519]","[78544961, 78557709, 79707526, 79707760, 80409521]",78544983.0,20260812
Cacna2d1,5,88,0.8259486,1295040,"[75042246, 78544953, 78544959, 78557707, 78557709, 78557711, 79707526, 79707530, 79707532, 80409515]","[78544965, 78557703, 79707760, 80409517, 80409519]",78544983.0,20260812
Cacna2d1,5,89,0.77945364,1295040,"[72119649, 75042246, 78544959, 78544979, 78557703, 78557705, 79707516, 79707530, 79707760, 80409517]","[78544955, 78544981, 78557707, 79707526, 80409521]",78544983.0,20260812
Cacna2d1,5,90,0.81982505,1295040,"[72119649, 75042246, 78544955, 78544963, 78544981, 78557711, 79707516, 79707526, 79707532, 80409519]","[78544953, 78544959, 78544961, 78544965, 78557709]",78544983.0,20260812
Cacna2d1,5,91,0.7879628,1295040,"[75042246, 78544953, 78544955, 78544961, 78544963, 78544981, 79707516, 79707530, 79707760, 80409519]","[78544959, 78557705, 78557709, 80409515, 80409521]",78544983.0,20260812
Cacna2d1,5,92,0.77208376,1295040,"[78544959, 78544963, 78544979, 78557705, 78557707, 78557711, 79707530, 79707532, 80409517, 80409521]","[72119649, 78544957, 78544961, 78544965, 78544981]",78544983.0,20260812
Cacna2d1,5,93,0.8023128,1295040,"[78544955, 78544957, 78544959, 78544963, 78544979, 78544981, 78557711, 79707530, 80409517, 80409521]","[75042246, 78557709, 79707516, 79707526, 79707760]",78544983.0,20260812
Cacna2d1,5,94,0.82050335,1295040,"[72119649, 78544953, 78544965, 78544981, 78557703, 78557705, 78557707, 78557709, 79707760, 80409521]","[78544979, 78557711, 79707516, 80409517, 80409519]",78544983.0,20260812
Cacna2d1,5,95,0.79696786,1295040,"[75042246, 78544955, 78544979, 78557707, 78557711, 79707526, 79707532, 80409515, 80409519, 80409521]","[72119649, 78544961, 78544981, 78557705, 79707760]",78544983.0,20260812
Cacna2d1,5,96,0.8134604,1295040,"[75042246, 78544957, 78544963, 78544965, 78544981, 78557703, 78557707, 79707516, 79707760, 80409521]","[72119649, 78557709, 79707526, 80409515, 80409519]",78544983.0,20260812
Cacna2d1,5,97,0.7896409,1295040,"[72119649, 75042246, 78544955, 78544963, 78544965, 78557703, 78557705, 78557707, 79707516, 80409521]","[78557711, 79707526, 79707532, 79707760, 80409515]",78544983.0,20260812
Cacna2d1,5,98,0.81709015,1295040,"[72119649, 78544953, 78544965, 78544981, 78557703, 78557709, 78557711, 79707526, 79707530, 80409519]","[75042246, 78544955, 78557707, 79707532, 80409515]",78544983.0,20260812
Cacna2d1,5,99,0.78767025,1295040,"[78544953, 78544955, 78544963, 78557703, 78557707, 78557709, 79707526, 79707530, 79707760, 80409517]","[78544959, 78544965, 78544981, 79707532, 80409519]",78544983.0,20260812
Cacna2d1,6,0,0.8229026,1295040,"[78544955, 78544965, 78544981, 78557703, 78557705, 78557709, 79707516, 79707532, 80409517, 80409519]","[72119649, 75042246, 78544957, 78544979, 78557711, 79707760]",78544983.0,20260812
Cacna2d1,6,1,0.83299387,1295040,"[78544955, 78544961, 78544965, 78557703, 78557705, 78557707, 78557709, 79707526, 80409515, 80409517]","[72119649, 78544953, 78544963, 79707516, 79707530, 79707760]",78544983.0,20260812
Cacna2d1,6,2,0.8244539,1295040,"[78544953, 78544965, 78557703, 78557705, 78557709, 78557711, 79707516, 80409517, 80409519, 80409521]","[78544961, 78544963, 78557707, 79707530, 79707532, 79707760]",78544983.0,20260812
Cacna2d1,6,3,0.8065892,1295040,"[72119649, 78544963, 78557703, 78557709, 78557711, 79707516, 79707530, 79707532, 80409519, 80409521]","[75042246, 78544955, 78544957, 78544981, 78557707, 80409515]",78544983.0,20260812
Cacna2d1,6,4,0.82791144,1295040,"[72119649, 78544959, 78544961, 78544981, 78557703, 78557705, 78557709, 79707516, 79707760, 80409517]","[78544953, 78544963, 79707532, 80409515, 80409519, 80409521]",78544983.0,20260812
Cacna2d1,6,5,0.78060675,1295040,"[72119649, 78544955, 78544965, 78557703, 78557705, 78557711, 79707516, 79707530, 80409519, 80409521]","[78544957, 78544961, 78544981, 78557707, 78557709, 79707526]",78544983.0,20260812
Cacna2d1,6,6,0.8093144,1295040,"[78544959, 78544963, 78544981, 78557705, 78557707, 78557709, 79707532, 79707760, 80409519, 80409521]","[78544961, 78544979, 78557703, 79707516, 79707530, 80409515]",78544983.0,20260812
Cacna2d1,6,7,0.8256947,1295040,"[72119649, 78544957, 78544959, 78544961, 78557711, 79707516, 79707526, 79707532, 80409515, 80409519]","[78544955, 78544965, 78557705, 78557709, 79707530, 79707760]",78544983.0,20260812
Cacna2d1,6,8,0.81972235,1295040,"[78544959, 78544979, 78557703, 78557705, 78557707, 78557709, 79707530, 79707532, 80409515, 80409521]","[72119649, 78544953, 78544955, 78557711, 79707516, 79707760]",78544983.0,20260812
Cacna2d1,6,9,0.8211533,1295040,"[72119649, 75042246, 78544955, 78544957, 78544965, 78557707, 78557711, 79707532, 79707760, 80409515]","[78544953, 78544981, 79707516, 79707526, 79707530, 80409521]",78544983.0,20260812
Cacna2d1,6,10,0.80994517,1295040,"[75042246, 78544953, 78544957, 78544963, 78544965, 78544981, 78557703, 78557707, 78557709, 80409515]","[78544959, 78544961, 78544979, 79707530, 79707532, 80409519]",78544983.0,20260812
Cacna2d1,6,11,0.7945485,1295040,"[72119649, 75042246, 78544953, 78544957, 78544961, 78544963, 78544979, 79707530, 79707532, 79707760]","[78544955, 78544981, 78557707, 78557709, 78557711, 80409519]",78544983.0,20260812
Cacna2d1,6,12,0.8282764,1295040,"[75042246, 78544953, 78544963, 78544979, 78557703, 78557707, 79707516, 79707760, 80409517, 80409521]","[72119649, 78544955, 78557709, 79707526, 79707530, 79707532]",78544983.0,20260812
Cacna2d1,6,13,0.8291131,1295040,"[78544953, 78544961, 78544963, 78544981, 78557705, 79707526, 79707530, 79707532, 79707760, 80409515]","[72119649, 75042246, 78544979, 78557709, 79707516, 80409517]",78544983.0,20260812
Cacna2d1,6,14,0.81358093,1295040,"[78544955, 78544957, 78544979, 78557703, 78557707, 78557709, 79707526, 79707530, 79707532, 80409517]","[75042246, 78544961, 78544981, 78557705, 80409515, 80409519]",78544983.0,20260812
Cacna2d1,6,15,0.81678534,1295040,"[75042246, 78544957, 78544961, 78544965, 78544981, 78557705, 78557707, 78557709, 79707530, 80409521]","[78544953, 78544963, 78557703, 78557711, 80409517, 80409519]",78544983.0,20260812
Cacna2d1,6,16,0.82200694,1295040,"[78544955, 78544957, 78544959, 78544963, 78544965, 78544979, 78557709, 79707530, 80409517, 80409519]","[72119649, 78544961, 79707516, 79707526, 79707532, 79707760]",78544983.0,20260812
Cacna2d1,6,17,0.8345535,1295040,"[72119649, 78544963, 78544965, 78544981, 78557703, 78557707, 78557709, 79707532, 79707760, 80409519]","[75042246, 78544953, 78544955, 78544961, 79707526, 80409515]",78544983.0,20260812
Cacna2d1,6,18,0.8125732,1295040,"[72119649, 75042246, 78544955, 78544961, 78544965, 78544979, 78557703, 79707526, 80409515, 80409519]","[78557705, 78557707, 78557709, 79707532, 80409517, 80409521]",78544983.0,20260812
Cacna2d1,6,19,0.8198,1295040,"[75042246, 78544955, 78544957, 78544959, 78557705, 78557707, 79707516, 79707526, 80409517, 80409519]","[72119649, 78544961, 78544979, 78557709, 79707530, 80409515]",78544983.0,20260812
Cacna2d1,6,20,0.81778944,1295040,"[72119649, 75042246, 78544957, 78544959, 78557709, 78557711, 79707526, 79707530, 79707532, 80409517]","[78544953, 78544955, 78544963, 78544965, 78557703, 78557707]",78544983.0,20260812
Cacna2d1,6,21,0.82887745,1295040,"[72119649, 78544955, 78544961, 78544963, 78544979, 78557707, 78557709, 79707532, 80409515, 80409521]","[75042246, 78544959, 78544965, 78557711, 79707530, 79707760]",78544983.0,20260812
Cacna2d1,6,22,0.83505446,1295040,"[72119649, 78544953, 78544955, 78557703, 78557709, 78557711, 79707526, 79707530, 79707760, 80409519]","[75042246, 78544961, 78544963, 78557707, 80409515, 80409521]",78544983.0,20260812
Cacna2d1,6,23,0.8222142,1295040,"[78544961, 78544965, 78544979, 78544981, 78557707, 78557709, 78557711, 79707526, 79707530, 80409521]","[72119649, 75042246, 78544955, 78544963, 78557705, 80409517]",78544983.0,20260812
Cacna2d1,6,24,0.8210666,1295040,"[78544953, 78544955, 78544957, 78544959, 78544981, 78557705, 78557709, 79707516, 80409515, 80409521]","[78544965, 78544979, 79707526, 79707530, 80409517, 80409519]",78544983.0,20260812
Cacna2d1,6,25,0.8242249,1295040,"[78544953, 78544959, 78544965, 78544979, 78557703, 78557709, 79707516, 79707530, 79707760, 80409521]","[75042246, 78544957, 78557707, 79707526, 79707532, 80409517]",78544983.0,20260812
Cacna2d1,6,26,0.81759477,1295040,"[75042246, 78544953, 78544955, 78544981, 78557703, 78557711, 79707516, 79707526, 79707530, 80409517]","[78544979, 78557705, 78557709, 79707532, 79707760, 80409521]",78544983.0,20260812
Cacna2d1,6,27,0.8140489,1295040,"[78544953, 78544979, 78544981, 78557705, 79707516, 79707526, 79707530, 79707760, 80409517, 80409521]","[75042246, 78544955, 78544957, 78544959, 78557709, 78557711]",78544983.0,20260812
Cacna2d1,6,28,0.8219275,1295040,"[78544953, 78544961, 78544979, 78544981, 78557705, 78557711, 79707516, 79707526, 79707760, 80409517]","[72119649, 78544957, 78544959, 78557703, 78557709, 79707530]",78544983.0,20260812
Cacna2d1,6,29,0.82636464,1295040,"[72119649, 78544953, 78544957, 78544961, 78544963, 78544981, 78557705, 79707516, 79707532, 80409515]","[75042246, 78544959, 78544965, 79707526, 79707530, 80409521]",78544983.0,20260812
Cacna2d1,6,30,0.82424474,1295040,"[72119649, 75042246, 78544957, 78544963, 78544979, 78557703, 79707532, 80409517, 80409519, 80409521]","[78544953, 78544955, 78544961, 79707516, 79707530, 79707760]",78544983.0,20260812
Cacna2d1,6,31,0.8176818,1295040,"[75042246, 78544963, 78557703, 78557711, 79707516, 79707760, 80409515, 80409517, 80409519, 80409521]","[78544953, 78544957, 78544979, 78557707, 78557709, 79707530]",78544983.0,20260812
Cacna2d1,6,32,0.8193834,1295040,"[78544955, 78544957, 78544959, 78544965, 78557709, 78557711, 79707516, 79707530, 80409519, 80409521]","[72119649, 78544961, 78557703, 78557705, 79707532, 79707760]",78544983.0,20260812
Cacna2d1,6,33,0.8113743,1295040,"[75042246, 78544953, 78544957, 78544959, 78544963, 78557705, 78557707, 78557709, 79707526, 79707760]","[72119649, 78544955, 78544961, 79707530, 79707532, 80409521]",78544983.0,20260812
Cacna2d1,6,34,0.83528066,1295040,"[72119649, 78544959, 78544963, 78544979, 78557703, 78557705, 78557709, 79707516, 79707526, 79707530]","[78544953, 78544955, 78544965, 78557707, 79707532, 80409521]",78544983.0,20260812
Cacna2d1,6,35,0.8125584,1295040,"[78544955, 78544957, 78544979, 78557703, 78557711, 79707526, 79707532, 79707760, 80409517, 80409519]","[78544959, 78544961, 78544965, 78544981, 79707530, 80409521]",78544983.0,20260812
Cacna2d1,6,36,0.8068503,1295040,"[78544953, 78544957, 78544963, 78544979, 78544981, 78557707, 78557711, 79707516, 80409517, 80409521]","[78544955, 78544959, 78557705, 78557709, 79707526, 80409519]",78544983.0,20260812
Cacna2d1,6,37,0.8203798,1295040,"[72119649, 78544955, 78544959, 78557703, 78557709, 79707516, 79707530, 79707532, 80409517, 80409521]","[78544961, 78544965, 78544979, 78544981, 80409515, 80409519]",78544983.0,20260812
Cacna2d1,6,38,0.822994,1295040,"[72119649, 78544953, 78544955, 78544957, 78544965, 78544979, 78557709, 78557711, 79707516, 79707760]","[78544963, 78544981, 78557707, 79707530, 79707532, 80409517]",78544983.0,20260812
Cacna2d1,6,39,0.8290918,1295040,"[72119649, 78544955, 78544959, 78544961, 78557703, 78557705, 78557709, 79707526, 79707532, 80409517]","[75042246, 78544963, 78544965, 79707516, 79707530, 80409519]",78544983.0,20260812
Cacna2d1,6,40,0.8196323,1295040,"[72119649, 78544959, 78544963, 78544965, 78557705, 78557707, 78557709, 79707530, 80409515, 80409519]","[75042246, 78544955, 78544979, 79707526, 79707760, 80409521]",78544983.0,20260812
Cacna2d1,6,41,0.82453597,1295040,"[75042246, 78544957, 78557703, 78557705, 78557709, 79707532, 79707760, 80409517, 80409519, 80409521]","[78544955, 78544959, 78544963, 78544981, 79707516, 80409515]",78544983.0,20260812
Cacna2d1,6,42,0.82770866,1295040,"[72119649, 75042246, 78544953, 78544959, 78544979, 78557703, 78557705, 78557709, 79707526, 79707532]","[78544955, 78544963, 78544965, 79707516, 79707760, 80409521]",78544983.0,20260812
Cacna2d1,6,43,0.79774386,1295040,"[72119649, 78544957, 78544961, 78544965, 78544979, 78544981, 78557711, 79707516, 80409519, 80409521]","[78544959, 78557705, 78557709, 79707760, 80409515, 80409517]",78544983.0,20260812
Cacna2d1,6,44,0.8234799,1295040,"[78544953, 78544955, 78544957, 78544959, 78544963, 78544965, 78557703, 78557709, 79707530, 80409519]","[78544979, 78544981, 78557705, 79707516, 79707532, 79707760]",78544983.0,20260812
Cacna2d1,6,45,0.820649,1295040,"[75042246, 78544959, 78544965, 79707526, 79707530, 79707532, 79707760, 80409515, 80409517, 80409521]","[72119649, 78544955, 78544979, 78557711, 79707516, 80409519]",78544983.0,20260812
Cacna2d1,6,46,0.83044523,1295040,"[72119649, 78544955, 78544959, 78544963, 78557711, 79707516, 79707526, 79707532, 80409519, 80409521]","[78544953, 78544979, 78544981, 78557703, 78557709, 79707760]",78544983.0,20260812
Cacna2d1,6,47,0.8024413,1295040,"[72119649, 75042246, 78544953, 78544955, 78544963, 78557703, 78557707, 78557711, 79707530, 80409521]","[78544959, 78544961, 78544979, 78544981, 78557705, 79707526]",78544983.0,20260812
Cacna2d1,6,48,0.826187,1295040,"[75042246, 78544953, 78544957, 78544965, 78544981, 79707530, 80409515, 80409517, 80409519, 80409521]","[72119649, 78544955, 78544963, 78557705, 78557707, 79707516]",78544983.0,20260812
Cacna2d1,6,49,0.82107985,1295040,"[78544957, 78544959, 78544961, 78544963, 78544965, 78544979, 78557705, 79707526, 80409517, 80409521]","[72119649, 75042246, 78544953, 78544955, 78544981, 78557711]",78544983.0,20260812
Cacna2d1,6,50,0.792488,1295040,"[75042246, 78544953, 78544965, 78557709, 78557711, 79707516, 79707526, 79707530, 80409515, 80409519]","[78544955, 78544957, 78544961, 78544981, 79707760, 80409521]",78544983.0,20260812
Cacna2d1,6,51,0.8230003,1295040,"[75042246, 78544955, 78544959, 78544961, 78544963, 78544981, 78557705, 78557707, 79707516, 79707530]","[78544979, 78557709, 78557711, 79707526, 80409515, 80409519]",78544983.0,20260812
Cacna2d1,6,52,0.8119942,1295040,"[78544953, 78544955, 78544957, 78544961, 78557703, 78557709, 78557711, 79707530, 80409517, 80409521]","[78544965, 78544981, 78557705, 78557707, 79707532, 80409515]",78544983.0,20260812
Cacna2d1,6,53,0.8210849,1295040,"[72119649, 75042246, 78544955, 78544959, 78544961, 78544963, 78557703, 78557711, 79707526, 80409521]","[78544979, 78557709, 79707530, 79707760, 80409515, 80409519]",78544983.0,20260812
Cacna2d1,6,54,0.8202283,1295040,"[72119649, 78544961, 78544981, 78557703, 78557705, 78557711, 79707516, 79707532, 80409519, 80409521]","[78544957, 78544965, 78544979, 79707526, 79707530, 80409517]",78544983.0,20260812
Cacna2d1,6,55,0.82234406,1295040,"[75042246, 78544963, 78544979, 78544981, 78557703, 78557705, 79707516, 79707760, 80409515, 80409521]","[78544955, 78544961, 78544965, 78557707, 79707526, 79707530]",78544983.0,20260812
Cacna2d1,6,56,0.81666267,1295040,"[75042246, 78544953, 78544955, 78557707, 79707526, 79707530, 79707760, 80409515, 80409517, 80409521]","[72119649, 78544959, 78544961, 78544979, 78557709, 78557711]",78544983.0,20260812
Cacna2d1,6,57,0.8401662,1295040,"[72119649, 75042246, 78544955, 78544959, 78544961, 78544963, 78544965, 80409515, 80409519, 80409521]","[78557703, 78557705, 78557711, 79707516, 79707532, 79707760]",78544983.0,20260812
Cacna2d1,6,58,0.82440203,1295040,"[72119649, 78544955, 78544957, 78544963, 78544965, 78544981, 78557703, 78557705, 78557707, 79707530]","[75042246, 78544953, 78544979, 78557709, 79707760, 80409519]",78544983.0,20260812
Cacna2d1,6,59,0.81306374,1295040,"[78544955, 78544981, 78557703, 79707526, 79707532, 79707760, 80409515, 80409517, 80409519, 80409521]","[75042246, 78544961, 78544979, 78557707, 79707516, 79707530]",78544983.0,20260812
Cacna2d1,6,60,0.80538166,1295040,"[75042246, 78544953, 78544959, 78544961, 78544963, 78544965, 78544979, 79707526, 80409517, 80409521]","[78544955, 78544981, 78557705, 78557707, 78557709, 79707530]",78544983.0,20260812
Cacna2d1,6,61,0.8130511,1295040,"[78544959, 78544961, 78544963, 78544965, 78557705, 78557711, 79707516, 79707532, 80409515, 80409521]","[78544955, 78544957, 78544979, 78557703, 78557707, 80409519]",78544983.0,20260812
Cacna2d1,6,62,0.8234748,1295040,"[72119649, 78544959, 78544961, 78544979, 78544981, 78557703, 78557705, 79707526, 79707530, 80409517]","[78544963, 78557709, 78557711, 79707532, 80409515, 80409521]",78544983.0,20260812
Cacna2d1,6,63,0.82268345,1295040,"[75042246, 78544953, 78544955, 78544959, 78544963, 78557705, 79707526, 80409517, 80409519, 80409521]","[72119649, 78544979, 78557709, 78557711, 79707530, 80409515]",78544983.0,20260812
Cacna2d1,6,64,0.8337772,1295040,"[72119649, 78544953, 78544955, 78544957, 78544981, 78557703, 78557707, 79707530, 79707532, 80409519]","[78544963, 78544965, 78557709, 79707516, 80409515, 80409521]",78544983.0,20260812
Cacna2d1,6,65,0.83380944,1295040,"[72119649, 78544953, 78544955, 78544957, 78544959, 78544979, 78557705, 78557707, 78557711, 79707532]","[78557703, 78557709, 79707516, 79707760, 80409517, 80409519]",78544983.0,20260812
Cacna2d1,6,66,0.82826966,1295040,"[72119649, 75042246, 78544955, 78544965, 78544981, 78557707, 79707526, 79707530, 79707532, 79707760]","[78544959, 78544979, 78557703, 78557711, 80409515, 80409521]",78544983.0,20260812
Cacna2d1,6,67,0.7980279,1295040,"[78544955, 78544957, 78544961, 78544963, 78544979, 78557703, 78557707, 79707516, 80409517, 80409519]","[78544981, 78557709, 78557711, 79707526, 79707532, 79707760]",78544983.0,20260812
Cacna2d1,6,68,0.8250768,1295040,"[78544955, 78544957, 78544959, 78544963, 78544965, 78557707, 78557711, 79707516, 80409517, 80409519]","[72119649, 78544961, 78544979, 78544981, 78557703, 79707530]",78544983.0,20260812
Cacna2d1,6,69,0.8123646,1295040,"[75042246, 78544957, 78544963, 78544965, 78544981, 78557703, 78557705, 79707760, 80409515, 80409519]","[78544955, 78544959, 78544961, 78544979, 79707532, 80409521]",78544983.0,20260812
Cacna2d1,6,70,0.81351763,1295040,"[78544955, 78544959, 78544961, 78557707, 78557709, 79707516, 79707532, 79707760, 80409519, 80409521]","[75042246, 78544957, 78544979, 78557705, 79707530, 80409517]",78544983.0,20260812
Cacna2d1,6,71,0.80979484,1295040,"[72119649, 75042246, 78544959, 78544961, 78544965, 78544981, 78557703, 78557707, 79707516, 80409517]","[78544953, 78544957, 79707532, 79707760, 80409519, 80409521]",78544983.0,20260812
Cacna2d1,6,72,0.81598675,1295040,"[72119649, 78544953, 78544955, 78544959, 78544961, 78557711, 79707526, 79707532, 80409517, 80409521]","[78544957, 78544963, 78557703, 78557707, 79707516, 79707530]",78544983.0,20260812
Cacna2d1,6,73,0.8275411,1295040,"[78544957, 78544959, 78544961, 78544965, 78557703, 78557705, 79707516, 79707530, 79707760, 80409521]","[75042246, 78544979, 78557709, 78557711, 79707526, 80409519]",78544983.0,20260812
Cacna2d1,6,74,0.82406497,1295040,"[78544953, 78544955, 78544957, 78544961, 78544963, 78544979, 78544981, 78557709, 79707516, 80409515]","[75042246, 78557703, 78557705, 79707530, 80409517, 80409521]",78544983.0,20260812
Cacna2d1,6,75,0.8022343,1295040,"[75042246, 78544955, 78544963, 78557703, 78557709, 79707516, 79707526, 79707760, 80409517, 80409521]","[78544957, 78544961, 78544965, 78544979, 78544981, 80409515]",78544983.0,20260812
Cacna2d1,6,76,0.8262987,1295040,"[78544953, 78544957, 78544959, 78544979, 78557703, 78557711, 79707516, 79707526, 80409517, 80409519]","[72119649, 78544955, 78544963, 78544981, 79707530, 80409521]",78544983.0,20260812
Cacna2d1,6,77,0.8222012,1295040,"[75042246, 78544955, 78544957, 78544981, 78557705, 78557707, 78557709, 78557711, 79707760, 80409517]","[72119649, 78544953, 78544959, 79707516, 79707530, 80409519]",78544983.0,20260812
Cacna2d1,6,78,0.8264527,1295040,"[78544955, 78544963, 78544981, 78557703, 78557707, 78557709, 79707516, 79707530, 79707532, 80409517]","[72119649, 78544953, 78544959, 79707526, 79707760, 80409521]",78544983.0,20260812
Cacna2d1,6,79,0.8142792,1295040,"[72119649, 78544963, 78544981, 78557709, 78557711, 79707526, 79707532, 79707760, 80409517, 80409519]","[78544955, 78544961, 78544979, 78557703, 79707530, 80409521]",78544983.0,20260812
Cacna2d1,6,80,0.8102133,1295040,"[78544953, 78544955, 78544957, 78544963, 78544965, 78557703, 78557709, 79707516, 79707760, 80409517]","[78544959, 78544979, 78557705, 78557711, 79707526, 80409521]",78544983.0,20260812
Cacna2d1,6,81,0.817636,1295040,"[72119649, 75042246, 78544953, 78544957, 78544961, 78557703, 78557705, 79707516, 79707532, 80409521]","[78544965, 78544979, 78557707, 78557709, 80409515, 80409519]",78544983.0,20260812
Cacna2d1,6,82,0.8251298,1295040,"[78544953, 78544955, 78544959, 78544963, 78544965, 78544979, 78557705, 78557707, 79707526, 80409517]","[72119649, 75042246, 78544961, 78544981, 78557703, 79707760]",78544983.0,20260812
Cacna2d1,6,83,0.82731205,1295040,"[72119649, 78544959, 78544961, 78557703, 78557709, 79707516, 79707760, 80409515, 80409517, 80409519]","[78544953, 78544955, 78557707, 78557711, 79707526, 80409521]",78544983.0,20260812
Cacna2d1,6,84,0.83081585,1295040,"[75042246, 78544955, 78544961, 78544963, 78544965, 78544981, 78557709, 78557711, 80409515, 80409517]","[72119649, 78544953, 78557705, 79707516, 79707526, 80409519]",78544983.0,20260812
Cacna2d1,6,85,0.8284689,1295040,"[78544957, 78544959, 78544979, 78544981, 78557703, 78557707, 79707760, 80409515, 80409517, 80409521]","[78544953, 78544955, 79707516, 79707526, 79707530, 79707532]",78544983.0,20260812
Cacna2d1,6,86,0.81765676,1295040,"[78544955, 78544959, 78544961, 78544965, 78544981, 78557707, 79707516, 79707526, 79707532, 79707760]","[72119649, 75042246, 78557709, 80409515, 80409517, 80409519]",78544983.0,20260812
Cacna2d1,6,87,0.82488763,1295040,"[78544953, 78544957, 78544961, 78544965, 78544981, 78557703, 78557705, 78557707, 78557709, 80409515]","[75042246, 78544963, 79707532, 79707760, 80409517, 80409519]",78544983.0,20260812
Cacna2d1,6,88,0.8341219,1295040,"[72119649, 78544953, 78544957, 78544965, 78557707, 78557711, 79707516, 79707760, 80409515, 80409517]","[78544955, 78544963, 78544979, 78557709, 79707530, 79707532]",78544983.0,20260812
Cacna2d1,6,89,0.7991847,1295040,"[72119649, 75042246, 78544955, 78544961, 78557709, 79707516, 79707526, 79707532, 80409517, 80409519]","[78544957, 78544959, 78544981, 79707530, 80409515, 80409521]",78544983.0,20260812
Cacna2d1,6,90,0.8198837,1295040,"[72119649, 78544953, 78544955, 78544961, 78557705, 78557709, 79707516, 79707526, 79707760, 80409519]","[78544957, 78544959, 78544963, 78557707, 78557711, 80409515]",78544983.0,20260812
Cacna2d1,6,91,0.833766,1295040,"[72119649, 78544953, 78544963, 78544981, 78557703, 78557705, 79707530, 79707532, 79707760, 80409515]","[75042246, 78544959, 78544979, 78557707, 78557709, 80409519]",78544983.0,20260812
Cacna2d1,6,92,0.8227741,1295040,"[72119649, 78544955, 78557703, 78557705, 79707516, 79707526, 79707530, 79707532, 79707760, 80409517]","[78544963, 78544965, 78557707, 78557709, 80409519, 80409521]",78544983.0,20260812
Cacna2d1,6,93,0.8227774,1295040,"[72119649, 78544953, 78544955, 78544959, 78544961, 78544963, 78557707, 78557709, 79707530, 79707760]","[78544957, 78544979, 78557703, 79707516, 80409517, 80409521]",78544983.0,20260812
Cacna2d1,6,94,0.81206053,1295040,"[78544953, 78544957, 78544963, 78557709, 78557711, 79707516, 79707526, 79707530, 79707532, 80409521]","[78544955, 78544979, 78557707, 80409515, 80409517, 80409519]",78544983.0,20260812
Cacna2d1,6,95,0.8191061,1295040,"[78544961, 78557705, 78557707, 78557709, 78557711, 79707516, 79707526, 79707760, 80409519, 80409521]","[78544979, 78544981, 79707530, 79707532, 80409515, 80409517]",78544983.0,20260812
Cacna2d1,6,96,0.8278737,1295040,"[72119649, 78544955, 78544961, 78544979, 78557705, 79707526, 79707530, 79707532, 80409517, 80409521]","[75042246, 78544959, 78544963, 78544965, 78544981, 79707760]",78544983.0,20260812
Cacna2d1,6,97,0.8263958,1295040,"[78544955, 78544959, 78557705, 78557709, 79707516, 79707526, 79707532, 80409515, 80409519, 80409521]","[78544953, 78544965, 78544981, 78557703, 78557711, 79707760]",78544983.0,20260812
Cacna2d1,6,98,0.8206174,1295040,"[78544961, 78544979, 78557703, 78557705, 78557709, 78557711, 79707526, 79707532, 80409517, 80409519]","[72119649, 78544953, 78544957, 78544981, 79707530, 80409515]",78544983.0,20260812
Cacna2d1,6,99,0.8132254,1295040,"[75042246, 78544953, 78544959, 78544961, 78544963, 78544979, 78557707, 79707516, 79707530, 80409515]","[78544957, 78544965, 78557705, 78557711, 79707760, 80409519]",78544983.0,20260812
Cacna2d1,7,0,0.83377945,1295040,"[72119649, 78544953, 78544957, 78557705, 78557711, 79707526, 79707530, 79707760, 80409515, 80409521]","[78544955, 78544961, 78544963, 78544981, 78557703, 78557709, 79707516]",78544983.0,20260812
Cacna2d1,7,1,0.83814114,1295040,"[72119649, 75042246, 78544955, 78544959, 78544965, 78544979, 78557703, 78557705, 79707516, 79707760]","[78544953, 78557707, 78557709, 78557711, 79707530, 80409517, 80409521]",78544983.0,20260812
Cacna2d1,7,2,0.84051937,1295040,"[78544953, 78544955, 78544961, 78544963, 78544965, 78557705, 78557709, 79707532, 80409515, 80409517]","[72119649, 75042246, 78544957, 78544959, 78557707, 79707516, 79707526]",78544983.0,20260812
Cacna2d1,7,3,0.8392443,1295040,"[78544953, 78544959, 78544961, 78544965, 78544981, 79707516, 79707760, 80409515, 80409519, 80409521]","[72119649, 78544955, 78557707, 78557711, 79707530, 79707532, 80409517]",78544983.0,20260812
Cacna2d1,7,4,0.84089035,1295040,"[72119649, 78544959, 78544961, 78544965, 78544979, 78557705, 78557709, 79707530, 80409515, 80409521]","[78544955, 78544957, 78557703, 78557707, 78557711, 79707532, 80409519]",78544983.0,20260812
Cacna2d1,7,5,0.8138703,1295040,"[75042246, 78544953, 78544957, 78544963, 78544965, 78544979, 78557705, 78557707, 78557711, 79707760]","[78544959, 78544961, 78544981, 79707530, 79707532, 80409517, 80409521]",78544983.0,20260812
Cacna2d1,7,6,0.84287554,1295040,"[72119649, 75042246, 78544953, 78544959, 78544963, 78544965, 78557707, 79707516, 80409517, 80409519]","[78544955, 78544961, 78544979, 78557703, 78557705, 78557709, 79707526]",78544983.0,20260812
Cacna2d1,7,7,0.83702743,1295040,"[78544955, 78544957, 78544961, 78544981, 78557703, 78557705, 79707516, 79707526, 79707530, 79707532]","[72119649, 75042246, 78544959, 78557707, 78557709, 80409515, 80409517]",78544983.0,20260812
Cacna2d1,7,8,0.83853614,1295040,"[75042246, 78544959, 78544979, 78557703, 78557705, 78557711, 79707526, 79707530, 79707532, 80409519]","[78544955, 78544961, 78544963, 78544965, 79707516, 80409515, 80409521]",78544983.0,20260812
Cacna2d1,7,9,0.8213945,1295040,"[78544959, 78544961, 78544963, 78544981, 78557705, 78557707, 78557709, 78557711, 79707760, 80409521]","[78544955, 78544957, 78544965, 78544979, 79707516, 79707526, 80409519]",78544983.0,20260812
Cacna2d1,7,10,0.8337093,1295040,"[72119649, 78544953, 78544963, 78544981, 78557705, 78557707, 79707516, 79707526, 79707760, 80409515]","[75042246, 78544955, 78544957, 78544965, 79707530, 80409517, 80409521]",78544983.0,20260812
Cacna2d1,7,11,0.8354933,1295040,"[75042246, 78544955, 78544959, 78544961, 78544963, 78544981, 78557705, 78557707, 79707526, 80409521]","[78544953, 78544957, 78544965, 78557703, 78557709, 78557711, 79707516]",78544983.0,20260812
Cacna2d1,7,12,0.8294131,1295040,"[75042246, 78544955, 78544959, 78544965, 78544981, 78557703, 78557707, 78557709, 78557711, 79707526]","[78544953, 78544957, 78544961, 78557705, 79707530, 79707760, 80409517]",78544983.0,20260812
Cacna2d1,7,13,0.8344519,1295040,"[75042246, 78544955, 78544965, 78544979, 78557703, 78557707, 79707516, 80409515, 80409517, 80409519]","[72119649, 78544957, 78544963, 78544981, 79707530, 79707532, 79707760]",78544983.0,20260812
Cacna2d1,7,14,0.83380127,1295040,"[72119649, 75042246, 78544955, 78544979, 78557703, 78557707, 79707530, 79707532, 80409517, 80409519]","[78544959, 78544963, 78557709, 78557711, 79707526, 80409515, 80409521]",78544983.0,20260812
Cacna2d1,7,15,0.84110594,1295040,"[75042246, 78544953, 78544963, 78544965, 78544979, 78544981, 78557705, 79707530, 79707760, 80409519]","[78544955, 78544961, 78557707, 78557709, 79707516, 79707532, 80409515]",78544983.0,20260812
Cacna2d1,7,16,0.8270405,1295040,"[75042246, 78544953, 78544959, 78544961, 78544979, 78557703, 79707526, 79707532, 79707760, 80409515]","[72119649, 78544965, 78557707, 78557709, 79707516, 79707530, 80409521]",78544983.0,20260812
Cacna2d1,7,17,0.8378154,1295040,"[78544953, 78544955, 78544959, 78544961, 78544965, 78544981, 78557703, 78557705, 78557707, 79707516]","[75042246, 78557711, 79707526, 79707530, 79707760, 80409515, 80409519]",78544983.0,20260812
Cacna2d1,7,18,0.8376324,1295040,"[72119649, 78544955, 78544963, 78557705, 79707516, 79707532, 79707760, 80409515, 80409517, 80409519]","[78544959, 78544965, 78544981, 78557703, 78557709, 78557711, 80409521]",78544983.0,20260812
Cacna2d1,7,19,0.8463401,1295040,"[78544953, 78544959, 78544961, 78544965, 78557707, 78557711, 80409515, 80409517, 80409519, 80409521]","[72119649, 75042246, 78544955, 78557705, 79707530, 79707532, 79707760]",78544983.0,20260812
Cacna2d1,7,20,0.8471457,1295040,"[72119649, 78544955, 78544957, 78544963, 78557703, 78557705, 78557707, 79707526, 79707532, 80409521]","[75042246, 78544953, 78544979, 78557711, 79707516, 80409515, 80409517]",78544983.0,20260812
Cacna2d1,7,21,0.8337344,1295040,"[78544953, 78544955, 78544957, 78544963, 78557709, 79707516, 79707526, 79707532, 80409519, 80409521]","[72119649, 75042246, 78544961, 78544965, 78544979, 78557705, 78557711]",78544983.0,20260812
Cacna2d1,7,22,0.8094951,1295040,"[72119649, 75042246, 78544953, 78544963, 78544965, 78544979, 78557705, 79707516, 79707530, 80409521]","[78544955, 78544957, 78557709, 78557711, 79707526, 79707760, 80409517]",78544983.0,20260812
Cacna2d1,7,23,0.83571726,1295040,"[72119649, 75042246, 78544955, 78544965, 78544979, 78544981, 79707516, 79707530, 79707532, 80409521]","[78544953, 78544963, 78557705, 78557707, 78557709, 78557711, 79707760]",78544983.0,20260812
Cacna2d1,7,24,0.83903456,1295040,"[78544961, 78544963, 78544979, 78544981, 78557703, 78557707, 78557711, 79707526, 79707530, 79707760]","[78544953, 78544965, 78557705, 78557709, 79707516, 80409515, 80409521]",78544983.0,20260812
Cacna2d1,7,25,0.83372575,1295040,"[78544953, 78544979, 78544981, 78557707, 78557709, 78557711, 79707526, 79707530, 80409515, 80409517]","[75042246, 78544955, 78544957, 78544963, 78544965, 78557703, 80409521]",78544983.0,20260812
Cacna2d1,7,26,0.8428402,1295040,"[72119649, 75042246, 78544955, 78544963, 78557705, 78557709, 79707530, 80409515, 80409517, 80409521]","[78544953, 78544959, 78544961, 78544965, 78544981, 78557703, 78557711]",78544983.0,20260812
Cacna2d1,7,27,0.8431488,1295040,"[72119649, 75042246, 78544957, 78544965, 78557707, 78557709, 78557711, 79707516, 79707760, 80409517]","[78544955, 78544959, 78544961, 78544963, 79707526, 80409515, 80409519]",78544983.0,20260812
Cacna2d1,7,28,0.84315085,1295040,"[72119649, 78544959, 78544961, 78544979, 78557703, 79707516, 79707526, 79707532, 79707760, 80409519]","[78544953, 78544963, 78557705, 78557709, 78557711, 79707530, 80409521]",78544983.0,20260812
Cacna2d1,7,29,0.8321638,1295040,"[72119649, 78544953, 78544957, 78544965, 78544979, 78557705, 78557711, 79707526, 79707760, 80409519]","[75042246, 78544961, 78544981, 78557709, 79707530, 80409515, 80409517]",78544983.0,20260812
Cacna2d1,7,30,0.84047616,1295040,"[78544953, 78544955, 78544959, 78544979, 78557705, 78557707, 79707532, 79707760, 80409517, 80409519]","[78544957, 78544965, 78557703, 78557711, 79707526, 79707530, 80409515]",78544983.0,20260812
Cacna2d1,7,31,0.84142745,1295040,"[75042246, 78544955, 78544963, 78557705, 78557707, 78557709, 79707526, 79707760, 80409519, 80409521]","[78544953, 78544959, 78544961, 78557703, 78557711, 79707516, 80409517]",78544983.0,20260812
Cacna2d1,7,32,0.8289114,1295040,"[72119649, 78544957, 78544961, 78544963, 78544979, 78557705, 78557707, 78557711, 80409515, 80409519]","[78544955, 78544965, 78544981, 79707516, 79707532, 80409517, 80409521]",78544983.0,20260812
Cacna2d1,7,33,0.83435625,1295040,"[72119649, 75042246, 78544965, 78557703, 78557705, 78557709, 79707516, 79707530, 79707532, 80409517]","[78544955, 78544963, 78544981, 78557707, 79707526, 80409515, 80409521]",78544983.0,20260812
Cacna2d1,7,34,0.8243266,1295040,"[78544953, 78544961, 78544963, 78544965, 78544981, 78557703, 78557705, 78557707, 79707516, 80409517]","[72119649, 78544957, 78544959, 78557709, 79707760, 80409515, 80409521]",78544983.0,20260812
Cacna2d1,7,35,0.8250786,1295040,"[78544955, 78544957, 78544961, 78544963, 78544979, 78557705, 78557707, 78557709, 78557711, 80409517]","[72119649, 75042246, 78544981, 79707516, 79707532, 79707760, 80409521]",78544983.0,20260812
Cacna2d1,7,36,0.8283719,1295040,"[72119649, 78544957, 78544959, 78544963, 78544981, 78557705, 79707532, 79707760, 80409517, 80409519]","[78544953, 78544965, 78557707, 79707516, 79707530, 80409515, 80409521]",78544983.0,20260812
Cacna2d1,7,37,0.83471674,1295040,"[72119649, 75042246, 78544955, 78544957, 78544959, 78544961, 79707526, 80409515, 80409517, 80409519]","[78544953, 78544963, 78557703, 78557707, 78557711, 79707516, 80409521]",78544983.0,20260812
Cacna2d1,7,38,0.829335,1295040,"[75042246, 78544953, 78544979, 78557705, 78557707, 78557711, 79707516, 79707532, 79707760, 80409519]","[78544955, 78544957, 78544959, 78544961, 78544965, 79707526, 80409515]",78544983.0,20260812
Cacna2d1,7,39,0.8406276,1295040,"[78544959, 78544961, 78544963, 78544965, 78544979, 79707516, 79707530, 79707760, 80409515, 80409521]","[72119649, 75042246, 78544955, 78557703, 78557705, 78557707, 78557709]",78544983.0,20260812
Cacna2d1,7,40,0.8174151,1295040,"[78544953, 78544957, 78544979, 78557703, 78557705, 79707516, 79707526, 79707760, 80409517, 80409521]","[78544955, 78544959, 78544965, 78544981, 79707530, 79707532, 80409519]",78544983.0,20260812
Cacna2d1,7,41,0.8438618,1295040,"[75042246, 78544955, 78544957, 78544959, 79707516, 79707526, 79707530, 79707532, 80409515, 80409517]","[72119649, 78544961, 78544965, 78544981, 78557703, 78557707, 79707760]",78544983.0,20260812
Cacna2d1,7,42,0.84450006,1295040,"[72119649, 78544959, 78544961, 78544979, 78557703, 78557707, 78557709, 79707516, 79707526, 79707760]","[75042246, 78544953, 78544955, 78544957, 78544963, 79707532, 80409517]",78544983.0,20260812
Cacna2d1,7,43,0.82359487,1295040,"[78544955, 78544957, 78544961, 78544963, 78544965, 78544979, 78544981, 78557707, 79707532, 80409515]","[75042246, 78544953, 78544959, 78557711, 79707526, 79707760, 80409521]",78544983.0,20260812
Cacna2d1,7,44,0.83005685,1295040,"[78544957, 78544965, 78544979, 78557703, 79707516, 79707526, 79707530, 79707532, 79707760, 80409521]","[78544959, 78544961, 78557707, 78557709, 78557711, 80409515, 80409519]",78544983.0,20260812
Cacna2d1,7,45,0.81434464,1295040,"[72119649, 75042246, 78544953, 78544957, 78544959, 78544963, 78557703, 79707526, 79707760, 80409515]","[78544955, 78544979, 78557707, 78557709, 80409517, 80409519, 80409521]",78544983.0,20260812
Cacna2d1,7,46,0.82618237,1295040,"[78544955, 78544961, 78544963, 78544981, 78557705, 78557709, 79707516, 80409515, 80409519, 80409521]","[78544957, 78544959, 78544965, 78557711, 79707532, 79707760, 80409517]",78544983.0,20260812
Cacna2d1,7,47,0.8379991,1295040,"[78544953, 78544957, 78544979, 78557709, 78557711, 79707516, 79707526, 79707530, 80409515, 80409517]","[72119649, 75042246, 78544955, 78544961, 78544981, 78557703, 80409521]",78544983.0,20260812
Cacna2d1,7,48,0.8431792,1295040,"[72119649, 78544957, 78544961, 78544963, 78544979, 78557707, 79707526, 79707530, 80409515, 80409521]","[75042246, 78544953, 78557703, 78557705, 79707760, 80409517, 80409519]",78544983.0,20260812
Cacna2d1,7,49,0.8360846,1295040,"[75042246, 78544957, 78544959, 78544963, 78544981, 78557705, 78557707, 78557711, 79707516, 80409521]","[72119649, 78544955, 78544965, 78557703, 79707530, 79707532, 80409515]",78544983.0,20260812
Cacna2d1,7,50,0.82465583,1295040,"[78544955, 78544957, 78544965, 78544981, 78557709, 79707516, 80409515, 80409517, 80409519, 80409521]","[78544953, 78544961, 78544979, 78557711, 79707526, 79707530, 79707532]",78544983.0,20260812
Cacna2d1,7,51,0.83609533,1295040,"[78544961, 78544979, 78544981, 78557707, 79707516, 79707526, 79707530, 79707760, 80409517, 80409519]","[75042246, 78544959, 78557705, 78557709, 78557711, 79707532, 80409515]",78544983.0,20260812
Cacna2d1,7,52,0.844459,1295040,"[78544955, 78544963, 78544979, 78544981, 78557705, 79707516, 79707526, 79707530, 79707532, 80409515]","[72119649, 75042246, 78544953, 78544961, 78557703, 78557707, 80409521]",78544983.0,20260812
Cacna2d1,7,53,0.8168671,1295040,"[72119649, 78544963, 78557707, 78557709, 78557711, 79707516, 79707760, 80409515, 80409517, 80409519]","[75042246, 78544957, 78544959, 78544961, 78544981, 79707530, 79707532]",78544983.0,20260812
Cacna2d1,7,54,0.8137201,1295040,"[78544957, 78544961, 78544963, 78557703, 78557707, 78557711, 79707526, 79707530, 80409515, 80409517]","[78544955, 78544965, 78544981, 79707532, 79707760, 80409519, 80409521]",78544983.0,20260812
Cacna2d1,7,55,0.8407918,1295040,"[72119649, 78544953, 78544957, 78544961, 78544965, 78557703, 78557707, 78557711, 80409515, 80409521]","[75042246, 78544955, 78544979, 78544981, 78557705, 79707516, 80409519]",78544983.0,20260812
Cacna2d1,7,56,0.8358035,1295040,"[75042246, 78544953, 78544957, 78544961, 78544965, 78544979, 78544981, 78557709, 79707526, 79707532]","[72119649, 78544955, 78544959, 78544963, 78557705, 80409515, 80409519]",78544983.0,20260812
Cacna2d1,7,57,0.82974744,1295040,"[72119649, 75042246, 78544957, 78544961, 78557703, 78557707, 79707526, 79707530, 79707532, 80409517]","[78544953, 78544965, 78544979, 78544981, 78557711, 79707760, 80409521]",78544983.0,20260812
Cacna2d1,7,58,0.8295088,1295040,"[78544953, 78544955, 78544957, 78544963, 78544981, 78557709, 79707526, 79707530, 80409515, 80409519]","[72119649, 78544959, 78544965, 78544979, 78557707, 78557711, 80409517]",78544983.0,20260812
Cacna2d1,7,59,0.84168273,1295040,"[78544955, 78544959, 78544961, 78544963, 78544979, 78557703, 78557709, 78557711, 79707516, 80409519]","[78544953, 78557707, 79707526, 79707530, 79707532, 80409515, 80409521]",78544983.0,20260812
Cacna2d1,7,60,0.83596647,1295040,"[72119649, 78544961, 78557703, 78557705, 78557707, 78557711, 79707532, 80409517, 80409519, 80409521]","[78544957, 78544963, 78544965, 78544979, 78557709, 79707760, 80409515]",78544983.0,20260812
Cacna2d1,7,61,0.8276195,1295040,"[75042246, 78544955, 78544957, 78544963, 78544965, 78557705, 78557709, 78557711, 79707760, 80409519]","[78544953, 78544959, 78544961, 78544981, 78557707, 80409515, 80409521]",78544983.0,20260812
Cacna2d1,7,62,0.8268045,1295040,"[72119649, 75042246, 78544957, 78544963, 78544979, 78544981, 78557705, 78557707, 79707530, 79707532]","[78544959, 78544961, 78544965, 78557711, 80409517, 80409519, 80409521]",78544983.0,20260812
Cacna2d1,7,63,0.821211,1295040,"[72119649, 78544953, 78544965, 78557703, 78557705, 79707516, 79707530, 79707532, 80409517, 80409519]","[75042246, 78544957, 78544959, 78544961, 78557707, 78557709, 80409521]",78544983.0,20260812
Cacna2d1,7,64,0.8213146,1295040,"[78544953, 78544955, 78544965, 78557703, 78557709, 78557711, 79707530, 79707760, 80409515, 80409519]","[75042246, 78544957, 78544959, 78544961, 78544963, 78544981, 80409517]",78544983.0,20260812
Cacna2d1,7,65,0.82717276,1295040,"[75042246, 78544979, 78557705, 78557709, 78557711, 79707516, 79707526, 79707530, 79707760, 80409515]","[78544955, 78544957, 78544963, 78544981, 78557703, 79707532, 80409517]",78544983.0,20260812
Cacna2d1,7,66,0.83810794,1295040,"[78544953, 78544955, 78544963, 78544981, 78557703, 79707526, 79707530, 79707760, 80409515, 80409521]","[78544961, 78544979, 78557705, 78557707, 78557709, 79707516, 79707532]",78544983.0,20260812
Cacna2d1,7,67,0.83899474,1295040,"[75042246, 78544959, 78544965, 78557703, 78557711, 79707530, 79707532, 79707760, 80409517, 80409521]","[72119649, 78544963, 78544981, 78557707, 79707516, 79707526, 80409519]",78544983.0,20260812
Cacna2d1,7,68,0.8282604,1295040,"[75042246, 78544953, 78544961, 78557711, 79707516, 79707526, 79707530, 79707532, 79707760, 80409515]","[72119649, 78544957, 78557703, 78557705, 78557707, 80409517, 80409521]",78544983.0,20260812
Cacna2d1,7,69,0.8373512,1295040,"[75042246, 78544955, 78544959, 78544979, 78544981, 78557703, 78557711, 79707526, 80409515, 80409521]","[72119649, 78544953, 78544961, 78544963, 78557705, 78557709, 79707760]",78544983.0,20260812
Cacna2d1,7,70,0.82009727,1295040,"[75042246, 78544957, 78544959, 78544961, 78544963, 78544979, 78544981, 78557707, 79707760, 80409521]","[72119649, 78544955, 78544965, 78557705, 78557709, 79707516, 80409519]",78544983.0,20260812
Cacna2d1,7,71,0.8365256,1295040,"[75042246, 78544953, 78544955, 78544957, 78544961, 78544963, 79707532, 79707760, 80409519, 80409521]","[72119649, 78544965, 78544979, 78544981, 78557703, 78557711, 79707516]",78544983.0,20260812
Cacna2d1,7,72,0.8342349,1295040,"[72119649, 78544955, 78544957, 78557703, 78557707, 79707526, 79707530, 79707532, 80409517, 80409521]","[75042246, 78544965, 78544981, 78557705, 79707760, 80409515, 80409519]",78544983.0,20260812
Cacna2d1,7,73,0.8325451,1295040,"[78544959, 78544961, 78544965, 78557705, 78557707, 78557711, 79707532, 80409515, 80409517, 80409519]","[75042246, 78544953, 78544963, 78544981, 78557709, 79707530, 80409521]",78544983.0,20260812
Cacna2d1,7,74,0.82743895,1295040,"[72119649, 78544953, 78544955, 78544959, 78544981, 78557705, 78557709, 79707530, 80409519, 80409521]","[75042246, 78544957, 78544961, 78544965, 78557711, 79707526, 80409515]",78544983.0,20260812
Cacna2d1,7,75,0.8134141,1295040,"[72119649, 78544965, 78544979, 78557705, 78557709, 79707516, 80409515, 80409517, 80409519, 80409521]","[78544957, 78544959, 78544961, 78544963, 78544981, 78557711, 79707532]",78544983.0,20260812
Cacna2d1,7,76,0.8411144,1295040,"[78544955, 78544957, 78544981, 78557703, 78557707, 78557711, 79707516, 79707530, 79707532, 79707760]","[78544961, 78544963, 78544965, 78544979, 78557709, 80409515, 80409517]",78544983.0,20260812
Cacna2d1,7,77,0.8189117,1295040,"[75042246, 78544963, 78544979, 78557703, 79707516, 79707526, 79707530, 80409515, 80409519, 80409521]","[72119649, 78544957, 78544961, 78544965, 78544981, 78557705, 78557709]",78544983.0,20260812
Cacna2d1,7,78,0.82895863,1295040,"[75042246, 78544957, 78544981, 78557703, 78557707, 79707516, 79707526, 79707530, 80409515, 80409519]","[72119649, 78544959, 78544961, 78557705, 79707532, 79707760, 80409517]",78544983.0,20260812
Cacna2d1,7,79,0.83682966,1295040,"[78544955, 78544981, 78557703, 78557709, 78557711, 79707516, 79707526, 79707532, 80409517, 80409521]","[72119649, 78544953, 78544961, 78544963, 78544979, 78557707, 80409519]",78544983.0,20260812
Cacna2d1,7,80,0.83960176,1295040,"[72119649, 75042246, 78544955, 78557705, 78557711, 79707516, 79707526, 79707532, 80409517, 80409521]","[78544959, 78544961, 78544963, 78544979, 78557703, 78557707, 78557709]",78544983.0,20260812
Cacna2d1,7,81,0.8487281,1295040,"[78544953, 78544955, 78544957, 78557703, 78557705, 79707516, 79707526, 79707532, 80409515, 80409519]","[72119649, 75042246, 78544959, 78544965, 78544979, 78557707, 78557709]",78544983.0,20260812
Cacna2d1,7,82,0.8381495,1295040,"[75042246, 78544957, 78544961, 78544963, 78544965, 78544981, 78557705, 78557709, 79707530, 80409515]","[72119649, 78544959, 78557703, 79707516, 79707526, 79707760, 80409517]",78544983.0,20260812
Cacna2d1,7,83,0.8334656,1295040,"[72119649, 78544953, 78544955, 78544979, 78544981, 78557707, 78557711, 79707532, 80409517, 80409519]","[75042246, 78544957, 78557703, 78557709, 79707516, 79707760, 80409521]",78544983.0,20260812
Cacna2d1,7,84,0.81724787,1295040,"[75042246, 78544957, 78544965, 78544979, 78557703, 78557705, 78557711, 79707516, 79707526, 80409515]","[78544953, 78544955, 78544959, 78544961, 78544981, 78557709, 80409521]",78544983.0,20260812
Cacna2d1,7,85,0.8280131,1295040,"[78544955, 78544959, 78544979, 78544981, 78557707, 79707530, 79707532, 80409515, 80409517, 80409521]","[78544953, 78544961, 78544965, 78557703, 78557705, 78557709, 80409519]",78544983.0,20260812
Cacna2d1,7,86,0.83119065,1295040,"[72119649, 75042246, 78544961, 78544965, 78557707, 78557711, 79707530, 79707532, 79707760, 80409521]","[78544953, 78544959, 78544963, 78544981, 78557705, 79707526, 80409517]",78544983.0,20260812
Cacna2d1,7,87,0.827065,1295040,"[72119649, 75042246, 78544959, 78544965, 78544979, 78544981, 78557703, 78557711, 79707516, 80409517]","[78544953, 78544957, 78544961, 78557705, 79707760, 80409515, 80409521]",78544983.0,20260812
Cacna2d1,7,88,0.84892714,1295040,"[72119649, 75042246, 78544953, 78544957, 78544959, 78544965, 78544979, 78557707, 79707516, 79707526]","[78544955, 78544963, 78557703, 78557711, 79707530, 79707760, 80409517]",78544983.0,20260812
Cacna2d1,7,89,0.83887696,1295040,"[72119649, 78544961, 78544963, 78544965, 78544981, 78557703, 79707516, 79707760, 80409515, 80409521]","[75042246, 78557705, 78557707, 78557709, 78557711, 79707526, 79707532]",78544983.0,20260812
Cacna2d1,7,90,0.8335716,1295040,"[78544955, 78544961, 78544979, 78557707, 79707516, 79707530, 79707760, 80409515, 80409519, 80409521]","[72119649, 78544957, 78544963, 78544965, 78557703, 78557711, 79707532]",78544983.0,20260812
Cacna2d1,7,91,0.8187056,1295040,"[78544953, 78544959, 78544963, 78544965, 78557703, 78557707, 79707530, 79707532, 79707760, 80409517]","[75042246, 78544957, 78544979, 78544981, 78557709, 80409515, 80409521]",78544983.0,20260812
Cacna2d1,7,92,0.8296686,1295040,"[78544959, 78544965, 78557703, 78557705, 79707530, 79707532, 79707760, 80409515, 80409519, 80409521]","[78544953, 78544957, 78544979, 78557709, 78557711, 79707516, 80409517]",78544983.0,20260812
Cacna2d1,7,93,0.83078706,1295040,"[72119649, 78544953, 78544959, 78544961, 78544981, 78557705, 78557711, 79707530, 80409515, 80409521]","[78544957, 78544979, 78557707, 78557709, 79707516, 80409517, 80409519]",78544983.0,20260812
Cacna2d1,7,94,0.8270372,1295040,"[78544955, 78544957, 78544959, 78544965, 78544981, 78557703, 79707530, 79707760, 80409519, 80409521]","[72119649, 78544953, 78544961, 78544979, 78557709, 79707516, 79707526]",78544983.0,20260812
Cacna2d1,7,95,0.8225533,1295040,"[72119649, 78544953, 78544955, 78544979, 78557703, 78557707, 78557711, 79707526, 80409517, 80409519]","[78544957, 78544961, 78544963, 78544981, 78557705, 79707516, 80409521]",78544983.0,20260812
Cacna2d1,7,96,0.8456943,1295040,"[72119649, 78544955, 78544963, 78557707, 78557711, 79707526, 79707532, 79707760, 80409515, 80409519]","[75042246, 78544979, 78557703, 78557705, 79707516, 80409517, 80409521]",78544983.0,20260812
Cacna2d1,7,97,0.8243123,1295040,"[72119649, 78544955, 78544961, 78544965, 78557705, 78557707, 79707526, 80409515, 80409519, 80409521]","[78544953, 78544959, 78544963, 78544981, 78557711, 79707760, 80409517]",78544983.0,20260812
Cacna2d1,7,98,0.83039266,1295040,"[78544955, 78544957, 78544959, 78544961, 78544965, 78544979, 78557705, 78557707, 79707526, 80409517]","[72119649, 78544953, 78544981, 78557703, 78557711, 79707532, 80409521]",78544983.0,20260812
Cacna2d1,7,99,0.83803934,1295040,"[72119649, 78544953, 78544955, 78544957, 78544959, 78557705, 78557707, 79707760, 80409515, 80409521]","[75042246, 78544961, 78544963, 78557703, 78557709, 78557711, 79707532]",78544983.0,20260812
Cacna2d1,8,0,0.83206135,1295040,"[78544953, 78544957, 78544959, 78544963, 78557707, 78557709, 78557711, 79707516, 79707530, 80409515]","[78544961, 78544981, 78557705, 79707526, 79707760, 80409517, 80409519, 80409521]",78544983.0,20260812
Cacna2d1,8,1,0.84555405,1295040,"[78544961, 78544963, 78544979, 78557703, 78557705, 78557709, 79707516, 80409515, 80409517, 80409519]","[72119649, 78544959, 78544965, 78544981, 78557707, 79707526, 79707530, 79707532]",78544983.0,20260812
Cacna2d1,8,2,0.84539557,1295040,"[78544953, 78544955, 78544957, 78544979, 78544981, 79707516, 79707532, 79707760, 80409515, 80409517]","[72119649, 78544963, 78557703, 78557705, 78557707, 78557711, 79707530, 80409519]",78544983.0,20260812
Cacna2d1,8,3,0.8341082,1295040,"[72119649, 78544957, 78544963, 78544965, 78544979, 78557705, 79707516, 79707530, 79707760, 80409519]","[78544955, 78544961, 78544981, 78557707, 78557709, 78557711, 79707532, 80409517]",78544983.0,20260812
Cacna2d1,8,4,0.8364154,1295040,"[72119649, 75042246, 78544965, 78544981, 78557703, 78557711, 79707516, 79707526, 79707532, 80409517]","[78544957, 78544961, 78544979, 78557705, 79707530, 80409515, 80409519, 80409521]",78544983.0,20260812
Cacna2d1,8,5,0.8457651,1295040,"[78544957, 78544979, 78557703, 78557711, 79707516, 79707526, 79707530, 79707532, 79707760, 80409521]","[78544953, 78544955, 78544959, 78544961, 78557705, 78557707, 78557709, 80409515]",78544983.0,20260812
Cacna2d1,8,6,0.8366144,1295040,"[72119649, 78544957, 78544959, 78544963, 78544965, 78557703, 78557705, 78557707, 79707530, 80409515]","[75042246, 78544961, 78544979, 78544981, 78557709, 79707516, 80409519, 80409521]",78544983.0,20260812
Cacna2d1,8,7,0.83917916,1295040,"[72119649, 78544955, 78544961, 78544979, 78544981, 78557705, 79707530, 79707532, 80409517, 80409521]","[75042246, 78544953, 78544957, 78544959, 78544963, 79707516, 79707526, 80409515]",78544983.0,20260812
Cacna2d1,8,8,0.8421636,1295040,"[72119649, 75042246, 78544959, 78544963, 78544981, 79707516, 79707526, 79707530, 80409515, 80409521]","[78544953, 78544955, 78544957, 78544961, 78544965, 78544979, 78557707, 79707532]",78544983.0,20260812
Cacna2d1,8,9,0.8450365,1295040,"[75042246, 78544959, 78544963, 78544979, 78557709, 78557711, 79707530, 79707532, 80409519, 80409521]","[78544953, 78544955, 78544961, 78544965, 78544981, 78557703, 78557707, 79707526]",78544983.0,20260812
Cacna2d1,8,10,0.84992296,1295040,"[72119649, 78544955, 78544965, 78557707, 78557709, 78557711, 79707516, 79707530, 79707760, 80409521]","[78544953, 78544961, 78544963, 78557703, 78557705, 80409515, 80409517, 80409519]",78544983.0,20260812
Cacna2d1,8,11,0.8580054,1295040,"[75042246, 78544961, 78544963, 78557705, 78557707, 78557711, 79707530, 79707532, 79707760, 80409517]","[78544953, 78544955, 78544959, 78544965, 78557709, 79707516, 79707526, 80409515]",78544983.0,20260812
Cacna2d1,8,12,0.8302791,1295040,"[75042246, 78544961, 78544981, 78557705, 78557707, 79707526, 79707532, 79707760, 80409519, 80409521]","[78544953, 78544957, 78544979, 78557703, 78557711, 79707516, 80409515, 80409517]",78544983.0,20260812
Cacna2d1,8,13,0.8378286,1295040,"[78544955, 78544959, 78544963, 78544965, 78557703, 78557705, 78557707, 79707532, 80409515, 80409517]","[75042246, 78544961, 78544979, 78544981, 78557709, 79707516, 79707530, 80409521]",78544983.0,20260812
Cacna2d1,8,14,0.8459337,1295040,"[75042246, 78544979, 78544981, 78557703, 78557709, 79707526, 79707530, 79707532, 79707760, 80409521]","[78544955, 78544961, 78544963, 78544965, 78557705, 78557711, 79707516, 80409517]",78544983.0,20260812
Cacna2d1,8,15,0.8495698,1295040,"[78544957, 78544959, 78544963, 78557707, 78557711, 79707516, 79707760, 80409517, 80409519, 80409521]","[72119649, 78544953, 78544961, 78544965, 78557705, 78557709, 79707530, 80409515]",78544983.0,20260812
Cacna2d1,8,16,0.846746,1295040,"[72119649, 78544959, 78544961, 78544979, 78544981, 78557703, 78557705, 79707530, 79707760, 80409521]","[78544957, 78544965, 78557709, 78557711, 79707526, 79707532, 80409515, 80409517]",78544983.0,20260812
Cacna2d1,8,17,0.8485541,1295040,"[78544979, 78557703, 78557711, 79707526, 79707530, 79707532, 79707760, 80409517, 80409519, 80409521]","[72119649, 75042246, 78544959, 78544965, 78544981, 78557705, 78557709, 80409515]",78544983.0,20260812
Cacna2d1,8,18,0.8355583,1295040,"[75042246, 78544957, 78544959, 78544981, 78557703, 78557705, 78557707, 79707526, 79707532, 80409517]","[72119649, 78544953, 78544955, 78544961, 78544965, 78557709, 79707760, 80409519]",78544983.0,20260812
Cacna2d1,8,19,0.85746765,1295040,"[78544955, 78544961, 78544963, 78544979, 79707516, 79707530, 79707532, 79707760, 80409517, 80409521]","[78544953, 78544965, 78557703, 78557707, 78557711, 79707526, 80409515, 80409519]",78544983.0,20260812
Cacna2d1,8,20,0.8459162,1295040,"[75042246, 78544953, 78544955, 78544979, 78544981, 78557711, 79707760, 80409515, 80409519, 80409521]","[72119649, 78544957, 78544965, 78557705, 79707516, 79707526, 79707532, 80409517]",78544983.0,20260812
Cacna2d1,8,21,0.8299476,1295040,"[72119649, 78544957, 78544961, 78544965, 78544979, 78544981, 78557703, 78557705, 80409519, 80409521]","[78544959, 78544963, 78557707, 78557711, 79707526, 79707760, 80409515, 80409517]",78544983.0,20260812
Cacna2d1,8,22,0.8481257,1295040,"[75042246, 78544953, 78544957, 78557703, 78557711, 79707530, 79707532, 80409517, 80409519, 80409521]","[72119649, 78544955, 78544979, 78557705, 78557707, 79707516, 79707526, 79707760]",78544983.0,20260812
Cacna2d1,8,23,0.84417236,1295040,"[78544953, 78544957, 78544959, 78544965, 78544979, 78544981, 78557709, 79707516, 79707532, 80409519]","[72119649, 75042246, 78544955, 78544961, 78557711, 79707526, 80409515, 80409517]",78544983.0,20260812
Cacna2d1,8,24,0.8426776,1295040,"[72119649, 78544961, 78544979, 78544981, 78557711, 79707526, 79707530, 79707532, 80409515, 80409521]","[75042246, 78544953, 78544957, 78544965, 78557705, 78557707, 78557709, 80409517]",78544983.0,20260812
Cacna2d1,8,25,0.8489825,1295040,"[72119649, 75042246, 78544959, 78544979, 78544981, 78557703, 78557707, 78557709, 78557711, 80409519]","[78544953, 78544955, 78544957, 78544965, 78557705, 79707526, 79707530, 79707532]",78544983.0,20260812
Cacna2d1,8,26,0.841595,1295040,"[72119649, 75042246, 78544957, 78544979, 78544981, 78557703, 79707526, 79707530, 79707532, 80409521]","[78544953, 78544955, 78544961, 78544963, 78544965, 78557707, 78557709, 80409517]",78544983.0,20260812
Cacna2d1,8,27,0.8461015,1295040,"[78544957, 78544959, 78544961, 78544965, 78544979, 78557705, 78557707, 79707530, 80409515, 80409517]","[72119649, 78544955, 78544981, 78557703, 78557711, 79707516, 79707532, 79707760]",78544983.0,20260812
Cacna2d1,8,28,0.8427274,1295040,"[72119649, 75042246, 78544953, 78544955, 78544957, 78557709, 78557711, 79707526, 79707532, 80409519]","[78544959, 78544963, 78544981, 78557707, 79707516, 80409515, 80409517, 80409521]",78544983.0,20260812
Cacna2d1,8,29,0.85530734,1295040,"[72119649, 78544953, 78544955, 78544979, 78544981, 78557705, 79707526, 79707760, 80409515, 80409519]","[78544963, 78544965, 78557703, 78557707, 79707516, 79707530, 79707532, 80409517]",78544983.0,20260812
Cacna2d1,8,30,0.84240913,1295040,"[72119649, 78544953, 78544959, 78544981, 78557709, 78557711, 79707760, 80409517, 80409519, 80409521]","[78544955, 78544961, 78544965, 78557703, 78557705, 78557707, 79707516, 79707532]",78544983.0,20260812
Cacna2d1,8,31,0.83346933,1295040,"[78544953, 78544957, 78544961, 78544963, 78544965, 78544981, 78557703, 78557709, 80409517, 80409521]","[72119649, 75042246, 78544955, 78557705, 78557707, 79707760, 80409515, 80409519]",78544983.0,20260812
Cacna2d1,8,32,0.85926116,1295040,"[78544953, 78544959, 78544961, 78544965, 78544981, 78557703, 78557705, 79707760, 80409517, 80409519]","[72119649, 75042246, 78544963, 78557709, 78557711, 79707516, 79707526, 79707532]",78544983.0,20260812
Cacna2d1,8,33,0.84857994,1295040,"[72119649, 78544953, 78544955, 78544957, 78544979, 78544981, 78557707, 79707530, 79707532, 80409517]","[78544959, 78544963, 78544965, 78557703, 78557709, 79707516, 79707760, 80409521]",78544983.0,20260812
Cacna2d1,8,34,0.8392928,1295040,"[78544953, 78544955, 78544957, 78544961, 78544981, 78557711, 79707526, 79707532, 80409517, 80409521]","[75042246, 78544959, 78544965, 78544979, 78557703, 79707516, 79707760, 80409515]",78544983.0,20260812
Cacna2d1,8,35,0.82561815,1295040,"[72119649, 75042246, 78544953, 78544957, 78544963, 78544965, 78544981, 78557709, 78557711, 79707526]","[78544959, 78557705, 78557707, 79707760, 80409515, 80409517, 80409519, 80409521]",78544983.0,20260812
Cacna2d1,8,36,0.8474838,1295040,"[72119649, 75042246, 78544953, 78544957, 78544963, 78557705, 79707516, 79707526, 79707530, 80409515]","[78544955, 78544959, 78544965, 78544979, 78557703, 78557707, 80409517, 80409521]",78544983.0,20260812
Cacna2d1,8,37,0.8429885,1295040,"[78544959, 78544963, 78557709, 78557711, 79707516, 79707532, 79707760, 80409515, 80409517, 80409521]","[72119649, 75042246, 78544955, 78544961, 78557703, 78557705, 78557707, 80409519]",78544983.0,20260812
Cacna2d1,8,38,0.86107564,1295040,"[72119649, 78544955, 78544959, 78544963, 78544965, 78544979, 78557705, 78557707, 78557709, 80409519]","[75042246, 78544953, 78557703, 79707516, 79707526, 79707530, 79707532, 80409517]",78544983.0,20260812
Cacna2d1,8,39,0.847755,1295040,"[78544953, 78544959, 78544963, 78544965, 78544981, 78557709, 78557711, 79707516, 79707760, 80409515]","[75042246, 78544955, 78544979, 78557707, 79707526, 79707530, 79707532, 80409519]",78544983.0,20260812
Cacna2d1,8,40,0.8392962,1295040,"[72119649, 78544959, 78544961, 78544979, 78557703, 78557711, 79707516, 79707530, 79707760, 80409515]","[78544953, 78544957, 78544965, 78544981, 78557705, 78557709, 79707526, 79707532]",78544983.0,20260812
Cacna2d1,8,41,0.84387684,1295040,"[78544953, 78544955, 78544957, 78544961, 78557709, 79707516, 79707526, 80409515, 80409519, 80409521]","[75042246, 78544965, 78544981, 78557703, 78557705, 78557707, 78557711, 79707760]",78544983.0,20260812
Cacna2d1,8,42,0.8364407,1295040,"[78544979, 78557707, 78557709, 78557711, 79707516, 79707526, 79707532, 80409515, 80409517, 80409521]","[72119649, 75042246, 78544953, 78544955, 78544957, 78544961, 78544963, 80409519]",78544983.0,20260812
Cacna2d1,8,43,0.8464943,1295040,"[72119649, 75042246, 78544957, 78544961, 78544963, 78544981, 79707532, 79707760, 80409517, 80409519]","[78544955, 78544965, 78557703, 78557709, 78557711, 79707516, 79707526, 80409521]",78544983.0,20260812
Cacna2d1,8,44,0.8409949,1295040,"[75042246, 78544961, 78544965, 78544981, 78557703, 78557709, 78557711, 79707532, 80409517, 80409519]","[78544953, 78544955, 78544957, 78544963, 78557705, 79707526, 79707760, 80409515]",78544983.0,20260812
Cacna2d1,8,45,0.84582543,1295040,"[75042246, 78544953, 78544957, 78544963, 78557707, 79707516, 79707530, 79707532, 80409517, 80409519]","[78544955, 78544979, 78544981, 78557703, 78557705, 79707526, 79707760, 80409515]",78544983.0,20260812
Cacna2d1,8,46,0.82286954,1295040,"[78544953, 78544955, 78544963, 78557703, 78557709, 79707530, 80409515, 80409517, 80409519, 80409521]","[78544957, 78544959, 78544961, 78544981, 78557707, 78557711, 79707532, 79707760]",78544983.0,20260812
Cacna2d1,8,47,0.8438222,1295040,"[78544957, 78544965, 78557703, 78557705, 78557707, 78557711, 79707532, 80409515, 80409517, 80409519]","[75042246, 78544961, 78544963, 78544979, 78544981, 78557709, 79707516, 79707526]",78544983.0,20260812
Cacna2d1,8,48,0.84402037,1295040,"[78544959, 78544965, 78544981, 78557703, 78557709, 79707530, 79707532, 80409515, 80409517, 80409521]","[78544953, 78544955, 78544961, 78544979, 78557707, 78557711, 79707516, 79707526]",78544983.0,20260812
Cacna2d1,8,49,0.8485116,1295040,"[75042246, 78544955, 78544957, 78544959, 78544979, 78544981, 78557703, 78557707, 79707516, 80409521]","[72119649, 78544953, 78544961, 78544965, 78557705, 78557709, 79707526, 80409517]",78544983.0,20260812
Cacna2d1,8,50,0.8539994,1295040,"[72119649, 75042246, 78544955, 78544957, 78544963, 78557707, 79707526, 79707530, 79707532, 79707760]","[78544965, 78544979, 78557705, 78557709, 78557711, 79707516, 80409517, 80409519]",78544983.0,20260812
Cacna2d1,8,51,0.8485596,1295040,"[78544955, 78544963, 78557707, 78557709, 79707516, 79707530, 79707532, 79707760, 80409517, 80409519]","[78544953, 78544961, 78544979, 78557703, 78557705, 78557711, 79707526, 80409521]",78544983.0,20260812
Cacna2d1,8,52,0.85627866,1295040,"[72119649, 78544953, 78544965, 78544979, 78544981, 78557707, 78557711, 79707516, 79707760, 80409521]","[78544959, 78544963, 78557705, 79707526, 79707530, 80409515, 80409517, 80409519]",78544983.0,20260812
Cacna2d1,8,53,0.84309024,1295040,"[78544953, 78544955, 78544961, 78544965, 78544979, 78544981, 78557703, 78557705, 78557707, 78557709]","[78544959, 78557711, 79707516, 79707530, 79707532, 80409515, 80409517, 80409521]",78544983.0,20260812
Cacna2d1,8,54,0.8473909,1295040,"[75042246, 78544961, 78544963, 78557709, 78557711, 79707516, 79707526, 79707530, 80409517, 80409519]","[78544965, 78557703, 78557705, 78557707, 79707532, 79707760, 80409515, 80409521]",78544983.0,20260812
Cacna2d1,8,55,0.8492812,1295040,"[78544959, 78544965, 78544979, 78544981, 78557705, 78557707, 79707516, 79707532, 80409519, 80409521]","[72119649, 78544955, 78557703, 78557709, 78557711, 79707530, 79707760, 80409515]",78544983.0,20260812
Cacna2d1,8,56,0.8484361,1295040,"[72119649, 75042246, 78544953, 78557703, 78557705, 79707516, 79707526, 79707760, 80409517, 80409519]","[78544955, 78544963, 78544979, 78557709, 78557711, 79707530, 79707532, 80409521]",78544983.0,20260812
Cacna2d1,8,57,0.852628,1295040,"[78544963, 78544965, 78544979, 78544981, 78557703, 78557705, 79707516, 79707532, 80409517, 80409521]","[72119649, 78544953, 78544957, 78557707, 78557711, 79707526, 79707760, 80409515]",78544983.0,20260812
Cacna2d1,8,58,0.8428204,1295040,"[72119649, 78544957, 78544959, 78544961, 78544965, 78544979, 78557703, 78557707, 78557711, 79707760]","[75042246, 78544963, 78544981, 78557705, 78557709, 79707530, 80409517, 80409519]",78544983.0,20260812
Cacna2d1,8,59,0.8386484,1295040,"[75042246, 78544959, 78544979, 78557707, 78557709, 79707760, 80409515, 80409517, 80409519, 80409521]","[78544953, 78544957, 78544961, 78544981, 78557711, 79707516, 79707526, 79707532]",78544983.0,20260812
Cacna2d1,8,60,0.83765304,1295040,"[72119649, 78544953, 78544957, 78544963, 78544979, 79707526, 79707532, 79707760, 80409515, 80409521]","[78544955, 78544959, 78544965, 78557707, 78557711, 79707530, 80409517, 80409519]",78544983.0,20260812
Cacna2d1,8,61,0.82718414,1295040,"[72119649, 75042246, 78544953, 78544955, 78544957, 78544963, 78557703, 78557707, 78557711, 79707530]","[78544959, 78557709, 79707516, 79707526, 79707532, 79707760, 80409519, 80409521]",78544983.0,20260812
Cacna2d1,8,62,0.8458798,1295040,"[72119649, 78544957, 78544959, 78544963, 78544965, 78557709, 78557711, 79707532, 80409517, 80409521]","[75042246, 78544955, 78544979, 79707516, 79707526, 79707760, 80409515, 80409519]",78544983.0,20260812
Cacna2d1,8,63,0.8592162,1295040,"[72119649, 78544953, 78544959, 78544963, 78557709, 79707530, 79707532, 79707760, 80409515, 80409521]","[75042246, 78544981, 78557703, 78557711, 79707516, 79707526, 80409517, 80409519]",78544983.0,20260812
Cacna2d1,8,64,0.8524077,1295040,"[72119649, 78544953, 78544959, 78544961, 78544963, 78544965, 78557707, 78557709, 78557711, 79707530]","[75042246, 78544955, 78544979, 79707516, 79707526, 79707532, 79707760, 80409515]",78544983.0,20260812
Cacna2d1,8,65,0.84866154,1295040,"[78544953, 78544957, 78544959, 78544981, 78557703, 78557705, 78557707, 78557711, 79707530, 79707760]","[75042246, 78544955, 78544961, 78544963, 78557709, 79707526, 80409515, 80409517]",78544983.0,20260812
Cacna2d1,8,66,0.84392095,1295040,"[72119649, 78544953, 78544959, 78544961, 78544965, 78544981, 78557703, 78557707, 80409519, 80409521]","[78544955, 78544957, 78544979, 78557705, 78557709, 78557711, 79707516, 79707760]",78544983.0,20260812
Cacna2d1,8,67,0.8420437,1295040,"[78544957, 78544963, 78544965, 78544979, 78544981, 78557703, 79707526, 79707532, 80409517, 80409521]","[72119649, 78544959, 78557705, 78557707, 78557711, 79707516, 79707530, 80409519]",78544983.0,20260812
Cacna2d1,8,68,0.83681285,1295040,"[75042246, 78544953, 78544955, 78544957, 78544961, 78544981, 78557711, 79707516, 79707530, 79707760]","[72119649, 78544965, 78557705, 78557707, 79707526, 79707532, 80409515, 80409521]",78544983.0,20260812
Cacna2d1,8,69,0.8588168,1295040,"[78544953, 78544961, 78544965, 78544979, 78557705, 78557709, 78557711, 79707516, 79707526, 80409515]","[72119649, 75042246, 78544959, 78544963, 78557707, 79707532, 80409517, 80409519]",78544983.0,20260812
Cacna2d1,8,70,0.82997096,1295040,"[78544959, 78544979, 78557703, 78557709, 79707526, 79707530, 79707532, 79707760, 80409517, 80409521]","[78544957, 78544961, 78544963, 78544981, 78557705, 78557707, 78557711, 80409519]",78544983.0,20260812
Cacna2d1,8,71,0.84082747,1295040,"[75042246, 78544955, 78544963, 78544979, 78544981, 78557703, 78557709, 79707532, 79707760, 80409517]","[72119649, 78544959, 78557705, 78557707, 78557711, 79707530, 80409519, 80409521]",78544983.0,20260812
Cacna2d1,8,72,0.8220802,1295040,"[78544955, 78544959, 78544965, 78557707, 78557709, 79707530, 80409515, 80409517, 80409519, 80409521]","[75042246, 78544957, 78544961, 78544981, 78557703, 78557711, 79707526, 79707760]",78544983.0,20260812
Cacna2d1,8,73,0.8308796,1295040,"[72119649, 75042246, 78544959, 78544961, 78544965, 78557705, 79707526, 79707760, 80409515, 80409517]","[78544955, 78544957, 78544981, 78557703, 79707530, 79707532, 80409519, 80409521]",78544983.0,20260812
Cacna2d1,8,74,0.84654135,1295040,"[75042246, 78544953, 78544959, 78544965, 78557703, 78557711, 79707532, 80409515, 80409519, 80409521]","[78544961, 78544981, 78557705, 78557707, 79707516, 79707526, 79707530, 80409517]",78544983.0,20260812
Cacna2d1,8,75,0.8454528,1295040,"[78544955, 78544957, 78544959, 78544963, 78544979, 78544981, 78557707, 78557711, 79707526, 80409517]","[75042246, 78544953, 78557703, 78557705, 79707516, 79707532, 80409519, 80409521]",78544983.0,20260812
Cacna2d1,8,76,0.84134495,1295040,"[78544953, 78544955, 78544957, 78544959, 78544961, 78544979, 78557705, 79707532, 79707760, 80409521]","[72119649, 75042246, 78557703, 78557707, 78557711, 79707526, 79707530, 80409519]",78544983.0,20260812
Cacna2d1,8,77,0.8388978,1295040,"[78544953, 78544955, 78544957, 78544959, 78544979, 78544981, 78557707, 80409515, 80409517, 80409521]","[72119649, 75042246, 78544963, 78557703, 78557709, 79707516, 79707530, 79707760]",78544983.0,20260812
Cacna2d1,8,78,0.85514915,1295040,"[78544959, 78544963, 78557703, 78557705, 78557707, 78557711, 79707532, 79707760, 80409517, 80409519]","[75042246, 78544953, 78544955, 78544979, 78544981, 79707516, 79707530, 80409515]",78544983.0,20260812
Cacna2d1,8,79,0.84738755,1295040,"[75042246, 78544953, 78544959, 78544963, 78557709, 78557711, 79707516, 79707530, 80409515, 80409521]","[78544955, 78544961, 78544965, 78544981, 78557703, 78557707, 79707526, 79707532]",78544983.0,20260812
Cacna2d1,8,80,0.84932464,1295040,"[75042246, 78544961, 78544963, 78544979, 78557707, 78557711, 79707760, 80409515, 80409517, 80409521]","[78544953, 78544957, 78544965, 78557703, 78557709, 79707516, 79707532, 80409519]",78544983.0,20260812
Cacna2d1,8,81,0.8514497,1295040,"[78544955, 78544957, 78544959, 78544963, 78544965, 78557709, 79707516, 79707530, 80409517, 80409521]","[75042246, 78544981, 78557703, 78557707, 78557711, 79707526, 79707532, 80409519]",78544983.0,20260812
Cacna2d1,8,82,0.83898675,1295040,"[72119649, 75042246, 78544953, 78544955, 78544957, 78544979, 78544981, 78557705, 78557709, 79707532]","[78544959, 78544963, 78544965, 78557711, 79707526, 79707760, 80409519, 80409521]",78544983.0,20260812
Cacna2d1,8,83,0.84157795,1295040,"[78544955, 78544957, 78544979, 78544981, 78557703, 78557707, 79707526, 79707760, 80409515, 80409519]","[72119649, 75042246, 78544961, 78544963, 78544965, 78557711, 79707530, 80409521]",78544983.0,20260812
Cacna2d1,8,84,0.84027696,1295040,"[78544959, 78544961, 78544965, 78557703, 78557709, 79707530, 79707532, 79707760, 80409517, 80409519]","[72119649, 78544953, 78544955, 78544957, 78544963, 78544979, 79707526, 80409521]",78544983.0,20260812
Cacna2d1,8,85,0.83510447,1295040,"[75042246, 78544953, 78544955, 78544959, 78544961, 78544981, 78557705, 79707526, 79707760, 80409521]","[78544957, 78544963, 78544965, 78544979, 78557709, 78557711, 79707530, 80409515]",78544983.0,20260812
Cacna2d1,8,86,0.8461909,1295040,"[75042246, 78544957, 78544961, 78544963, 78544965, 78544981, 78557707, 79707530, 79707760, 80409521]","[78544953, 78544955, 78544979, 78557705, 78557709, 78557711, 79707532, 80409517]",78544983.0,20260812
Cacna2d1,8,87,0.8482561,1295040,"[75042246, 78544953, 78544965, 78544981, 78557703, 78557709, 78557711, 79707532, 79707760, 80409521]","[72119649, 78544955, 78544957, 78544959, 78557707, 79707526, 79707530, 80409515]",78544983.0,20260812
Cacna2d1,8,88,0.83125776,1295040,"[78544953, 78544955, 78544957, 78544959, 78544965, 78544979, 78544981, 78557705, 79707526, 79707532]","[78544961, 78557707, 78557709, 79707530, 79707760, 80409517, 80409519, 80409521]",78544983.0,20260812
Cacna2d1,8,89,0.8527446,1295040,"[75042246, 78544953, 78544955, 78544959, 78544963, 78544979, 78557707, 78557711, 80409517, 80409519]","[72119649, 78544961, 78544965, 78544981, 78557705, 78557709, 79707516, 79707760]",78544983.0,20260812
Cacna2d1,8,90,0.84782994,1295040,"[72119649, 78544963, 78557705, 78557707, 78557711, 79707516, 79707530, 79707760, 80409515, 80409521]","[78544953, 78544961, 78544965, 78544979, 78544981, 78557703, 78557709, 79707526]",78544983.0,20260812
Cacna2d1,8,91,0.829469,1295040,"[72119649, 78544955, 78544957, 78544963, 78544965, 78544979, 78557703, 78557709, 79707526, 80409517]","[75042246, 78544959, 78544981, 78557705, 78557707, 79707532, 80409515, 80409519]",78544983.0,20260812
Cacna2d1,8,92,0.83248174,1295040,"[78544957, 78544963, 78544981, 78557705, 79707526, 79707530, 79707532, 79707760, 80409517, 80409521]","[72119649, 75042246, 78544955, 78544961, 78544979, 78557703, 78557709, 79707516]",78544983.0,20260812
Cacna2d1,8,93,0.84414756,1295040,"[75042246, 78544955, 78544957, 78544965, 78557703, 79707526, 79707530, 79707532, 79707760, 80409515]","[72119649, 78544953, 78544959, 78557709, 78557711, 79707516, 80409519, 80409521]",78544983.0,20260812
Cacna2d1,8,94,0.83711255,1295040,"[72119649, 78544953, 78544955, 78544957, 78544963, 78544981, 78557703, 78557709, 79707532, 80409519]","[78544959, 78557707, 78557711, 79707516, 79707526, 79707530, 80409517, 80409521]",78544983.0,20260812
Cacna2d1,8,95,0.84130335,1295040,"[78544955, 78544957, 78544961, 78544965, 78557703, 79707516, 79707530, 79707532, 80409515, 80409521]","[75042246, 78544963, 78544981, 78557707, 78557709, 79707760, 80409517, 80409519]",78544983.0,20260812
Cacna2d1,8,96,0.84726095,1295040,"[72119649, 75042246, 78544959, 78544963, 78544979, 78544981, 78557705, 78557711, 80409515, 80409521]","[78544955, 78544961, 78557703, 78557707, 79707526, 79707530, 79707532, 79707760]",78544983.0,20260812
Cacna2d1,8,97,0.8490398,1295040,"[78544953, 78544955, 78544957, 78544961, 78544979, 78557703, 78557705, 78557711, 79707530, 80409521]","[72119649, 78544959, 78544963, 78544965, 79707526, 79707532, 80409517, 80409519]",78544983.0,20260812
Cacna2d1,8,98,0.836631,1295040,"[75042246, 78544959, 78544963, 78544979, 78557705, 78557707, 78557709, 79707526, 79707530, 80409521]","[78544955, 78544957, 78544961, 78544965, 78544981, 78557703, 79707516, 80409517]",78544983.0,20260812
Cacna2d1,8,99,0.83863926,1295040,"[72119649, 78544955, 78544957, 78544965, 78544981, 78557705, 78557711, 79707530, 79707760, 80409519]","[75042246, 78544959, 78544961, 78557707, 78557709, 79707516, 79707526, 79707532]",78544983.0,20260812
Cacna2d1,9,0,0.8456948,1295040,"[75042246, 78544953, 78544955, 78544961, 78544963, 78544965, 78557711, 79707516, 79707530, 80409517]","[72119649, 78544957, 78544981, 78557703, 78557709, 79707532, 79707760, 80409519, 80409521]",78544983.0,20260812
Cacna2d1,9,1,0.85594845,1295040,"[72119649, 78544953, 78544961, 78544963, 78544979, 78557705, 78557709, 79707530, 79707760, 80409519]","[75042246, 78544955, 78544965, 78544981, 78557707, 78557711, 79707532, 80409515, 80409517]",78544983.0,20260812
Cacna2d1,9,2,0.8490555,1295040,"[78544959, 78544965, 78544979, 78557707, 78557709, 78557711, 79707532, 79707760, 80409517, 80409519]","[72119649, 75042246, 78544953, 78544961, 78544981, 78557705, 79707516, 79707526, 80409515]",78544983.0,20260812
Cacna2d1,9,3,0.85606164,1295040,"[75042246, 78544957, 78544959, 78544981, 78557703, 79707516, 79707532, 79707760, 80409515, 80409519]","[72119649, 78544953, 78544961, 78544965, 78544979, 78557709, 78557711, 79707526, 80409521]",78544983.0,20260812
Cacna2d1,9,4,0.8526578,1295040,"[72119649, 78544953, 78544955, 78544981, 78557709, 79707516, 79707526, 80409515, 80409519, 80409521]","[75042246, 78544957, 78544963, 78544965, 78544979, 78557707, 78557711, 79707530, 79707760]",78544983.0,20260812
Cacna2d1,9,5,0.8435461,1295040,"[72119649, 78544953, 78544955, 78544957, 78544963, 78557705, 78557709, 79707516, 79707530, 80409521]","[78544959, 78544961, 78544965, 78544979, 78557707, 78557711, 79707526, 79707760, 80409519]",78544983.0,20260812
Cacna2d1,9,6,0.85224265,1295040,"[72119649, 78544955, 78544957, 78544961, 78544981, 78557707, 78557711, 79707526, 79707532, 80409517]","[75042246, 78544953, 78544959, 78544963, 78544965, 78557703, 78557709, 79707530, 80409515]",78544983.0,20260812
Cacna2d1,9,7,0.85522854,1295040,"[75042246, 78544955, 78544957, 78544961, 78544963, 78544965, 78557705, 78557707, 79707530, 80409517]","[72119649, 78544979, 78557709, 78557711, 79707516, 79707526, 80409515, 80409519, 80409521]",78544983.0,20260812
Cacna2d1,9,8,0.85652864,1295040,"[78544953, 78544957, 78544959, 78544965, 79707530, 79707532, 79707760, 80409515, 80409519, 80409521]","[72119649, 78544979, 78544981, 78557705, 78557707, 78557709, 78557711, 79707516, 79707526]",78544983.0,20260812
Cacna2d1,9,9,0.85442305,1295040,"[78544957, 78544961, 78544981, 78557703, 78557705, 78557707, 78557711, 79707516, 79707526, 80409517]","[72119649, 75042246, 78544955, 78544963, 78544979, 79707532, 79707760, 80409519, 80409521]",78544983.0,20260812
Cacna2d1,9,10,0.8542806,1295040,"[78544955, 78544957, 78544963, 78544965, 78557703, 78557709, 78557711, 79707516, 79707526, 79707760]","[72119649, 75042246, 78544961, 78544979, 78557705, 79707530, 79707532, 80409515, 80409521]",78544983.0,20260812
Cacna2d1,9,11,0.85625744,1295040,"[78544961, 78544963, 78544979, 78544981, 78557703, 79707530, 79707532, 80409517, 80409519, 80409521]","[72119649, 78544953, 78544955, 78557705, 78557709, 78557711, 79707516, 79707526, 79707760]",78544983.0,20260812
Cacna2d1,9,12,0.8604301,1295040,"[72119649, 78544955, 78544961, 78544963, 78544965, 78544981, 78557703, 78557707, 79707526, 79707760]","[75042246, 78544953, 78544957, 78544979, 78557709, 79707516, 79707530, 80409515, 80409517]",78544983.0,20260812
Cacna2d1,9,13,0.8486009,1295040,"[78544955, 78544959, 78544963, 78544979, 78544981, 78557703, 78557709, 79707532, 79707760, 80409517]","[78544953, 78544957, 78544965, 78557707, 78557711, 79707526, 80409515, 80409519, 80409521]",78544983.0,20260812
Cacna2d1,9,14,0.84923863,1295040,"[75042246, 78544953, 78544959, 78544963, 78557703, 78557709, 79707516, 79707532, 79707760, 80409519]","[72119649, 78544957, 78544961, 78544965, 78544981, 78557705, 79707526, 80409515, 80409521]",78544983.0,20260812
Cacna2d1,9,15,0.85435903,1295040,"[72119649, 78544959, 78544979, 78544981, 78557703, 78557705, 79707530, 79707532, 79707760, 80409519]","[78544955, 78544961, 78544963, 78557707, 78557709, 78557711, 79707516, 80409515, 80409517]",78544983.0,20260812
Cacna2d1,9,16,0.8414156,1295040,"[75042246, 78544953, 78544957, 78544961, 78544963, 78544965, 78557703, 78557709, 79707760, 80409515]","[78544955, 78544981, 78557707, 79707516, 79707526, 79707532, 80409517, 80409519, 80409521]",78544983.0,20260812
Cacna2d1,9,17,0.85130006,1295040,"[72119649, 78544955, 78544959, 78544965, 78557707, 79707526, 79707530, 79707532, 80409517, 80409521]","[75042246, 78544953, 78544961, 78544981, 78557703, 78557711, 79707516, 79707760, 80409515]",78544983.0,20260812
Cacna2d1,9,18,0.847795,1295040,"[72119649, 78544955, 78544957, 78544965, 78557705, 79707516, 79707532, 80409515, 80409519, 80409521]","[75042246, 78544953, 78544959, 78544961, 78544963, 78544979, 78544981, 78557711, 80409517]",78544983.0,20260812
Cacna2d1,9,19,0.85924935,1295040,"[72119649, 75042246, 78544961, 78544963, 78544981, 79707526, 79707530, 79707532, 80409515, 80409517]","[78544953, 78544955, 78544957, 78544959, 78544965, 78544979, 78557703, 78557707, 80409519]",78544983.0,20260812
Cacna2d1,9,20,0.8424641,1295040,"[75042246, 78544957, 78544961, 78544981, 78557705, 78557711, 79707760, 80409515, 80409517, 80409521]","[72119649, 78544955, 78544959, 78544963, 78544965, 78544979, 79707516, 79707526, 80409519]",78544983.0,20260812
Cacna2d1,9,21,0.849529,1295040,"[78544955, 78544957, 78544961, 78557711, 79707516, 79707530, 80409515, 80409517, 80409519, 80409521]","[72119649, 75042246, 78544953, 78544965, 78557703, 78557705, 78557709, 79707526, 79707760]",78544983.0,20260812
Cacna2d1,9,22,0.8552735,1295040,"[72119649, 78544953, 78544957, 78544959, 78544981, 78557707, 78557711, 79707530, 80409517, 80409519]","[78544955, 78544961, 78544963, 78544965, 78557703, 79707516, 79707532, 80409515, 80409521]",78544983.0,20260812
Cacna2d1,9,23,0.8527566,1295040,"[72119649, 78544957, 78544963, 78544979, 78544981, 78557709, 78557711, 79707526, 79707760, 80409515]","[78544959, 78544961, 78544965, 78557703, 78557705, 79707530, 80409517, 80409519, 80409521]",78544983.0,20260812
Cacna2d1,9,24,0.8339242,1295040,"[72119649, 78544957, 78544959, 78544961, 78544981, 78557709, 79707526, 80409515, 80409517, 80409521]","[75042246, 78544953, 78544963, 78544965, 78544979, 78557707, 79707516, 79707530, 79707760]",78544983.0,20260812
Cacna2d1,9,25,0.84723246,1295040,"[75042246, 78544955, 78544959, 78544961, 78557705, 79707530, 79707532, 79707760, 80409517, 80409519]","[72119649, 78544953, 78544957, 78544965, 78544979, 78557707, 78557709, 79707526, 80409515]",78544983.0,20260812
Cacna2d1,9,26,0.8574773,1295040,"[78544953, 78544957, 78544959, 78544979, 78557705, 79707516, 79707526, 80409517, 80409519, 80409521]","[75042246, 78544955, 78544963, 78544965, 78544981, 78557709, 79707530, 79707532, 80409515]",78544983.0,20260812
Cacna2d1,9,27,0.8527999,1295040,"[75042246, 78544961, 78544965, 78557705, 78557707, 78557709, 79707532, 80409515, 80409517, 80409519]","[78544955, 78544957, 78544959, 78544963, 78544981, 78557703, 78557711, 79707516, 79707760]",78544983.0,20260812
Cacna2d1,9,28,0.85624194,1295040,"[75042246, 78544953, 78544957, 78544963, 78544965, 78557705, 79707516, 79707760, 80409517, 80409519]","[72119649, 78544955, 78557709, 78557711, 79707526, 79707530, 79707532, 80409515, 80409521]",78544983.0,20260812
Cacna2d1,9,29,0.8484665,1295040,"[78544955, 78544959, 78544965, 78544979, 78557703, 79707526, 79707760, 80409515, 80409517, 80409519]","[72119649, 78544953, 78544961, 78544963, 78544981, 78557707, 78557709, 79707516, 79707532]",78544983.0,20260812
Cacna2d1,9,30,0.8496882,1295040,"[78544963, 78544965, 78544979, 78557703, 78557705, 78557707, 79707526, 79707760, 80409515, 80409521]","[72119649, 75042246, 78544953, 78544955, 78544957, 78557709, 79707516, 80409517, 80409519]",78544983.0,20260812
Cacna2d1,9,31,0.8456167,1295040,"[78544953, 78544959, 78544963, 78544965, 78544979, 78557705, 79707516, 79707532, 80409515, 80409521]","[72119649, 75042246, 78544957, 78544981, 78557707, 78557709, 78557711, 79707760, 80409519]",78544983.0,20260812
Cacna2d1,9,32,0.85855967,1295040,"[72119649, 75042246, 78544953, 78544959, 78544965, 78544979, 78544981, 78557711, 79707760, 80409519]","[78544955, 78544957, 78557703, 78557705, 78557707, 79707516, 79707532, 80409515, 80409517]",78544983.0,20260812
Cacna2d1,9,33,0.845979,1295040,"[78544957, 78544959, 78544961, 78544963, 78544965, 78544979, 78557703, 79707516, 79707526, 79707532]","[72119649, 75042246, 78544955, 78544981, 78557705, 78557707, 79707530, 80409515, 80409519]",78544983.0,20260812
Cacna2d1,9,34,0.84510094,1295040,"[72119649, 75042246, 78544953, 78544957, 78544965, 78557707, 79707526, 79707760, 80409515, 80409517]","[78544955, 78544959, 78544979, 78544981, 78557711, 79707516, 79707530, 80409519, 80409521]",78544983.0,20260812
Cacna2d1,9,35,0.84345376,1295040,"[78544953, 78544955, 78544957, 78544961, 78544965, 78544981, 78557707, 78557711, 79707760, 80409519]","[72119649, 78544963, 78544979, 78557703, 78557705, 79707516, 79707526, 79707530, 80409517]",78544983.0,20260812
Cacna2d1,9,36,0.8555658,1295040,"[78544953, 78544955, 78544961, 78544965, 78544981, 78557707, 79707530, 79707760, 80409517, 80409521]","[78544959, 78544963, 78544979, 78557703, 78557705, 78557709, 78557711, 79707526, 80409519]",78544983.0,20260812
Cacna2d1,9,37,0.86182815,1295040,"[78544957, 78544965, 78557703, 78557705, 78557707, 79707526, 79707532, 79707760, 80409517, 80409519]","[72119649, 75042246, 78544953, 78544955, 78544959, 78544979, 78557709, 79707516, 80409515]",78544983.0,20260812
Cacna2d1,9,38,0.85022575,1295040,"[72119649, 78544955, 78544959, 78544963, 78557707, 79707516, 79707530, 79707532, 79707760, 80409521]","[75042246, 78544957, 78544981, 78557703, 78557711, 79707526, 80409515, 80409517, 80409519]",78544983.0,20260812
Cacna2d1,9,39,0.855416,1295040,"[75042246, 78544961, 78544965, 78544979, 78544981, 78557709, 79707530, 79707532, 80409517, 80409521]","[72119649, 78544953, 78544957, 78544959, 78557703, 78557705, 78557711, 79707526, 80409519]",78544983.0,20260812
Cacna2d1,9,40,0.84057844,1295040,"[75042246, 78544957, 78544959, 78544965, 78557703, 78557705, 78557707, 79707526, 79707530, 80409517]","[78544955, 78544981, 78557709, 78557711, 79707516, 79707532, 80409515, 80409519, 80409521]",78544983.0,20260812
Cacna2d1,9,41,0.85211545,1295040,"[75042246, 78544953, 78544961, 78544979, 78544981, 78557703, 78557711, 79707516, 79707532, 80409517]","[72119649, 78544955, 78544957, 78557705, 78557709, 79707526, 79707530, 79707760, 80409521]",78544983.0,20260812
Cacna2d1,9,42,0.8602539,1295040,"[72119649, 78544965, 78544979, 78557703, 78557705, 78557711, 79707526, 79707530, 80409515, 80409521]","[78544953, 78544955, 78544957, 78544963, 78557707, 79707516, 79707532, 80409517, 80409519]",78544983.0,20260812
Cacna2d1,9,43,0.85102075,1295040,"[75042246, 78544955, 78544961, 78544963, 78544979, 78557703, 79707516, 79707532, 80409515, 80409519]","[72119649, 78544957, 78544981, 78557705, 78557707, 78557709, 78557711, 79707530, 80409517]",78544983.0,20260812
Cacna2d1,9,44,0.85710704,1295040,"[72119649, 78544953, 78544957, 78544959, 78544963, 78544965, 78544981, 78557707, 78557711, 80409515]","[75042246, 78544955, 78544961, 78544979, 78557703, 79707516, 79707530, 79707760, 80409521]",78544983.0,20260812
Cacna2d1,9,45,0.84438825,1295040,"[72119649, 75042246, 78544955, 78544961, 78544965, 78544979, 78544981, 78557703, 80409515, 80409517]","[78544953, 78544957, 78544963, 78557705, 79707526, 79707532, 79707760, 80409519, 80409521]",78544983.0,20260812
Cacna2d1,9,46,0.8567617,1295040,"[75042246, 78544953, 78544965, 78544981, 78557707, 78557709, 78557711, 79707526, 79707530, 79707760]","[78544955, 78544957, 78544959, 78544961, 78557703, 78557705, 79707532, 80409515, 80409519]",78544983.0,20260812
Cacna2d1,9,47,0.8484597,1295040,"[78544953, 78544955, 78544957, 78544961, 78544981, 78557705, 79707526, 79707530, 80409517, 80409521]","[75042246, 78544959, 78544963, 78544965, 78557703, 79707516, 79707532, 79707760, 80409515]",78544983.0,20260812
Cacna2d1,9,48,0.857759,1295040,"[72119649, 75042246, 78544959, 78544961, 78557703, 78557707, 78557709, 78557711, 79707516, 80409517]","[78544953, 78544955, 78544963, 78544965, 78544981, 79707526, 79707532, 80409515, 80409519]",78544983.0,20260812
Cacna2d1,9,49,0.85356224,1295040,"[75042246, 78544979, 78544981, 78557703, 79707526, 79707532, 80409515, 80409517, 80409519, 80409521]","[78544955, 78544957, 78544959, 78544965, 78557705, 78557711, 79707516, 79707530, 79707760]",78544983.0,20260812
Cacna2d1,9,50,0.8549212,1295040,"[78544955, 78544957, 78544961, 78557705, 78557707, 78557709, 78557711, 79707516, 79707532, 79707760]","[72119649, 75042246, 78544953, 78544959, 78544979, 78544981, 78557703, 79707526, 79707530]",78544983.0,20260812
Cacna2d1,9,51,0.85693944,1295040,"[72119649, 78544955, 78544957, 78544965, 78557705, 78557709, 79707530, 79707760, 80409517, 80409521]","[78544953, 78544961, 78544981, 78557703, 78557707, 78557711, 79707532, 80409515, 80409519]",78544983.0,20260812
Cacna2d1,9,52,0.8328364,1295040,"[78544955, 78544959, 78557705, 78557707, 78557709, 78557711, 79707532, 79707760, 80409515, 80409521]","[72119649, 75042246, 78544957, 78544961, 78544979, 78544981, 79707530, 80409517, 80409519]",78544983.0,20260812
Cacna2d1,9,53,0.84966016,1295040,"[72119649, 78544953, 78544955, 78544957, 78544961, 78544963, 78557705, 78557707, 78557709, 79707530]","[75042246, 78544965, 78544979, 78544981, 78557711, 79707516, 79707532, 79707760, 80409521]",78544983.0,20260812
Cacna2d1,9,54,0.8529559,1295040,"[75042246, 78544955, 78544961, 78544963, 78544981, 78557705, 78557707, 78557709, 78557711, 79707526]","[72119649, 78544953, 78544957, 78544965, 78544979, 79707530, 79707532, 80409517, 80409521]",78544983.0,20260812
Cacna2d1,9,55,0.8480688,1295040,"[72119649, 75042246, 78544955, 78544961, 78544981, 78557705, 78557707, 79707516, 79707530, 80409515]","[78544953, 78544957, 78544963, 78544965, 78557709, 79707526, 79707760, 80409517, 80409521]",78544983.0,20260812
Cacna2d1,9,56,0.85031223,1295040,"[72119649, 78544955, 78544959, 78544979, 78544981, 79707516, 79707530, 79707532, 80409517, 80409519]","[75042246, 78544957, 78544961, 78544963, 78544965, 78557707, 78557709, 79707760, 80409521]",78544983.0,20260812
Cacna2d1,9,57,0.85194254,1295040,"[75042246, 78544955, 78544961, 78544963, 78544965, 78557703, 78557709, 79707530, 80409515, 80409521]","[72119649, 78544953, 78544959, 78544981, 78557705, 78557707, 79707532, 79707760, 80409517]",78544983.0,20260812
Cacna2d1,9,58,0.84579587,1295040,"[75042246, 78544957, 78544959, 78544961, 78557709, 79707516, 79707532, 80409517, 80409519, 80409521]","[78544963, 78544981, 78557705, 78557707, 78557711, 79707526, 79707530, 79707760, 80409515]",78544983.0,20260812
Cacna2d1,9,59,0.86139953,1295040,"[75042246, 78544953, 78544959, 78557703, 78557709, 78557711, 79707516, 79707526, 79707532, 80409519]","[72119649, 78544955, 78544957, 78544963, 78544965, 78557705, 79707530, 79707760, 80409521]",78544983.0,20260812
Cacna2d1,9,60,0.8510824,1295040,"[72119649, 75042246, 78544957, 78557707, 79707516, 79707526, 79707532, 80409515, 80409519, 80409521]","[78544953, 78544955, 78544961, 78544963, 78544979, 78557703, 78557711, 79707530, 79707760]",78544983.0,20260812
Cacna2d1,9,61,0.83294713,1295040,"[78544957, 78544959, 78544981, 78557703, 78557705, 78557709, 79707532, 80409515, 80409519, 80409521]","[78544953, 78544955, 78544963, 78544965, 78544979, 78557707, 79707516, 79707526, 79707760]",78544983.0,20260812
Cacna2d1,9,62,0.85663235,1295040,"[78544955, 78544957, 78544965, 78557703, 78557705, 78557707, 78557709, 78557711, 79707526, 79707532]","[72119649, 75042246, 78544959, 78544963, 79707516, 79707760, 80409515, 80409517, 80409521]",78544983.0,20260812
Cacna2d1,9,63,0.85678184,1295040,"[78544953, 78544955, 78544957, 78544965, 78544979, 78557703, 79707526, 80409517, 80409519, 80409521]","[72119649, 75042246, 78544963, 78544981, 78557705, 78557707, 79707516, 79707530, 79707532]",78544983.0,20260812
Cacna2d1,9,64,0.8564947,1295040,"[72119649, 78544959, 78544963, 78544965, 78544979, 78544981, 78557703, 79707526, 79707532, 80409519]","[75042246, 78544953, 78544961, 78557705, 78557709, 78557711, 79707530, 79707760, 80409517]",78544983.0,20260812
Cacna2d1,9,65,0.8500472,1295040,"[75042246, 78544955, 78544961, 78544963, 78544981, 78557705, 78557711, 80409515, 80409519, 80409521]","[72119649, 78544953, 78544957, 78544965, 78544979, 78557703, 79707526, 79707530, 79707532]",78544983.0,20260812
Cacna2d1,9,66,0.8468185,1295040,"[78544953, 78544959, 78544963, 78544981, 78557703, 78557711, 79707526, 79707530, 79707532, 79707760]","[72119649, 78544955, 78544957, 78557705, 78557707, 79707516, 80409515, 80409517, 80409519]",78544983.0,20260812
Cacna2d1,9,67,0.8433137,1295040,"[72119649, 75042246, 78544965, 78544979, 78544981, 78557703, 78557709, 78557711, 79707516, 79707532]","[78544955, 78544957, 78544959, 78544961, 79707530, 79707760, 80409515, 80409517, 80409521]",78544983.0,20260812
Cacna2d1,9,68,0.859516,1295040,"[72119649, 78544959, 78544963, 78544981, 78557703, 78557711, 79707516, 79707532, 79707760, 80409519]","[75042246, 78544953, 78544961, 78544979, 78557705, 78557707, 78557709, 79707526, 79707530]",78544983.0,20260812
Cacna2d1,9,69,0.84207606,1295040,"[72119649, 78544953, 78544963, 78544981, 78557703, 78557705, 79707516, 79707530, 80409517, 80409519]","[78544955, 78544957, 78544965, 78557707, 78557709, 78557711, 79707532, 79707760, 80409515]",78544983.0,20260812
Cacna2d1,9,70,0.8446952,1295040,"[78544953, 78544955, 78544957, 78544963, 78544965, 78544979, 78557703, 78557705, 78557707, 79707526]","[72119649, 75042246, 78544959, 78544961, 78557711, 79707532, 80409515, 80409517, 80409519]",78544983.0,20260812
Cacna2d1,9,71,0.8613142,1295040,"[75042246, 78544963, 78544965, 78544981, 78557703, 78557705, 79707532, 79707760, 80409519, 80409521]","[72119649, 78544955, 78544959, 78544961, 78557707, 78557711, 79707516, 79707530, 80409517]",78544983.0,20260812
Cacna2d1,9,72,0.8534816,1295040,"[75042246, 78544955, 78544963, 78544979, 78557703, 78557705, 78557711, 79707526, 80409515, 80409521]","[78544959, 78544965, 78544981, 78557707, 78557709, 79707516, 79707532, 79707760, 80409519]",78544983.0,20260812
Cacna2d1,9,73,0.85779893,1295040,"[78544953, 78544955, 78544957, 78544961, 78544979, 78557703, 79707516, 79707760, 80409519, 80409521]","[75042246, 78544963, 78544965, 78544981, 78557707, 78557709, 79707530, 79707532, 80409517]",78544983.0,20260812
Cacna2d1,9,74,0.85567975,1295040,"[75042246, 78544957, 78544979, 78557703, 78557707, 79707516, 79707530, 79707760, 80409517, 80409519]","[78544953, 78544963, 78544981, 78557705, 78557709, 78557711, 79707526, 80409515, 80409521]",78544983.0,20260812
Cacna2d1,9,75,0.85498583,1295040,"[78544953, 78544955, 78544957, 78544959, 78544965, 78557709, 79707530, 79707760, 80409515, 80409519]","[72119649, 78544961, 78544979, 78557703, 78557705, 78557707, 79707516, 79707532, 80409517]",78544983.0,20260812
Cacna2d1,9,76,0.8478354,1295040,"[72119649, 78544957, 78557705, 78557709, 78557711, 79707526, 79707760, 80409515, 80409519, 80409521]","[75042246, 78544961, 78544965, 78544979, 78544981, 78557703, 78557707, 79707530, 79707532]",78544983.0,20260812
Cacna2d1,9,77,0.8521798,1295040,"[75042246, 78544953, 78544955, 78544963, 78544965, 78544979, 78557703, 78557705, 78557707, 80409519]","[78544959, 78557709, 78557711, 79707516, 79707526, 79707530, 79707760, 80409515, 80409517]",78544983.0,20260812
Cacna2d1,9,78,0.8433647,1295040,"[72119649, 78544953, 78544955, 78544957, 78544959, 78544981, 78557703, 78557705, 79707526, 80409517]","[78544961, 78557707, 78557711, 79707516, 79707530, 79707532, 79707760, 80409519, 80409521]",78544983.0,20260812
Cacna2d1,9,79,0.84799826,1295040,"[78544953, 78544955, 78544965, 78557705, 78557709, 78557711, 79707526, 79707530, 80409515, 80409519]","[72119649, 78544957, 78544959, 78544963, 78544981, 78557703, 78557707, 79707532, 80409521]",78544983.0,20260812
Cacna2d1,9,80,0.85852367,1295040,"[72119649, 78544953, 78544959, 78544961, 78544979, 78557707, 79707532, 79707760, 80409515, 80409519]","[75042246, 78544965, 78544981, 78557705, 78557709, 78557711, 79707516, 79707526, 80409521]",78544983.0,20260812
Cacna2d1,9,81,0.8474321,1295040,"[72119649, 78544957, 78544961, 78557703, 78557707, 78557709, 78557711, 80409515, 80409517, 80409519]","[75042246, 78544953, 78544959, 78544963, 78544965, 78544981, 78557705, 79707532, 79707760]",78544983.0,20260812
Cacna2d1,9,82,0.85001755,1295040,"[78544953, 78544955, 78544957, 78544961, 78544965, 78557705, 78557711, 79707760, 80409515, 80409521]","[72119649, 78544963, 78544981, 78557703, 78557709, 79707526, 79707532, 80409517, 80409519]",78544983.0,20260812
Cacna2d1,9,83,0.8502494,1295040,"[72119649, 75042246, 78544959, 78544961, 78544963, 78544979, 78557707, 79707516, 79707530, 80409515]","[78544953, 78544957, 78544981, 78557703, 78557709, 78557711, 79707532, 80409517, 80409519]",78544983.0,20260812
Cacna2d1,9,84,0.8475604,1295040,"[78544953, 78544957, 78544961, 78544979, 78557707, 78557709, 78557711, 79707530, 79707760, 80409519]","[72119649, 78544955, 78544963, 78544965, 78544981, 79707516, 79707532, 80409517, 80409521]",78544983.0,20260812
Cacna2d1,9,85,0.8582076,1295040,"[72119649, 78544963, 78544981, 78557705, 78557709, 78557711, 79707516, 79707526, 80409515, 80409517]","[78544955, 78544961, 78544965, 78557703, 78557707, 79707530, 79707760, 80409519, 80409521]",78544983.0,20260812
Cacna2d1,9,86,0.8602791,1295040,"[78544953, 78544957, 78544959, 78544965, 78557709, 78557711, 79707526, 79707530, 79707532, 80409515]","[75042246, 78544955, 78544961, 78544979, 78544981, 78557703, 78557705, 79707760, 80409517]",78544983.0,20260812
Cacna2d1,9,87,0.85438764,1295040,"[72119649, 78544957, 78544961, 78544965, 78544979, 78557709, 78557711, 79707516, 79707532, 79707760]","[75042246, 78544953, 78544981, 78557705, 79707526, 79707530, 80409515, 80409517, 80409519]",78544983.0,20260812
Cacna2d1,9,88,0.8624623,1295040,"[75042246, 78544953, 78544955, 78544957, 78544979, 78557705, 78557709, 78557711, 79707530, 80409515]","[78544959, 78544961, 78544963, 78544965, 78557703, 79707516, 79707760, 80409517, 80409521]",78544983.0,20260812
Cacna2d1,9,89,0.84580296,1295040,"[75042246, 78544955, 78544961, 78544963, 78544979, 78557703, 78557707, 78557709, 79707516, 79707760]","[72119649, 78544957, 78544965, 78544981, 78557705, 78557711, 80409515, 80409517, 80409521]",78544983.0,20260812
Cacna2d1,9,90,0.85116714,1295040,"[72119649, 75042246, 78544965, 78544979, 78544981, 79707516, 79707526, 80409515, 80409519, 80409521]","[78544953, 78544955, 78544959, 78544961, 78557703, 78557705, 78557709, 79707532, 79707760]",78544983.0,20260812
Cacna2d1,9,91,0.8415084,1295040,"[72119649, 78544959, 78544965, 78557705, 79707516, 79707532, 80409515, 80409517, 80409519, 80409521]","[75042246, 78544953, 78544955, 78544957, 78544961, 78544963, 78544981, 78557709, 79707530]",78544983.0,20260812
Cacna2d1,9,92,0.8406782,1295040,"[75042246, 78544953, 78544957, 78544961, 78544963, 78544965, 78557703, 78557707, 79707532, 80409521]","[78544955, 78544959, 78544979, 78544981, 78557711, 79707526, 79707760, 80409515, 80409517]",78544983.0,20260812
Cacna2d1,9,93,0.8473018,1295040,"[75042246, 78544953, 78544957, 78557703, 78557707, 78557709, 79707526, 79707532, 80409515, 80409517]","[72119649, 78544959, 78544965, 78544981, 78557705, 79707530, 79707760, 80409519, 80409521]",78544983.0,20260812
Cacna2d1,9,94,0.8572936,1295040,"[72119649, 75042246, 78544957, 78544959, 78544981, 78557707, 78557709, 79707530, 79707760, 80409515]","[78544955, 78544961, 78544965, 78557711, 79707516, 79707526, 79707532, 80409517, 80409519]",78544983.0,20260812
Cacna2d1,9,95,0.84895736,1295040,"[72119649, 75042246, 78544953, 78544957, 78544961, 78544965, 78557703, 78557705, 79707516, 79707532]","[78544979, 78557707, 78557709, 78557711, 79707526, 79707530, 80409515, 80409517, 80409521]",78544983.0,20260812
Cacna2d1,9,96,0.85096955,1295040,"[78544953, 78544957, 78544963, 78544979, 78544981, 78557711, 79707526, 79707530, 80409515, 80409521]","[78544955, 78544959, 78544961, 78544965, 78557705, 78557707, 79707516, 79707532, 80409519]",78544983.0,20260812
Cacna2d1,9,97,0.8489934,1295040,"[75042246, 78544955, 78544957, 78544979, 78557703, 78557711, 79707526, 79707760, 80409517, 80409521]","[72119649, 78544953, 78544961, 78544981, 78557709, 79707516, 79707530, 80409515, 80409519]",78544983.0,20260812
Cacna2d1,9,98,0.8515042,1295040,"[72119649, 75042246, 78544963, 78557705, 78557707, 78557711, 79707516, 79707526, 79707760, 80409519]","[78544955, 78544959, 78544961, 78544965, 78544981, 78557703, 78557709, 79707530, 79707532]",78544983.0,20260812
Cacna2d1,9,99,0.8452376,1295040,"[78544955, 78544965, 78544979, 78557705, 79707516, 79707530, 79707532, 80409517, 80409519, 80409521]","[75042246, 78544953, 78544957, 78544959, 78544961, 78557707, 79707526, 79707760, 80409515]",78544983.0,20260812
Calb1,1,0,0.4943966865539551,1295040,"[78591326, 78591330, 78591332, 78591334, 78591340, 78591342, 78591384, 78632766, 79556672, 79709470, 79721610, 79721740, 80409523, 80409525, 80409527]",[79721509],78632782.0,20260812
Calb1,1,1,0.5424296855926514,1295040,"[71717640, 78591332, 78591334, 78591336, 78591338, 78591384, 78632778, 78632780, 79709470, 79721509, 79721610, 79721630, 79721740, 80409525, 80409532]",[78591340],78632782.0,20260812
Calb1,1,2,0.531615674495697,1295040,"[71717640, 78591332, 78591334, 78591336, 78591340, 78632766, 78632776, 78632778, 78632780, 79556672, 79721509, 79721610, 79721740, 80409525, 80409527]",[78591342],78632782.0,20260812
Calb1,1,3,0.5292657017707825,1295040,"[71717640, 78591328, 78591330, 78591332, 78591336, 78591338, 78632778, 79556672, 79709470, 79721509, 79721610, 79721630, 79721740, 80409523, 80409525]",[78591334],78632782.0,20260812
Calb1,1,4,0.45752692222595215,1295040,"[71717640, 78591330, 78591332, 78591336, 78591338, 78591340, 78591384, 78632766, 78632780, 79556672, 79709470, 79721509, 79721610, 80409523, 80409525]",[80409527],78632782.0,20260812
Calb1,1,5,0.4668636620044708,1295040,"[71717640, 78591326, 78591330, 78591332, 78591334, 78591340, 78591342, 78632766, 78632778, 78632780, 79721509, 79721610, 79721740, 80409525, 80409527]",[78591328],78632782.0,20260812
Calb1,1,6,0.5303081274032593,1295040,"[71717640, 78591326, 78591328, 78591330, 78591332, 78591338, 78591340, 78632766, 78632778, 79556672, 79721610, 79721630, 79721740, 80409523, 80409532]",[78591334],78632782.0,20260812
Calb1,1,7,0.46067726612091064,1295040,"[71717640, 78591330, 78591334, 78591336, 78591338, 78591342, 78591384, 78632766, 79709470, 79721509, 79721740, 80409523, 80409525, 80409527, 80409532]",[79721610],78632782.0,20260812
Calb1,1,8,0.4959723949432373,1295040,"[78591326, 78591330, 78591332, 78591338, 78591342, 78591384, 78632766, 78632778, 78632780, 79556672, 79709470, 79721509, 79721610, 80409523, 80409527]",[71717640],78632782.0,20260812
Calb1,1,9,0.5015744566917419,1295040,"[71717640, 78591328, 78591330, 78591332, 78591334, 78591338, 78591384, 78632766, 78632780, 79709470, 79721509, 79721610, 79721630, 79721740, 80409523]",[78632778],78632782.0,20260812
Calb1,1,10,0.5504342913627625,1295040,"[78591328, 78591336, 78591338, 78591340, 78591342, 78591384, 78632766, 78632776, 78632780, 79709470, 79721509, 79721740, 80409523, 80409527, 80409532]",[78591334],78632782.0,20260812
Calb1,1,11,0.4771151542663574,1295040,"[78591330, 78591334, 78591340, 78591342, 78632778, 78632780, 79556672, 79709470, 79721509, 79721610, 79721740, 80409523, 80409525, 80409527, 80409532]",[78632776],78632782.0,20260812
Calb1,1,12,0.42371001839637756,1295040,"[71717640, 78591328, 78591336, 78591340, 78591384, 78632766, 78632776, 79556672, 79709470, 79721509, 79721610, 80409523, 80409525, 80409527, 80409532]",[79721630],78632782.0,20260812
Calb1,1,13,0.4782067537307739,1295040,"[78591328, 78591330, 78591332, 78591334, 78591338, 78591340, 78591384, 78632766, 78632778, 78632780, 79721509, 79721610, 79721740, 80409525, 80409527]",[71717640],78632782.0,20260812
Calb1,1,14,0.49456509947776794,1295040,"[71717640, 78591326, 78591328, 78591330, 78591332, 78591384, 78632766, 78632778, 79556672, 79709470, 79721509, 79721610, 80409523, 80409527, 80409532]",[80409525],78632782.0,20260812
Calb1,1,15,0.46548205614089966,1295040,"[78591326, 78591328, 78591330, 78591332, 78591334, 78591336, 78591338, 78591340, 78591342, 78632780, 79709470, 79721509, 79721610, 79721630, 80409523]",[79721740],78632782.0,20260812
Calb1,1,16,0.44030600786209106,1295040,"[78591326, 78591330, 78591332, 78591334, 78591336, 78632766, 78632778, 79709470, 79721509, 79721610, 79721740, 80409523, 80409525, 80409527, 80409532]",[78591384],78632782.0,20260812
Calb1,1,17,0.48624879121780396,1295040,"[78591326, 78591336, 78591338, 78591340, 78591342, 78632766, 78632776, 78632778, 79556672, 79709470, 79721630, 79721740, 80409523, 80409525, 80409527]",[78632780],78632782.0,20260812
Calb1,1,18,0.432489275932312,1295040,"[78591326, 78591330, 78591332, 78591334, 78591336, 78591338, 78591384, 78632776, 79556672, 79709470, 79721509, 79721610, 80409523, 80409525, 80409532]",[79721630],78632782.0,20260812
Calb1,1,19,0.492713063955307,1295040,"[71717640, 78591326, 78591332, 78591334, 78591336, 78591340, 78591342, 78591384, 78632780, 79556672, 79709470, 79721610, 79721630, 80409525, 80409532]",[79721509],78632782.0,20260812
Calb1,1,20,0.4919092357158661,1295040,"[71717640, 78591326, 78591330, 78591334, 78591336, 78591338, 78591340, 78591384, 78632766, 78632776, 79709470, 79721509, 79721610, 80409523, 80409532]",[78591328],78632782.0,20260812
Calb1,1,21,0.5231895446777344,1295040,"[71717640, 78591326, 78591330, 78591334, 78591336, 78591338, 78591384, 78632778, 79709470, 79721509, 79721630, 79721740, 80409525, 80409527, 80409532]",[78591332],78632782.0,20260812
Calb1,1,22,0.4853435754776001,1295040,"[78591326, 78591334, 78591336, 78591338, 78591340, 78591384, 79556672, 79709470, 79721509, 79721610, 79721630, 79721740, 80409525, 80409527, 80409532]",[78632776],78632782.0,20260812
Calb1,1,23,0.5591368675231934,1295040,"[71717640, 78591326, 78591328, 78591336, 78591340, 78591384, 78632778, 78632780, 79709470, 79721610, 79721630, 79721740, 80409523, 80409527, 80409532]",[78591338],78632782.0,20260812
Calb1,1,24,0.4650372564792633,1295040,"[78591340, 78591342, 78632766, 78632776, 78632778, 78632780, 79556672, 79709470, 79721509, 79721610, 79721630, 79721740, 80409525, 80409527, 80409532]",[78591328],78632782.0,20260812
Calb1,1,25,0.5417958498001099,1295040,"[78591328, 78591334, 78591336, 78591338, 78591342, 78591384, 78632776, 78632778, 79556672, 79721610, 79721630, 79721740, 80409523, 80409525, 80409532]",[78591340],78632782.0,20260812
Calb1,1,26,0.5567264556884766,1295040,"[78591326, 78591330, 78591332, 78591334, 78591338, 78591340, 78591342, 78591384, 78632776, 78632780, 79556672, 79721610, 79721630, 80409523, 80409527]",[78591336],78632782.0,20260812
Calb1,1,27,0.49353209137916565,1295040,"[78591330, 78591332, 78591334, 78591336, 78591338, 78591340, 78632766, 78632776, 78632780, 79709470, 79721509, 79721610, 79721630, 79721740, 80409523]",[80409525],78632782.0,20260812
Calb1,1,28,0.5415734052658081,1295040,"[71717640, 78591328, 78591332, 78591334, 78591340, 78591384, 78632766, 78632776, 79721509, 79721610, 79721630, 79721740, 80409523, 80409525, 80409532]",[78591336],78632782.0,20260812
Calb1,1,29,0.5432140827178955,1295040,"[78591326, 78591328, 78591332, 78591336, 78591338, 78591340, 78591384, 78632776, 79709470, 79721509, 79721610, 79721630, 79721740, 80409523, 80409532]",[78591334],78632782.0,20260812
Calb1,1,30,0.5416722297668457,1295040,"[71717640, 78591328, 78591330, 78591332, 78591334, 78591338, 78632776, 78632780, 79709470, 79721610, 79721740, 80409523, 80409525, 80409527, 80409532]",[79556672],78632782.0,20260812
Calb1,1,31,0.4420628547668457,1295040,"[71717640, 78591326, 78591328, 78591332, 78591334, 78591338, 78591340, 78591342, 78591384, 78632766, 78632776, 79721610, 79721630, 80409523, 80409527]",[80409532],78632782.0,20260812
Calb1,1,32,0.387992262840271,1295040,"[78591328, 78591336, 78591338, 78591340, 78591384, 78632776, 78632780, 79556672, 79709470, 79721509, 79721610, 79721630, 79721740, 80409523, 80409525]",[78591330],78632782.0,20260812
Calb1,1,33,0.4940573573112488,1295040,"[71717640, 78591326, 78591332, 78591334, 78591340, 78591342, 78591384, 78632776, 78632778, 79709470, 79721509, 79721630, 79721740, 80409523, 80409527]",[80409525],78632782.0,20260812
Calb1,1,34,0.47557634115219116,1295040,"[78591330, 78591332, 78591338, 78591340, 78591342, 78591384, 78632766, 78632778, 78632780, 79709470, 79721610, 79721630, 79721740, 80409523, 80409527]",[78591326],78632782.0,20260812
Calb1,1,35,0.43217647075653076,1295040,"[71717640, 78591330, 78591334, 78591336, 78591340, 78591342, 78632766, 78632778, 78632780, 79709470, 79721509, 79721630, 80409523, 80409525, 80409527]",[78591384],78632782.0,20260812
Calb1,1,36,0.4935239851474762,1295040,"[71717640, 78591326, 78591328, 78591330, 78591336, 78591340, 78591342, 78632766, 78632776, 78632778, 78632780, 79556672, 79709470, 79721610, 79721740]",[80409525],78632782.0,20260812
Calb1,1,37,0.464303582906723,1295040,"[78591326, 78591328, 78591334, 78591336, 78591338, 78591340, 78591342, 78632766, 78632778, 78632780, 79556672, 79721509, 79721630, 80409523, 80409527]",[79721610],78632782.0,20260812
Calb1,1,38,0.4743538498878479,1295040,"[71717640, 78591334, 78591336, 78591338, 78591340, 78591342, 78591384, 78632766, 78632776, 78632778, 79709470, 79721509, 79721610, 79721630, 80409532]",[79721740],78632782.0,20260812
Calb1,1,39,0.5234143733978271,1295040,"[71717640, 78591328, 78591332, 78591334, 78591336, 78591338, 78591384, 78632776, 78632778, 79556672, 79709470, 79721610, 79721630, 80409527, 80409532]",[78591342],78632782.0,20260812
Calb1,1,40,0.5023787617683411,1295040,"[78591326, 78591330, 78591332, 78591334, 78591336, 78591338, 78591340, 78591342, 78591384, 78632766, 78632776, 78632780, 79556672, 79721610, 80409532]",[79721509],78632782.0,20260812
Calb1,1,41,0.5517761707305908,1295040,"[71717640, 78591326, 78591330, 78591334, 78591338, 78591340, 78591342, 78632766, 78632776, 78632778, 78632780, 79721610, 79721630, 79721740, 80409523]",[78591332],78632782.0,20260812
Calb1,1,42,0.4688354730606079,1295040,"[71717640, 78591330, 78591332, 78591334, 78591336, 78591340, 78591342, 78591384, 78632766, 78632780, 79721509, 79721610, 79721740, 80409525, 80409527]",[78591328],78632782.0,20260812
Calb1,1,43,0.5450984239578247,1295040,"[71717640, 78591326, 78591328, 78591330, 78591338, 78591340, 78591342, 78591384, 78632766, 78632778, 78632780, 79556672, 79721610, 79721740, 80409525]",[78591332],78632782.0,20260812
Calb1,1,44,0.5437018871307373,1295040,"[78591332, 78591336, 78591338, 78632766, 78632778, 78632780, 79709470, 79721509, 79721610, 79721630, 79721740, 80409523, 80409525, 80409527, 80409532]",[78591340],78632782.0,20260812
Calb1,1,45,0.4638462960720062,1295040,"[78591326, 78591330, 78591334, 78591336, 78591340, 78591342, 78632766, 78632776, 78632778, 78632780, 79709470, 79721509, 79721740, 80409525, 80409532]",[80409527],78632782.0,20260812
Calb1,1,46,0.508321225643158,1295040,"[71717640, 78591328, 78591330, 78591334, 78591336, 78591338, 78591384, 78632766, 78632776, 78632780, 79556672, 79721610, 80409523, 80409527, 80409532]",[79721509],78632782.0,20260812
Calb1,1,47,0.4940119981765747,1295040,"[71717640, 78591326, 78591328, 78591334, 78591336, 78591338, 78591384, 78632776, 78632780, 79709470, 79721509, 79721740, 80409523, 80409525, 80409532]",[78632778],78632782.0,20260812
Calb1,1,48,0.5055010318756104,1295040,"[78591326, 78591328, 78591332, 78591336, 78591342, 78591384, 78632766, 78632776, 78632778, 78632780, 79556672, 79721509, 79721610, 80409527, 80409532]",[79709470],78632782.0,20260812
Calb1,1,49,0.5608874559402466,1295040,"[71717640, 78591328, 78591334, 78591336, 78591342, 78591384, 78632766, 78632780, 79556672, 79721610, 79721630, 79721740, 80409523, 80409525, 80409532]",[78591338],78632782.0,20260812
Calb1,1,50,0.4906141757965088,1295040,"[71717640, 78591330, 78591332, 78591334, 78591336, 78591338, 78591384, 78632776, 79709470, 79721509, 79721610, 79721630, 79721740, 80409523, 80409527]",[78591328],78632782.0,20260812
Calb1,1,51,0.5041646957397461,1295040,"[71717640, 78591326, 78591328, 78591332, 78591334, 78591338, 78591340, 78632766, 79556672, 79709470, 79721630, 79721740, 80409523, 80409525, 80409532]",[78632778],78632782.0,20260812
Calb1,1,52,0.43921852111816406,1295040,"[71717640, 78591326, 78591328, 78591330, 78591332, 78591334, 78591384, 78632776, 78632778, 79721610, 79721740, 80409523, 80409525, 80409527, 80409532]",[79721630],78632782.0,20260812
Calb1,1,53,0.5418835878372192,1295040,"[78591328, 78591330, 78591332, 78591338, 78591342, 78591384, 78632766, 78632776, 78632778, 78632780, 79556672, 79709470, 79721509, 80409523, 80409527]",[78591340],78632782.0,20260812
Calb1,1,54,0.5654448866844177,1295040,"[71717640, 78591328, 78591332, 78591336, 78591340, 78591342, 78591384, 78632776, 78632780, 79556672, 79709470, 79721509, 79721740, 80409525, 80409527]",[78591338],78632782.0,20260812
Calb1,1,55,0.5473378896713257,1295040,"[71717640, 78591326, 78591328, 78591330, 78591332, 78591336, 78591342, 78591384, 78632766, 78632776, 78632778, 79721509, 79721630, 79721740, 80409525]",[79556672],78632782.0,20260812
Calb1,1,56,0.5793777704238892,1295040,"[71717640, 78591326, 78591328, 78591332, 78591340, 78632766, 78632776, 78632778, 78632780, 79556672, 79721509, 79721610, 79721630, 80409523, 80409527]",[78591336],78632782.0,20260812
Calb1,1,57,0.4522970914840698,1295040,"[78591326, 78591328, 78591330, 78591332, 78591342, 78632776, 78632778, 78632780, 79709470, 79721509, 79721610, 79721740, 80409523, 80409525, 80409527]",[80409532],78632782.0,20260812
Calb1,1,58,0.5004487037658691,1295040,"[78591328, 78591330, 78591332, 78591334, 78591336, 78591340, 78591342, 78591384, 78632766, 78632778, 78632780, 79556672, 79721610, 80409525, 80409527]",[79709470],78632782.0,20260812
Calb1,1,59,0.5430369973182678,1295040,"[71717640, 78591330, 78591336, 78591338, 78591342, 78632766, 78632778, 79556672, 79709470, 79721509, 79721740, 80409523, 80409525, 80409527, 80409532]",[78591332],78632782.0,20260812
Calb1,1,60,0.5519412755966187,1295040,"[78591326, 78591338, 78591342, 78591384, 78632766, 78632776, 78632778, 78632780, 79556672, 79721509, 79721610, 79721630, 80409525, 80409527, 80409532]",[78591332],78632782.0,20260812
Calb1,1,61,0.4858323335647583,1295040,"[71717640, 78591328, 78591334, 78591336, 78591338, 78591340, 78591342, 78591384, 78632766, 78632776, 78632778, 79721509, 79721740, 80409527, 80409532]",[78632780],78632782.0,20260812
Calb1,1,62,0.5187562108039856,1295040,"[78591326, 78591330, 78591332, 78591336, 78591338, 78591340, 78591384, 78632766, 78632776, 78632778, 79556672, 79709470, 79721509, 80409523, 80409532]",[78591342],78632782.0,20260812
Calb1,1,63,0.4604504704475403,1295040,"[71717640, 78591326, 78591328, 78591332, 78591334, 78591336, 78591338, 78591342, 78632778, 78632780, 79556672, 79709470, 79721610, 80409523, 80409527]",[79721740],78632782.0,20260812
Calb1,1,64,0.4444013237953186,1295040,"[71717640, 78591328, 78591330, 78591332, 78591334, 78591336, 78591342, 78591384, 78632776, 78632778, 78632780, 79709470, 79721509, 80409523, 80409525]",[80409532],78632782.0,20260812
Calb1,1,65,0.5374782085418701,1295040,"[78591330, 78591332, 78591334, 78591336, 78591338, 78591340, 78591342, 78632766, 78632778, 78632780, 79709470, 79721610, 79721630, 79721740, 80409532]",[79556672],78632782.0,20260812
Calb1,1,66,0.4628622531890869,1295040,"[71717640, 78591326, 78591328, 78591330, 78591336, 78591338, 78632766, 78632776, 78632780, 79556672, 79721509, 79721610, 79721740, 80409527, 80409532]",[80409523],78632782.0,20260812
Calb1,1,67,0.4765370488166809,1295040,"[71717640, 78591328, 78591332, 78591334, 78591340, 78591384, 78632778, 79556672, 79709470, 79721509, 79721610, 79721630, 80409523, 80409527, 80409532]",[78591326],78632782.0,20260812
Calb1,1,68,0.5383222699165344,1295040,"[71717640, 78591328, 78591334, 78591336, 78591342, 78591384, 78632776, 78632778, 78632780, 79556672, 79709470, 79721610, 79721630, 79721740, 80409527]",[78591340],78632782.0,20260812
Calb1,1,69,0.4773295223712921,1295040,"[71717640, 78591326, 78591328, 78591330, 78591332, 78591334, 78591384, 78632778, 78632780, 79556672, 79709470, 79721610, 79721630, 79721740, 80409525]",[78632776],78632782.0,20260812
Calb1,1,70,0.525356113910675,1295040,"[71717640, 78591328, 78591330, 78591334, 78591336, 78591338, 78632766, 78632778, 78632780, 79556672, 79709470, 79721610, 80409523, 80409525, 80409527]",[78591332],78632782.0,20260812
Calb1,1,71,0.5230855345726013,1295040,"[71717640, 78591326, 78591332, 78591334, 78591336, 78591338, 78632776, 79556672, 79721509, 79721630, 79721740, 80409523, 80409525, 80409527, 80409532]",[78591342],78632782.0,20260812
Calb1,1,72,0.4577455222606659,1295040,"[71717640, 78591328, 78591330, 78591332, 78591336, 78591342, 78591384, 78632766, 78632778, 79556672, 79709470, 79721630, 80409523, 80409525, 80409527]",[79721610],78632782.0,20260812
Calb1,1,73,0.47845733165740967,1295040,"[78591326, 78591328, 78591330, 78591336, 78591338, 78591340, 78632778, 78632780, 79709470, 79721509, 79721630, 79721740, 80409523, 80409525, 80409527]",[78632776],78632782.0,20260812
Calb1,1,74,0.4391738474369049,1295040,"[71717640, 78591326, 78591330, 78591334, 78591336, 78591340, 78591342, 78632776, 78632778, 79556672, 79709470, 79721509, 79721610, 79721630, 80409523]",[80409532],78632782.0,20260812
Calb1,1,75,0.4671783447265625,1295040,"[71717640, 78591330, 78591334, 78591336, 78632766, 78632776, 78632778, 78632780, 79556672, 79709470, 79721610, 79721630, 79721740, 80409523, 80409532]",[78591328],78632782.0,20260812
Calb1,1,76,0.554215133190155,1295040,"[78591326, 78591328, 78591330, 78591332, 78591334, 78591342, 78591384, 78632778, 79556672, 79709470, 79721610, 79721740, 80409523, 80409527, 80409532]",[78591338],78632782.0,20260812
Calb1,1,77,0.4683036804199219,1295040,"[71717640, 78591326, 78591328, 78591332, 78591338, 78591340, 78591342, 78591384, 78632776, 78632778, 79556672, 79721610, 79721740, 80409525, 80409532]",[80409523],78632782.0,20260812
Calb1,1,78,0.3824247121810913,1295040,"[71717640, 78591326, 78591328, 78591332, 78591334, 78591336, 78591338, 78591340, 78591384, 78632776, 79556672, 79721509, 79721610, 80409523, 80409525]",[78591330],78632782.0,20260812
Calb1,1,79,0.5137155055999756,1295040,"[71717640, 78591328, 78591332, 78591334, 78591336, 78591338, 78591340, 78591384, 78632780, 79721509, 79721610, 79721630, 79721740, 80409523, 80409527]",[78632766],78632782.0,20260812
Calb1,1,80,0.46266433596611023,1295040,"[71717640, 78591326, 78591328, 78591330, 78591332, 78591334, 78591340, 78591342, 78632776, 78632780, 79556672, 79721509, 79721630, 79721740, 80409527]",[80409523],78632782.0,20260812
Calb1,1,81,0.4985870122909546,1295040,"[71717640, 78591334, 78591338, 78591342, 78591384, 78632766, 78632776, 78632778, 78632780, 79556672, 79709470, 79721630, 80409525, 80409527, 80409532]",[79721509],78632782.0,20260812
Calb1,1,82,0.4897371530532837,1295040,"[71717640, 78591326, 78591328, 78591330, 78591332, 78591338, 78591342, 78591384, 78632766, 78632776, 78632778, 79556672, 79709470, 79721509, 79721740]",[80409525],78632782.0,20260812
Calb1,1,83,0.4868119955062866,1295040,"[71717640, 78591330, 78591332, 78591336, 78591338, 78591340, 78591342, 78632776, 78632778, 78632780, 79709470, 79721509, 79721610, 79721740, 80409527]",[78591328],78632782.0,20260812
Calb1,1,84,0.5493048429489136,1295040,"[71717640, 78591328, 78591332, 78591334, 78591336, 78591338, 78591342, 78632766, 78632776, 79709470, 79721610, 79721740, 80409523, 80409525, 80409532]",[79556672],78632782.0,20260812
Calb1,1,85,0.5022423267364502,1295040,"[71717640, 78591328, 78591332, 78591334, 78591336, 78591340, 78591342, 78591384, 78632766, 78632776, 78632778, 78632780, 79721509, 79721610, 79721630]",[79709470],78632782.0,20260812
Calb1,1,86,0.5490938425064087,1295040,"[71717640, 78591328, 78591330, 78591336, 78591338, 78591340, 78591342, 78591384, 78632778, 78632780, 79556672, 79721610, 79721630, 80409527, 80409532]",[78591332],78632782.0,20260812
Calb1,1,87,0.502615213394165,1295040,"[78591326, 78591330, 78591334, 78591336, 78591338, 78591384, 78632766, 78632780, 79556672, 79721509, 79721610, 79721630, 79721740, 80409523, 80409525]",[79709470],78632782.0,20260812
Calb1,1,88,0.506321370601654,1295040,"[71717640, 78591330, 78591336, 78591338, 78591340, 78632766, 78632776, 78632778, 78632780, 79556672, 79709470, 79721509, 79721630, 79721740, 80409532]",[78591342],78632782.0,20260812
Calb1,1,89,0.49382728338241577,1295040,"[78591326, 78591328, 78591330, 78591332, 78591336, 78591338, 78591340, 78632776, 78632778, 79556672, 79721509, 79721610, 79721630, 80409523, 80409527]",[71717640],78632782.0,20260812
Calb1,1,90,0.552008330821991,1295040,"[71717640, 78591330, 78591332, 78591334, 78591336, 78591340, 78632766, 78632776, 78632778, 78632780, 79709470, 79721509, 79721740, 80409523, 80409532]",[78591338],78632782.0,20260812
Calb1,1,91,0.46346282958984375,1295040,"[71717640, 78591326, 78591330, 78591332, 78591384, 78632776, 78632778, 78632780, 79556672, 79709470, 79721610, 79721630, 79721740, 80409525, 80409532]",[78591328],78632782.0,20260812
Calb1,1,92,0.46644556522369385,1295040,"[78591332, 78591336, 78591340, 78591342, 78591384, 78632766, 78632776, 78632778, 79556672, 79709470, 79721509, 79721610, 79721630, 80409523, 80409532]",[80409527],78632782.0,20260812
Calb1,1,93,0.4965873956680298,1295040,"[71717640, 78591328, 78591330, 78591336, 78591338, 78591384, 78632776, 78632778, 79556672, 79721610, 79721630, 79721740, 80409523, 80409525, 80409532]",[79709470],78632782.0,20260812
Calb1,1,94,0.5393120050430298,1295040,"[78591326, 78591330, 78591332, 78591334, 78591340, 78591342, 78591384, 78632778, 78632780, 79556672, 79709470, 79721610, 79721740, 80409523, 80409525]",[78591338],78632782.0,20260812
Calb1,1,95,0.445945680141449,1295040,"[71717640, 78591330, 78591334, 78591336, 78591338, 78591342, 78591384, 78632766, 78632778, 78632780, 79556672, 79721509, 79721740, 80409523, 80409525]",[80409532],78632782.0,20260812
Calb1,1,96,0.4863651394844055,1295040,"[71717640, 78591326, 78591330, 78591332, 78591334, 78591336, 78591340, 78591384, 78632776, 79709470, 79721509, 79721630, 80409523, 80409525, 80409532]",[78632780],78632782.0,20260812
Calb1,1,97,0.5029157400131226,1295040,"[78591328, 78591332, 78591334, 78591336, 78591340, 78591384, 78632766, 78632776, 78632778, 79721610, 79721740, 80409523, 80409525, 80409527, 80409532]",[79721509],78632782.0,20260812
Calb1,1,98,0.48046794533729553,1295040,"[71717640, 78591326, 78591328, 78591330, 78591332, 78591334, 78591338, 78591340, 78591384, 78632778, 79556672, 79721509, 79721740, 80409523, 80409527]",[78632776],78632782.0,20260812
Calb1,1,99,0.567717969417572,1295040,"[78591328, 78591330, 78591334, 78591336, 78591340, 78591342, 78632766, 78632776, 78632778, 78632780, 79556672, 79721509, 79721610, 80409523, 80409527]",[78591338],78632782.0,20260812
Calb1,2,0,0.6424767971038818,1295040,"[71717640, 78591328, 78591332, 78591334, 78591338, 78591340, 78591384, 78632776, 78632780, 79709470, 79721610, 79721630, 80409523, 80409527, 80409532]","[78632778, 79556672]",78632782.0,20260812
Calb1,2,1,0.6147552728652954,1295040,"[71717640, 78591328, 78591332, 78591334, 78591336, 78591340, 78591342, 78632766, 78632780, 79709470, 79721610, 79721630, 80409523, 80409525, 80409532]","[78591326, 79721740]",78632782.0,20260812
Calb1,2,2,0.5901657342910767,1295040,"[78591328, 78591330, 78591334, 78591336, 78591340, 78632766, 78632776, 78632778, 78632780, 79556672, 79709470, 79721630, 79721740, 80409523, 80409525]","[71717640, 78591384]",78632782.0,20260812
Calb1,2,3,0.6488368511199951,1295040,"[78591334, 78591336, 78591338, 78591342, 78591384, 78632776, 78632778, 78632780, 79556672, 79709470, 79721509, 79721630, 80409523, 80409525, 80409532]","[78591332, 79721610]",78632782.0,20260812
Calb1,2,4,0.649355411529541,1295040,"[71717640, 78591326, 78591328, 78591330, 78591334, 78591336, 78591340, 78591342, 78591384, 78632766, 78632778, 78632780, 79721610, 79721740, 80409532]","[78591332, 79709470]",78632782.0,20260812
Calb1,2,5,0.6421065330505371,1295040,"[71717640, 78591326, 78591328, 78591332, 78591334, 78591336, 78591338, 78591342, 79721509, 79721610, 79721630, 80409523, 80409525, 80409527, 80409532]","[79556672, 79709470]",78632782.0,20260812
Calb1,2,6,0.6575125455856323,1295040,"[71717640, 78591328, 78591334, 78591336, 78591338, 78591342, 78591384, 78632776, 78632778, 78632780, 79556672, 79709470, 79721740, 80409523, 80409527]","[78591326, 78591332]",78632782.0,20260812
Calb1,2,7,0.6628128290176392,1295040,"[78591328, 78591330, 78591332, 78591336, 78591338, 78591340, 78591384, 78632776, 79556672, 79709470, 79721610, 79721740, 80409523, 80409525, 80409527]","[78591326, 78591334]",78632782.0,20260812
Calb1,2,8,0.5607283115386963,1295040,"[71717640, 78591328, 78591330, 78591338, 78591340, 78591342, 78632766, 78632776, 79556672, 79721509, 79721610, 79721740, 80409523, 80409525, 80409532]","[78591384, 80409527]",78632782.0,20260812
Calb1,2,9,0.6099460124969482,1295040,"[78591326, 78591334, 78591336, 78591338, 78591340, 78591342, 78632776, 78632778, 79556672, 79709470, 79721610, 79721630, 79721740, 80409523, 80409525]","[78591328, 78632780]",78632782.0,20260812
Calb1,2,10,0.6442539691925049,1295040,"[78591328, 78591330, 78591332, 78591334, 78591340, 78591342, 78632766, 78632776, 78632780, 79556672, 79709470, 79721630, 79721740, 80409523, 80409527]","[78591338, 79721509]",78632782.0,20260812
Calb1,2,11,0.6090913414955139,1295040,"[71717640, 78591334, 78591336, 78591340, 78591384, 78632766, 78632776, 78632780, 79556672, 79721610, 79721630, 79721740, 80409525, 80409527, 80409532]","[78591328, 78591342]",78632782.0,20260812
Calb1,2,12,0.5843591690063477,1295040,"[71717640, 78591326, 78591330, 78591332, 78591334, 78591336, 78591338, 78591342, 78632778, 79709470, 79721509, 79721610, 80409523, 80409527, 80409532]","[78632780, 79721630]",78632782.0,20260812
Calb1,2,13,0.5606288909912109,1295040,"[78591330, 78591334, 78591336, 78591338, 78632766, 78632776, 78632778, 78632780, 79556672, 79709470, 79721509, 79721740, 80409523, 80409525, 80409527]","[78591384, 79721630]",78632782.0,20260812
Calb1,2,14,0.6102275848388672,1295040,"[78591326, 78591328, 78591330, 78591332, 78591338, 78591340, 78591342, 78591384, 78632766, 78632780, 79556672, 79721509, 79721610, 80409523, 80409525]","[78591334, 79721630]",78632782.0,20260812
Calb1,2,15,0.6673044562339783,1295040,"[71717640, 78591326, 78591328, 78591330, 78591334, 78591338, 78591342, 78591384, 78632776, 78632778, 78632780, 79709470, 79721740, 80409523, 80409527]","[78591336, 79556672]",78632782.0,20260812
Calb1,2,16,0.6051586866378784,1295040,"[71717640, 78591330, 78591332, 78591336, 78591338, 78591384, 78632778, 79556672, 79709470, 79721509, 79721630, 79721740, 80409525, 80409527, 80409532]","[78591328, 78632776]",78632782.0,20260812
Calb1,2,17,0.6070134043693542,1295040,"[71717640, 78591326, 78591334, 78591336, 78591338, 78591340, 78591384, 78632766, 78632776, 79556672, 79721509, 79721740, 80409523, 80409525, 80409527]","[78591342, 79721610]",78632782.0,20260812
Calb1,2,18,0.601551353931427,1295040,"[71717640, 78591326, 78591334, 78591336, 78591338, 78591340, 78591384, 78632766, 78632778, 79556672, 79709470, 79721509, 79721610, 79721630, 80409525]","[78591332, 78591342]",78632782.0,20260812
Calb1,2,19,0.6264362335205078,1295040,"[78591326, 78591330, 78591332, 78591338, 78591340, 78591342, 78591384, 78632766, 78632776, 78632780, 79556672, 79721509, 79721610, 79721630, 80409525]","[78632778, 79709470]",78632782.0,20260812
Calb1,2,20,0.5753920078277588,1295040,"[78591328, 78591332, 78591334, 78591340, 78632776, 78632780, 79556672, 79709470, 79721509, 79721610, 79721630, 79721740, 80409523, 80409525, 80409532]","[78591384, 80409527]",78632782.0,20260812
Calb1,2,21,0.6433950662612915,1295040,"[71717640, 78591326, 78591328, 78591330, 78591332, 78591334, 78591340, 78632776, 78632780, 79556672, 79709470, 79721509, 79721630, 80409523, 80409527]","[78591338, 79721610]",78632782.0,20260812
Calb1,2,22,0.5737519264221191,1295040,"[78591326, 78591328, 78591332, 78591338, 78591340, 78591342, 78591384, 78632766, 79556672, 79721610, 79721630, 79721740, 80409525, 80409527, 80409532]","[78591330, 78632778]",78632782.0,20260812
Calb1,2,23,0.6339887380599976,1295040,"[78591326, 78591328, 78591334, 78591336, 78591340, 78591342, 78632766, 78632776, 78632778, 78632780, 79721509, 79721610, 80409523, 80409525, 80409532]","[71717640, 79556672]",78632782.0,20260812
Calb1,2,24,0.5804972648620605,1295040,"[71717640, 78591326, 78591332, 78591334, 78591336, 78591338, 78591342, 78591384, 78632766, 78632776, 78632778, 79556672, 79709470, 80409523, 80409525]","[78632780, 80409532]",78632782.0,20260812
Calb1,2,25,0.6515394449234009,1295040,"[71717640, 78591326, 78591332, 78591334, 78591338, 78591340, 78591342, 78632776, 78632778, 78632780, 79556672, 79721610, 79721630, 80409525, 80409532]","[78591328, 78591336]",78632782.0,20260812
Calb1,2,26,0.6067904233932495,1295040,"[78591326, 78591328, 78591332, 78591334, 78591336, 78591338, 78632766, 78632776, 78632778, 78632780, 79556672, 79721610, 79721740, 80409523, 80409532]","[78591342, 79721630]",78632782.0,20260812
Calb1,2,27,0.6025470495223999,1295040,"[71717640, 78591326, 78591330, 78591332, 78591334, 78591340, 78591342, 78591384, 78632776, 78632778, 79721610, 79721630, 80409523, 80409525, 80409532]","[78632780, 80409527]",78632782.0,20260812
Calb1,2,28,0.646633505821228,1295040,"[78591328, 78591330, 78591332, 78591334, 78591336, 78591342, 78591384, 78632776, 78632778, 78632780, 79721740, 80409523, 80409525, 80409527, 80409532]","[78591340, 79721509]",78632782.0,20260812
Calb1,2,29,0.5944747924804688,1295040,"[71717640, 78591328, 78591332, 78591334, 78591336, 78591338, 78632766, 78632776, 79556672, 79721509, 79721610, 79721630, 79721740, 80409523, 80409532]","[78591326, 78591384]",78632782.0,20260812
Calb1,2,30,0.6757297515869141,1295040,"[71717640, 78591332, 78591340, 78591342, 78591384, 78632766, 78632776, 78632780, 79556672, 79721610, 79721630, 80409523, 80409525, 80409527, 80409532]","[78591334, 78591336]",78632782.0,20260812
Calb1,2,31,0.627327561378479,1295040,"[78591326, 78591328, 78591330, 78591334, 78591336, 78591342, 78632766, 78632776, 79709470, 79721509, 79721610, 79721630, 80409523, 80409525, 80409527]","[78591332, 78632780]",78632782.0,20260812
Calb1,2,32,0.5813667178153992,1295040,"[71717640, 78591330, 78591332, 78591334, 78591340, 78591342, 78591384, 78632776, 78632778, 79721509, 79721740, 80409523, 80409525, 80409527, 80409532]","[79721610, 79721630]",78632782.0,20260812
Calb1,2,33,0.6143621206283569,1295040,"[78591326, 78591330, 78591334, 78591336, 78591338, 78591384, 78632766, 78632776, 78632780, 79556672, 79721509, 79721630, 79721740, 80409523, 80409527]","[71717640, 79709470]",78632782.0,20260812
Calb1,2,34,0.6180182695388794,1295040,"[71717640, 78591328, 78591330, 78591332, 78591334, 78591336, 78591340, 78591342, 78591384, 78632778, 79709470, 79721509, 79721610, 79721740, 80409532]","[78591326, 78632780]",78632782.0,20260812
Calb1,2,35,0.6068999171257019,1295040,"[71717640, 78591326, 78591328, 78591332, 78591336, 78591342, 78591384, 78632766, 78632778, 79556672, 79721509, 79721610, 79721630, 80409525, 80409527]","[79709470, 80409523]",78632782.0,20260812
Calb1,2,36,0.6284818053245544,1295040,"[71717640, 78591326, 78591328, 78591330, 78591332, 78591334, 78591336, 78632776, 78632778, 78632780, 79709470, 79721509, 79721610, 79721630, 79721740]","[78632766, 80409525]",78632782.0,20260812
Calb1,2,37,0.6091066002845764,1295040,"[71717640, 78591330, 78591338, 78591340, 78591342, 78591384, 78632766, 78632776, 79556672, 79709470, 79721509, 79721630, 79721740, 80409523, 80409532]","[78632780, 80409525]",78632782.0,20260812
Calb1,2,38,0.5837113261222839,1295040,"[78591326, 78591328, 78591332, 78591334, 78591336, 78591338, 78591342, 78591384, 78632776, 78632778, 78632780, 79709470, 79721509, 80409523, 80409532]","[78591330, 79556672]",78632782.0,20260812
Calb1,2,39,0.6004752516746521,1295040,"[71717640, 78591326, 78591328, 78591330, 78591332, 78591338, 78591342, 78591384, 78632766, 78632778, 79556672, 79709470, 79721610, 80409525, 80409532]","[79721509, 79721740]",78632782.0,20260812
Calb1,2,40,0.6342196464538574,1295040,"[71717640, 78591326, 78591328, 78591330, 78591334, 78591336, 78591340, 78591342, 78591384, 78632780, 79556672, 79709470, 79721610, 79721630, 80409532]","[78632766, 79721509]",78632782.0,20260812
Calb1,2,41,0.6279956102371216,1295040,"[71717640, 78591326, 78591328, 78591332, 78591334, 78591338, 78591340, 78632776, 78632778, 78632780, 79721610, 79721630, 80409523, 80409527, 80409532]","[79721509, 80409525]",78632782.0,20260812
Calb1,2,42,0.5963090658187866,1295040,"[78591328, 78591330, 78591332, 78591334, 78591338, 78591340, 78591342, 79556672, 79721509, 79721610, 79721630, 79721740, 80409523, 80409525, 80409527]","[78591326, 78632766]",78632782.0,20260812
Calb1,2,43,0.5596860647201538,1295040,"[71717640, 78591326, 78591328, 78591330, 78591334, 78591336, 78591340, 78591342, 78591384, 78632778, 78632780, 79709470, 79721610, 80409523, 80409525]","[79721630, 79721740]",78632782.0,20260812
Calb1,2,44,0.6067306995391846,1295040,"[71717640, 78591326, 78591330, 78591334, 78591336, 78591340, 78591384, 78632776, 78632780, 79556672, 79721509, 79721610, 79721630, 80409525, 80409532]","[79709470, 80409523]",78632782.0,20260812
Calb1,2,45,0.5552314519882202,1295040,"[78591326, 78591328, 78591336, 78591338, 78591342, 78591384, 78632766, 78632778, 78632780, 79709470, 79721610, 79721630, 79721740, 80409523, 80409532]","[78591330, 80409525]",78632782.0,20260812
Calb1,2,46,0.6551773548126221,1295040,"[78591326, 78591328, 78591330, 78591332, 78591334, 78591338, 78591340, 78632766, 78632778, 78632780, 79556672, 79709470, 79721740, 80409525, 80409532]","[78591336, 79721610]",78632782.0,20260812
Calb1,2,47,0.6399989128112793,1295040,"[78591330, 78591334, 78591336, 78591340, 78591342, 78591384, 78632766, 78632778, 79556672, 79721509, 79721610, 79721740, 80409523, 80409525, 80409532]","[71717640, 78591338]",78632782.0,20260812
Calb1,2,48,0.6313021779060364,1295040,"[71717640, 78591326, 78591336, 78591338, 78591384, 78632766, 78632776, 78632780, 79709470, 79721509, 79721610, 79721630, 80409523, 80409527, 80409532]","[78591332, 80409525]",78632782.0,20260812
Calb1,2,49,0.6079890131950378,1295040,"[78591326, 78591328, 78591334, 78591336, 78591338, 78591340, 78591342, 78591384, 78632766, 78632776, 79556672, 79721509, 79721630, 79721740, 80409527]","[78632780, 80409525]",78632782.0,20260812
Calb1,2,50,0.6268811821937561,1295040,"[71717640, 78591326, 78591328, 78591330, 78591332, 78591334, 78591336, 78591340, 78591342, 78591384, 78632766, 78632776, 79721630, 80409523, 80409527]","[78632778, 79709470]",78632782.0,20260812
Calb1,2,51,0.5683102607727051,1295040,"[78591326, 78591328, 78591330, 78591332, 78591334, 78591336, 78591340, 78591342, 78632766, 78632780, 79709470, 79721509, 79721630, 80409523, 80409527]","[79721740, 80409532]",78632782.0,20260812
Calb1,2,52,0.6482048034667969,1295040,"[71717640, 78591332, 78591336, 78591384, 78632766, 78632778, 78632780, 79556672, 79709470, 79721509, 79721610, 79721630, 80409523, 80409527, 80409532]","[78591326, 78591340]",78632782.0,20260812
Calb1,2,53,0.6170969009399414,1295040,"[78591328, 78591330, 78591332, 78591334, 78591336, 78591338, 78591342, 78591384, 78632776, 78632780, 79709470, 79721509, 79721630, 80409527, 80409532]","[71717640, 79556672]",78632782.0,20260812
Calb1,2,54,0.6057907342910767,1295040,"[71717640, 78591326, 78591332, 78591334, 78591338, 78591340, 78591342, 78591384, 78632766, 78632780, 79709470, 79721740, 80409525, 80409527, 80409532]","[78632778, 79721630]",78632782.0,20260812
Calb1,2,55,0.5903662443161011,1295040,"[78591326, 78591330, 78591332, 78591336, 78591338, 78591384, 78632776, 78632780, 79709470, 79721509, 79721740, 80409523, 80409525, 80409527, 80409532]","[71717640, 79721630]",78632782.0,20260812
Calb1,2,56,0.5950822830200195,1295040,"[71717640, 78591334, 78591338, 78591340, 78591342, 78632776, 78632778, 78632780, 79709470, 79721509, 79721610, 79721740, 80409523, 80409527, 80409532]","[79721630, 80409525]",78632782.0,20260812
Calb1,2,57,0.6122747659683228,1295040,"[71717640, 78591326, 78591330, 78591332, 78591336, 78591340, 78591342, 78632776, 79709470, 79721610, 79721630, 79721740, 80409525, 80409527, 80409532]","[78632778, 80409523]",78632782.0,20260812
Calb1,2,58,0.6033254861831665,1295040,"[71717640, 78591330, 78591332, 78591334, 78591338, 78591342, 78591384, 78632778, 79556672, 79709470, 79721509, 80409523, 80409525, 80409527, 80409532]","[78591328, 79721610]",78632782.0,20260812
Calb1,2,59,0.6268376111984253,1295040,"[78591326, 78591330, 78591332, 78591334, 78591336, 78591340, 78591342, 78591384, 78632778, 78632780, 79556672, 79721509, 79721610, 79721630, 79721740]","[78591338, 78632776]",78632782.0,20260812
Calb1,2,60,0.6021842956542969,1295040,"[78591328, 78591336, 78591338, 78591342, 78591384, 78632766, 78632778, 78632780, 79556672, 79709470, 79721509, 79721610, 79721740, 80409527, 80409532]","[78591330, 78591332]",78632782.0,20260812
Calb1,2,61,0.599069356918335,1295040,"[78591328, 78591330, 78591334, 78591336, 78591338, 78591340, 78591384, 78632780, 79556672, 79721509, 79721740, 80409523, 80409525, 80409527, 80409532]","[78591332, 79721630]",78632782.0,20260812
Calb1,2,62,0.6159070730209351,1295040,"[71717640, 78591330, 78591332, 78591334, 78591338, 78591340, 78591384, 78632766, 78632776, 78632778, 79721509, 79721610, 79721630, 79721740, 80409525]","[78591342, 80409532]",78632782.0,20260812
Calb1,2,63,0.5963780879974365,1295040,"[71717640, 78591328, 78591330, 78591332, 78591334, 78591336, 78591338, 78591340, 78591342, 78632776, 78632778, 78632780, 79721509, 79721630, 80409523]","[79721610, 80409525]",78632782.0,20260812
Calb1,2,64,0.6392562389373779,1295040,"[78591326, 78591332, 78591334, 78591336, 78591342, 78632778, 78632780, 79556672, 79709470, 79721610, 79721630, 80409523, 80409525, 80409527, 80409532]","[78591340, 79721509]",78632782.0,20260812
Calb1,2,65,0.6489623785018921,1295040,"[78591326, 78591332, 78591336, 78591338, 78591340, 78632776, 78632778, 78632780, 79709470, 79721610, 79721630, 79721740, 80409523, 80409525, 80409527]","[78591342, 78632766]",78632782.0,20260812
Calb1,2,66,0.633391261100769,1295040,"[78591326, 78591330, 78591332, 78591340, 78591342, 78591384, 78632766, 78632776, 79709470, 79721610, 79721740, 80409523, 80409525, 80409527, 80409532]","[78591328, 78591336]",78632782.0,20260812
Calb1,2,67,0.6220818758010864,1295040,"[78591330, 78591332, 78591334, 78591336, 78591342, 78591384, 78632778, 78632780, 79709470, 79721509, 79721630, 79721740, 80409523, 80409525, 80409532]","[79556672, 80409527]",78632782.0,20260812
Calb1,2,68,0.5968165993690491,1295040,"[78591326, 78591330, 78591334, 78591340, 78591342, 78632766, 78632776, 78632778, 79556672, 79709470, 79721509, 79721630, 79721740, 80409523, 80409525]","[78591328, 80409527]",78632782.0,20260812
Calb1,2,69,0.5818250775337219,1295040,"[71717640, 78591328, 78591330, 78591332, 78591334, 78591338, 78591342, 78591384, 78632766, 79709470, 79721509, 79721610, 79721740, 80409523, 80409525]","[78632776, 79721630]",78632782.0,20260812
Calb1,2,70,0.6406626105308533,1295040,"[71717640, 78591326, 78591328, 78591334, 78591340, 78591342, 78591384, 78632778, 78632780, 79556672, 79709470, 79721740, 80409525, 80409527, 80409532]","[78591338, 79721610]",78632782.0,20260812
Calb1,2,71,0.6478312611579895,1295040,"[78591326, 78591328, 78591330, 78591334, 78591336, 78591384, 78632766, 78632776, 78632780, 79556672, 79721509, 79721740, 80409523, 80409527, 80409532]","[78591332, 78591340]",78632782.0,20260812
Calb1,2,72,0.6268489956855774,1295040,"[71717640, 78591326, 78591330, 78591332, 78591334, 78591338, 78591384, 78632766, 78632776, 78632778, 78632780, 79709470, 79721509, 80409523, 80409525]","[79556672, 80409527]",78632782.0,20260812
Calb1,2,73,0.5904732346534729,1295040,"[71717640, 78591332, 78591334, 78591336, 78591340, 78591384, 78632766, 78632776, 78632780, 79556672, 79709470, 79721610, 79721740, 80409525, 80409532]","[79721509, 79721630]",78632782.0,20260812
Calb1,2,74,0.6270309686660767,1295040,"[78591326, 78591328, 78591332, 78591334, 78591338, 78591342, 78632766, 78632778, 78632780, 79556672, 79721610, 79721630, 79721740, 80409523, 80409532]","[79709470, 79721509]",78632782.0,20260812
Calb1,2,75,0.6491028070449829,1295040,"[78591334, 78591336, 78591338, 78591342, 78632766, 78632776, 78632778, 78632780, 79556672, 79709470, 79721509, 79721630, 79721740, 80409523, 80409525]","[78591332, 79721610]",78632782.0,20260812
Calb1,2,76,0.6617738604545593,1295040,"[71717640, 78591326, 78591342, 78591384, 78632766, 78632776, 78632778, 78632780, 79709470, 79721509, 79721630, 80409523, 80409525, 80409527, 80409532]","[78591340, 79556672]",78632782.0,20260812
Calb1,2,77,0.5992939472198486,1295040,"[78591326, 78591328, 78591332, 78591340, 78591342, 78632766, 78632776, 78632778, 79556672, 79709470, 79721610, 79721630, 80409523, 80409525, 80409532]","[79721509, 79721740]",78632782.0,20260812
Calb1,2,78,0.5861381888389587,1295040,"[71717640, 78591330, 78591332, 78591336, 78591338, 78591342, 78632776, 78632778, 78632780, 79556672, 79709470, 79721509, 79721630, 80409525, 80409532]","[78591326, 78591384]",78632782.0,20260812
Calb1,2,79,0.5676606297492981,1295040,"[78591326, 78591328, 78591330, 78591332, 78591334, 78591336, 78591340, 78591384, 78632766, 78632780, 79709470, 79721509, 79721610, 80409523, 80409532]","[79721630, 79721740]",78632782.0,20260812
Calb1,2,80,0.5750468373298645,1295040,"[71717640, 78591326, 78591328, 78591336, 78591338, 78591384, 78632766, 78632776, 78632778, 78632780, 79556672, 79709470, 79721509, 79721610, 80409527]","[79721630, 80409525]",78632782.0,20260812
Calb1,2,81,0.5791404247283936,1295040,"[78591326, 78591328, 78591330, 78591332, 78591334, 78591336, 78591338, 78591342, 78591384, 78632766, 78632776, 78632780, 79709470, 79721740, 80409525]","[80409523, 80409527]",78632782.0,20260812
Calb1,2,82,0.6482313871383667,1295040,"[71717640, 78591326, 78591330, 78591336, 78591338, 78591340, 78591384, 78632766, 79709470, 79721610, 79721630, 80409523, 80409525, 80409527, 80409532]","[78632778, 79556672]",78632782.0,20260812
Calb1,2,83,0.6012513637542725,1295040,"[71717640, 78591328, 78591330, 78591332, 78591334, 78591338, 78591342, 78591384, 78632766, 78632778, 79556672, 79709470, 79721610, 79721630, 80409527]","[79721740, 80409525]",78632782.0,20260812
Calb1,2,84,0.6466336250305176,1295040,"[71717640, 78591326, 78591328, 78591330, 78591334, 78591340, 78591384, 78632766, 78632776, 79709470, 79721509, 79721610, 79721740, 80409527, 80409532]","[78591336, 80409523]",78632782.0,20260812
Calb1,2,85,0.6313320398330688,1295040,"[71717640, 78591328, 78591330, 78591332, 78591334, 78591336, 78591384, 78632766, 78632776, 78632778, 78632780, 79721509, 79721610, 79721630, 80409525]","[78591340, 80409523]",78632782.0,20260812
Calb1,2,86,0.5728597044944763,1295040,"[71717640, 78591330, 78591332, 78591334, 78591336, 78591384, 78632776, 78632778, 78632780, 79556672, 79709470, 79721509, 79721610, 80409525, 80409532]","[79721630, 79721740]",78632782.0,20260812
Calb1,2,87,0.6287729740142822,1295040,"[71717640, 78591330, 78591334, 78591340, 78591342, 78632776, 78632780, 79556672, 79709470, 79721630, 79721740, 80409523, 80409525, 80409527, 80409532]","[78591338, 79721610]",78632782.0,20260812
Calb1,2,88,0.6525254249572754,1295040,"[71717640, 78591326, 78591332, 78591334, 78591340, 78591342, 78632776, 78632780, 79556672, 79709470, 79721509, 80409523, 80409525, 80409527, 80409532]","[78591336, 79721610]",78632782.0,20260812
Calb1,2,89,0.6497172117233276,1295040,"[71717640, 78591328, 78591330, 78591332, 78591334, 78591336, 78591340, 78591342, 78591384, 78632778, 79556672, 79709470, 79721509, 79721740, 80409525]","[78591338, 78632780]",78632782.0,20260812
Calb1,2,90,0.6586636900901794,1295040,"[78591326, 78591328, 78591338, 78591340, 78591342, 78591384, 78632778, 78632780, 79709470, 79721509, 79721610, 79721740, 80409523, 80409527, 80409532]","[78591336, 79556672]",78632782.0,20260812
Calb1,2,91,0.6352337002754211,1295040,"[71717640, 78591328, 78591332, 78591334, 78591336, 78591338, 78591340, 78591342, 78591384, 78632766, 79721509, 79721630, 80409525, 80409527, 80409532]","[78591326, 78632778]",78632782.0,20260812
Calb1,2,92,0.6686000823974609,1295040,"[71717640, 78591326, 78591330, 78591338, 78591342, 78632766, 78632776, 78632778, 78632780, 79556672, 79709470, 79721740, 80409523, 80409525, 80409532]","[78591336, 79721509]",78632782.0,20260812
Calb1,2,93,0.6253370046615601,1295040,"[71717640, 78591328, 78591330, 78591334, 78591336, 78591338, 78591340, 78591384, 78632766, 78632778, 78632780, 79721630, 79721740, 80409525, 80409527]","[78591326, 78591342]",78632782.0,20260812
Calb1,2,94,0.6203804016113281,1295040,"[71717640, 78591326, 78591328, 78591330, 78591334, 78591340, 78591342, 78632780, 79709470, 79721610, 79721630, 80409523, 80409525, 80409527, 80409532]","[78632776, 78632778]",78632782.0,20260812
Calb1,2,95,0.6192604303359985,1295040,"[78591326, 78591330, 78591332, 78591338, 78591342, 78591384, 78632766, 78632776, 78632780, 79709470, 79721509, 79721630, 80409523, 80409525, 80409527]","[78591334, 79721740]",78632782.0,20260812
Calb1,2,96,0.6634560227394104,1295040,"[71717640, 78591332, 78591334, 78591342, 78632766, 78632778, 78632780, 79556672, 79721509, 79721610, 79721630, 80409523, 80409525, 80409527, 80409532]","[78591338, 78591340]",78632782.0,20260812
Calb1,2,97,0.6131930351257324,1295040,"[71717640, 78591326, 78591330, 78591336, 78591340, 78591342, 78632766, 78632778, 79556672, 79721509, 79721610, 79721630, 79721740, 80409525, 80409532]","[78591332, 78591384]",78632782.0,20260812
Calb1,2,98,0.6085408926010132,1295040,"[71717640, 78591326, 78591330, 78591332, 78591334, 78591338, 78591340, 78632766, 78632776, 78632778, 78632780, 79721509, 79721610, 79721630, 80409525]","[79709470, 80409527]",78632782.0,20260812
Calb1,2,99,0.655158281326294,1295040,"[71717640, 78591326, 78591336, 78591338, 78591342, 78632766, 78632778, 78632780, 79556672, 79721610, 79721630, 79721740, 80409525, 80409527, 80409532]","[78591334, 78591340]",78632782.0,20260812
Calb1,3,0,0.6808091402053833,1295040,"[71717640, 78591326, 78591330, 78591332, 78591336, 78591340, 78591342, 78591384, 78632776, 78632780, 79556672, 79721509, 79721740, 80409525, 80409532]","[78632766, 79709470, 80409527]",78632782.0,20260812
Calb1,3,1,0.6615474820137024,1295040,"[78591326, 78591328, 78591332, 78591336, 78591338, 78591342, 78591384, 78632776, 79556672, 79709470, 79721509, 79721610, 79721740, 80409525, 80409527]","[78591340, 79721630, 80409532]",78632782.0,20260812
Calb1,3,2,0.6495651006698608,1295040,"[71717640, 78591330, 78591332, 78591334, 78591342, 78591384, 78632766, 78632776, 78632778, 78632780, 79556672, 79721610, 80409525, 80409527, 80409532]","[78591328, 78591338, 79721630]",78632782.0,20260812
Calb1,3,3,0.7131888270378113,1295040,"[78591326, 78591330, 78591332, 78591336, 78591338, 78591384, 78632766, 78632778, 79556672, 79721509, 79721610, 79721630, 79721740, 80409527, 80409532]","[78591340, 78591342, 79709470]",78632782.0,20260812
Calb1,3,4,0.6760203838348389,1295040,"[78591326, 78591330, 78591332, 78591334, 78591338, 78591384, 78632766, 78632780, 79556672, 79709470, 79721509, 79721610, 79721630, 80409525, 80409532]","[78591328, 78632776, 80409527]",78632782.0,20260812
Calb1,3,5,0.671261191368103,1295040,"[78591326, 78591328, 78591334, 78591336, 78591338, 78591340, 78591342, 78632778, 78632780, 79556672, 79709470, 79721630, 80409523, 80409525, 80409532]","[71717640, 79721740, 80409527]",78632782.0,20260812
Calb1,3,6,0.7002203464508057,1295040,"[78591326, 78591328, 78591332, 78591334, 78591340, 78591384, 78632776, 79556672, 79709470, 79721509, 79721610, 79721740, 80409523, 80409525, 80409527]","[78591336, 78632778, 79721630]",78632782.0,20260812
Calb1,3,7,0.67838454246521,1295040,"[71717640, 78591326, 78591328, 78591330, 78591332, 78591336, 78591384, 78632776, 78632778, 78632780, 79556672, 79709470, 79721509, 79721630, 79721740]","[78632766, 79721610, 80409525]",78632782.0,20260812
Calb1,3,8,0.6836584806442261,1295040,"[71717640, 78591326, 78591330, 78591334, 78591336, 78591384, 78632780, 79709470, 79721509, 79721610, 79721630, 79721740, 80409523, 80409525, 80409532]","[78591328, 78591332, 78591338]",78632782.0,20260812
Calb1,3,9,0.6721721291542053,1295040,"[78591332, 78591334, 78591340, 78632766, 78632776, 78632780, 79556672, 79709470, 79721509, 79721630, 79721740, 80409523, 80409525, 80409527, 80409532]","[78591330, 78591336, 78632778]",78632782.0,20260812
Calb1,3,10,0.6750907301902771,1295040,"[78591326, 78591328, 78591330, 78591332, 78591336, 78591340, 78591384, 78632766, 78632778, 78632780, 79709470, 79721740, 80409523, 80409525, 80409527]","[71717640, 78632776, 79721610]",78632782.0,20260812
Calb1,3,11,0.7061825394630432,1295040,"[71717640, 78591326, 78591332, 78591334, 78591336, 78591342, 78591384, 79556672, 79721509, 79721610, 79721630, 79721740, 80409523, 80409525, 80409532]","[78591338, 78632766, 78632778]",78632782.0,20260812
Calb1,3,12,0.6739093661308289,1295040,"[78591326, 78591330, 78591332, 78591334, 78591336, 78591384, 78632778, 78632780, 79556672, 79721509, 79721610, 79721630, 80409523, 80409525, 80409527]","[71717640, 79709470, 80409532]",78632782.0,20260812
Calb1,3,13,0.6715470552444458,1295040,"[71717640, 78591326, 78591330, 78591334, 78591338, 78591342, 78591384, 78632778, 78632780, 79556672, 79721509, 79721610, 80409523, 80409525, 80409532]","[78632766, 78632776, 79721630]",78632782.0,20260812
Calb1,3,14,0.6877932548522949,1295040,"[71717640, 78591326, 78591334, 78591336, 78591338, 78591342, 78632766, 78632776, 78632778, 79556672, 79709470, 79721509, 79721630, 79721740, 80409527]","[78591332, 78591384, 80409525]",78632782.0,20260812
Calb1,3,15,0.6860127449035645,1295040,"[78591330, 78591332, 78591334, 78591384, 78632776, 78632780, 79556672, 79709470, 79721509, 79721610, 79721630, 79721740, 80409523, 80409525, 80409527]","[78591326, 78591340, 80409532]",78632782.0,20260812
Calb1,3,16,0.6857665777206421,1295040,"[71717640, 78591326, 78591330, 78591334, 78591336, 78591384, 78632766, 79556672, 79709470, 79721509, 79721610, 79721630, 79721740, 80409527, 80409532]","[78591328, 78591332, 78632778]",78632782.0,20260812
Calb1,3,17,0.7066723108291626,1295040,"[71717640, 78591326, 78591328, 78591332, 78591334, 78591336, 78591340, 78632766, 78632780, 79721509, 79721610, 79721630, 80409523, 80409525, 80409532]","[78591338, 78632776, 79709470]",78632782.0,20260812
Calb1,3,18,0.6749142408370972,1295040,"[71717640, 78591332, 78591334, 78591336, 78591340, 78591342, 78632766, 78632778, 78632780, 79556672, 79709470, 79721610, 79721740, 80409523, 80409525]","[78591338, 79721509, 80409532]",78632782.0,20260812
Calb1,3,19,0.7004448771476746,1295040,"[71717640, 78591326, 78591330, 78591332, 78591338, 78591340, 78591384, 78632766, 78632778, 79556672, 79709470, 79721630, 80409523, 80409527, 80409532]","[78591328, 78591334, 80409525]",78632782.0,20260812
Calb1,3,20,0.6827367544174194,1295040,"[78591326, 78591330, 78591336, 78591338, 78591340, 78591342, 78591384, 78632766, 78632776, 78632778, 78632780, 79721610, 79721630, 80409525, 80409532]","[79709470, 79721509, 80409527]",78632782.0,20260812
Calb1,3,21,0.6548789739608765,1295040,"[71717640, 78591332, 78591334, 78591336, 78591340, 78591342, 78632766, 78632776, 79556672, 79709470, 79721509, 79721610, 79721740, 80409523, 80409532]","[78591326, 78591330, 80409525]",78632782.0,20260812
Calb1,3,22,0.6838021278381348,1295040,"[71717640, 78591326, 78591328, 78591330, 78591336, 78591338, 78591384, 78632766, 78632778, 79556672, 79709470, 79721509, 79721630, 80409523, 80409527]","[78591340, 79721740, 80409525]",78632782.0,20260812
Calb1,3,23,0.6689634323120117,1295040,"[78591334, 78591336, 78591338, 78591340, 78591384, 78632766, 78632776, 78632780, 79556672, 79721509, 79721610, 79721740, 80409525, 80409527, 80409532]","[78591328, 78591342, 79721630]",78632782.0,20260812
Calb1,3,24,0.6953147649765015,1295040,"[71717640, 78591326, 78591330, 78591334, 78591336, 78591338, 78591340, 78632776, 78632780, 79556672, 79721509, 79721610, 79721630, 80409523, 80409525]","[78591328, 78632766, 80409527]",78632782.0,20260812
Calb1,3,25,0.6642046570777893,1295040,"[71717640, 78591328, 78591330, 78591336, 78591342, 78591384, 78632766, 78632776, 78632778, 78632780, 79556672, 79709470, 79721509, 80409523, 80409525]","[78591340, 79721610, 80409532]",78632782.0,20260812
Calb1,3,26,0.7265689969062805,1295040,"[78591326, 78591330, 78591334, 78591338, 78591342, 78632766, 78632778, 78632780, 79556672, 79721509, 79721610, 79721630, 80409523, 80409525, 80409527]","[78591332, 78591336, 79721740]",78632782.0,20260812
Calb1,3,27,0.6690386533737183,1295040,"[78591326, 78591328, 78591332, 78591336, 78591338, 78591340, 78591342, 78632776, 78632778, 79709470, 79721509, 79721630, 79721740, 80409525, 80409527]","[78591334, 80409523, 80409532]",78632782.0,20260812
Calb1,3,28,0.6985946893692017,1295040,"[71717640, 78591326, 78591328, 78591330, 78591334, 78591336, 78591342, 78591384, 78632778, 79709470, 79721509, 79721610, 79721740, 80409525, 80409527]","[78591340, 78632776, 78632780]",78632782.0,20260812
Calb1,3,29,0.6849530935287476,1295040,"[78591326, 78591328, 78591330, 78591336, 78591338, 78591340, 78591384, 78632766, 78632778, 79556672, 79709470, 79721610, 79721630, 80409523, 80409527]","[78591332, 78591334, 79721740]",78632782.0,20260812
Calb1,3,30,0.72232985496521,1295040,"[78591326, 78591328, 78591330, 78591340, 78591342, 78591384, 78632766, 78632776, 78632780, 79556672, 79709470, 79721509, 79721610, 79721630, 80409523]","[78591334, 78591338, 78632778]",78632782.0,20260812
Calb1,3,31,0.6621583700180054,1295040,"[71717640, 78591326, 78591328, 78591334, 78591336, 78591340, 78632776, 79556672, 79709470, 79721610, 79721630, 79721740, 80409523, 80409525, 80409527]","[78591330, 78591332, 79721509]",78632782.0,20260812
Calb1,3,32,0.6851669549942017,1295040,"[78591326, 78591328, 78591330, 78591332, 78591336, 78591342, 78632766, 78632776, 79556672, 79709470, 79721509, 79721610, 79721630, 79721740, 80409523]","[78591340, 80409525, 80409527]",78632782.0,20260812
Calb1,3,33,0.711082935333252,1295040,"[78591326, 78591328, 78591330, 78591332, 78591334, 78591338, 78591340, 79556672, 79709470, 79721610, 79721630, 79721740, 80409523, 80409525, 80409527]","[78591336, 78632776, 78632778]",78632782.0,20260812
Calb1,3,34,0.6787943840026855,1295040,"[78591328, 78591330, 78591332, 78591334, 78591336, 78591340, 78591342, 78591384, 78632766, 78632778, 78632780, 79709470, 79721610, 79721630, 80409532]","[78632776, 79556672, 80409525]",78632782.0,20260812
Calb1,3,35,0.6790308356285095,1295040,"[78591326, 78591328, 78591336, 78591338, 78632766, 78632776, 78632780, 79556672, 79709470, 79721509, 79721610, 79721740, 80409523, 80409525, 80409532]","[78591332, 78591340, 78591342]",78632782.0,20260812
Calb1,3,36,0.6707331538200378,1295040,"[78591326, 78591330, 78591332, 78591334, 78591338, 78591340, 78591342, 78591384, 78632766, 79556672, 79709470, 79721509, 79721740, 80409523, 80409525]","[78632776, 78632778, 79721610]",78632782.0,20260812
Calb1,3,37,0.7180607318878174,1295040,"[71717640, 78591330, 78591332, 78591336, 78591338, 78591340, 78591384, 78632776, 78632778, 78632780, 79709470, 79721630, 80409523, 80409527, 80409532]","[78591328, 78591334, 79556672]",78632782.0,20260812
Calb1,3,38,0.703902006149292,1295040,"[71717640, 78591326, 78591334, 78591338, 78591340, 78591342, 78591384, 78632766, 78632776, 78632778, 78632780, 79556672, 79709470, 79721740, 80409527]","[78591336, 79721630, 80409525]",78632782.0,20260812
Calb1,3,39,0.654450535774231,1295040,"[71717640, 78591326, 78591328, 78591332, 78591338, 78591340, 78591384, 78632776, 78632778, 78632780, 79721610, 79721740, 80409523, 80409527, 80409532]","[78591330, 78632766, 79709470]",78632782.0,20260812
Calb1,3,40,0.6489540934562683,1295040,"[71717640, 78591326, 78591338, 78591340, 78591342, 78632778, 78632780, 79556672, 79709470, 79721509, 79721630, 79721740, 80409525, 80409527, 80409532]","[78591328, 78591384, 78632776]",78632782.0,20260812
Calb1,3,41,0.6736712455749512,1295040,"[71717640, 78591326, 78591328, 78591332, 78591336, 78591338, 78591342, 78591384, 78632780, 79721509, 79721630, 79721740, 80409523, 80409525, 80409527]","[78632766, 79709470, 79721610]",78632782.0,20260812
Calb1,3,42,0.7027719020843506,1295040,"[78591328, 78591330, 78591334, 78591336, 78591342, 78591384, 78632776, 78632778, 79721509, 79721610, 79721630, 79721740, 80409525, 80409527, 80409532]","[78591340, 79556672, 80409523]",78632782.0,20260812
Calb1,3,43,0.6926232576370239,1295040,"[78591326, 78591328, 78591330, 78591332, 78591334, 78591338, 78591342, 78632766, 78632776, 78632778, 79556672, 79721740, 80409523, 80409525, 80409532]","[78591336, 79721610, 79721630]",78632782.0,20260812
Calb1,3,44,0.6139158010482788,1295040,"[78591326, 78591332, 78591334, 78591336, 78591340, 78591342, 78632766, 78632776, 78632778, 78632780, 79556672, 79709470, 79721610, 79721630, 80409525]","[78591330, 78591384, 80409523]",78632782.0,20260812
Calb1,3,45,0.7015491127967834,1295040,"[71717640, 78591326, 78591328, 78591330, 78591332, 78591334, 78591338, 78591340, 78632766, 78632780, 79556672, 79709470, 79721630, 80409527, 80409532]","[78591336, 78632778, 79721610]",78632782.0,20260812
Calb1,3,46,0.6870456337928772,1295040,"[78591326, 78591330, 78591332, 78591336, 78632766, 78632776, 78632778, 78632780, 79556672, 79709470, 79721610, 79721740, 80409523, 80409527, 80409532]","[71717640, 78591340, 78591384]",78632782.0,20260812
Calb1,3,47,0.6842301487922668,1295040,"[71717640, 78591326, 78591332, 78591334, 78591336, 78591342, 78632766, 78632776, 79556672, 79709470, 79721509, 79721630, 79721740, 80409527, 80409532]","[78591328, 78591340, 78632778]",78632782.0,20260812
Calb1,3,48,0.6972829103469849,1295040,"[71717640, 78591326, 78591334, 78591338, 78591340, 78591342, 78632766, 78632776, 78632780, 79721610, 79721630, 79721740, 80409523, 80409527, 80409532]","[78632778, 79709470, 79721509]",78632782.0,20260812
Calb1,3,49,0.6686840653419495,1295040,"[71717640, 78591326, 78591330, 78591336, 78591338, 78591384, 78632766, 78632776, 78632778, 78632780, 79709470, 79721740, 80409523, 80409527, 80409532]","[79721509, 79721630, 80409525]",78632782.0,20260812
Calb1,3,50,0.6665195822715759,1295040,"[71717640, 78591326, 78591332, 78591334, 78591338, 78591340, 78591342, 78591384, 78632766, 78632778, 79556672, 79709470, 79721610, 79721740, 80409532]","[78591328, 79721630, 80409525]",78632782.0,20260812
Calb1,3,51,0.6649795770645142,1295040,"[71717640, 78591326, 78591328, 78591332, 78591336, 78591338, 78591342, 78591384, 78632766, 79556672, 79709470, 79721509, 79721740, 80409525, 80409532]","[78632776, 78632780, 79721610]",78632782.0,20260812
Calb1,3,52,0.6518150568008423,1295040,"[78591328, 78591334, 78591336, 78591340, 78591342, 78591384, 78632766, 78632776, 78632778, 79709470, 79721610, 79721740, 80409523, 80409525, 80409527]","[78591330, 79556672, 79721630]",78632782.0,20260812
Calb1,3,53,0.717293918132782,1295040,"[71717640, 78591330, 78591332, 78591336, 78591338, 78591340, 78632776, 78632778, 78632780, 79556672, 79709470, 79721509, 80409523, 80409525, 80409527]","[78591334, 78591342, 78632766]",78632782.0,20260812
Calb1,3,54,0.7265850305557251,1295040,"[78591326, 78591328, 78591330, 78591332, 78591336, 78591384, 78632776, 78632778, 78632780, 79709470, 79721509, 79721630, 80409523, 80409525, 80409527]","[78591340, 78591342, 79556672]",78632782.0,20260812
Calb1,3,55,0.7223304510116577,1295040,"[71717640, 78591328, 78591330, 78591336, 78591338, 78591342, 78591384, 78632766, 78632776, 78632780, 79709470, 79721509, 80409525, 80409527, 80409532]","[78591332, 78591334, 78591340]",78632782.0,20260812
Calb1,3,56,0.665734052658081,1295040,"[71717640, 78591328, 78591334, 78591336, 78591338, 78591384, 78632766, 78632776, 78632778, 79709470, 79721509, 79721630, 79721740, 80409525, 80409532]","[78591342, 79721610, 80409527]",78632782.0,20260812
Calb1,3,57,0.6755792498588562,1295040,"[78591328, 78591330, 78591332, 78591334, 78591336, 78591340, 78591342, 78591384, 78632776, 78632778, 79556672, 79709470, 79721610, 80409523, 80409527]","[71717640, 78632766, 80409532]",78632782.0,20260812
Calb1,3,58,0.6608372926712036,1295040,"[71717640, 78591326, 78591332, 78591336, 78591340, 78591342, 78591384, 78632780, 79709470, 79721509, 79721630, 79721740, 80409525, 80409527, 80409532]","[78591328, 78591330, 78591334]",78632782.0,20260812
Calb1,3,59,0.6929140090942383,1295040,"[78591326, 78591330, 78591332, 78591336, 78591338, 78591340, 78591384, 78632776, 78632778, 79556672, 79721509, 79721630, 79721740, 80409523, 80409527]","[78591334, 79709470, 80409532]",78632782.0,20260812
Calb1,3,60,0.6880527138710022,1295040,"[71717640, 78591326, 78591330, 78591332, 78591334, 78591336, 78591338, 78591342, 78632778, 79556672, 79721509, 79721740, 80409523, 80409525, 80409527]","[78591340, 78632776, 80409532]",78632782.0,20260812
Calb1,3,61,0.6941229701042175,1295040,"[71717640, 78591330, 78591332, 78591334, 78591336, 78591340, 78591384, 78632766, 78632780, 79556672, 79721509, 80409523, 80409525, 80409527, 80409532]","[78591338, 78632778, 79721630]",78632782.0,20260812
Calb1,3,62,0.689419150352478,1295040,"[71717640, 78591332, 78591334, 78591336, 78591338, 78591340, 78591384, 78632766, 78632776, 78632780, 79556672, 79721509, 79721630, 80409523, 80409525]","[78591326, 78632778, 80409527]",78632782.0,20260812
Calb1,3,63,0.6853832006454468,1295040,"[71717640, 78591328, 78591330, 78591332, 78591334, 78591336, 78591338, 78591342, 78632780, 79556672, 79721509, 79721610, 79721740, 80409523, 80409525]","[78632766, 78632778, 79721630]",78632782.0,20260812
Calb1,3,64,0.6518509387969971,1295040,"[71717640, 78591326, 78591334, 78591338, 78591342, 78591384, 78632778, 78632780, 79556672, 79709470, 79721509, 79721610, 79721740, 80409523, 80409525]","[78591330, 78632766, 78632776]",78632782.0,20260812
Calb1,3,65,0.6998093724250793,1295040,"[71717640, 78591332, 78591334, 78591336, 78591340, 78591384, 78632766, 78632778, 78632780, 79556672, 79709470, 79721509, 79721610, 79721630, 80409525]","[78591326, 78591338, 78632776]",78632782.0,20260812
Calb1,3,66,0.6565356254577637,1295040,"[78591328, 78591332, 78591336, 78591338, 78591342, 78591384, 78632766, 78632776, 78632778, 78632780, 79709470, 79721610, 79721630, 79721740, 80409525]","[71717640, 78591330, 79556672]",78632782.0,20260812
Calb1,3,67,0.6759986877441406,1295040,"[71717640, 78591326, 78591330, 78591338, 78591342, 78632766, 78632776, 78632778, 79556672, 79709470, 79721509, 79721740, 80409523, 80409527, 80409532]","[78591332, 79721630, 80409525]",78632782.0,20260812
Calb1,3,68,0.6557285785675049,1295040,"[71717640, 78591326, 78591332, 78591334, 78591338, 78591340, 78632766, 78632776, 78632778, 78632780, 79556672, 79721509, 79721610, 79721740, 80409523]","[78591330, 78591342, 80409532]",78632782.0,20260812
Calb1,3,69,0.6645650863647461,1295040,"[71717640, 78591326, 78591330, 78591332, 78591336, 78591338, 78591340, 78591342, 78632766, 78632780, 79556672, 79709470, 79721630, 79721740, 80409527]","[78591328, 78632778, 79721610]",78632782.0,20260812
Calb1,3,70,0.6763703227043152,1295040,"[71717640, 78591326, 78591328, 78591330, 78591334, 78591336, 78591338, 78591340, 79556672, 79709470, 79721610, 79721630, 80409523, 80409525, 80409532]","[78591342, 78632776, 79721740]",78632782.0,20260812
Calb1,3,71,0.6840788125991821,1295040,"[78591328, 78591330, 78591332, 78591334, 78591336, 78591340, 78591342, 78591384, 78632766, 78632778, 78632780, 79556672, 79721610, 80409525, 80409527]","[78591338, 78632776, 80409532]",78632782.0,20260812
Calb1,3,72,0.7200772762298584,1295040,"[71717640, 78591328, 78591330, 78591334, 78591340, 78591342, 78632766, 78632778, 78632780, 79709470, 79721630, 79721740, 80409525, 80409527, 80409532]","[78591336, 78591338, 79556672]",78632782.0,20260812
Calb1,3,73,0.6880230903625488,1295040,"[71717640, 78591326, 78591328, 78591330, 78591334, 78591342, 78591384, 78632766, 78632778, 78632780, 79709470, 79721509, 79721630, 80409525, 80409527]","[78591332, 79721610, 80409523]",78632782.0,20260812
Calb1,3,74,0.6401815414428711,1295040,"[78591326, 78591328, 78591332, 78591340, 78591342, 78591384, 78632766, 78632780, 79709470, 79721610, 79721740, 80409523, 80409525, 80409527, 80409532]","[71717640, 78591330, 78632776]",78632782.0,20260812
Calb1,3,75,0.6727479100227356,1295040,"[78591326, 78591328, 78591330, 78591334, 78591338, 78591340, 78591384, 78632778, 78632780, 79556672, 79709470, 79721610, 79721740, 80409523, 80409527]","[71717640, 79721509, 80409532]",78632782.0,20260812
Calb1,3,76,0.6763471364974976,1295040,"[71717640, 78591326, 78591328, 78591330, 78591332, 78591334, 78591336, 78591338, 78591340, 78591342, 78591384, 78632766, 78632778, 79556672, 80409532]","[79709470, 80409525, 80409527]",78632782.0,20260812
Calb1,3,77,0.6782037019729614,1295040,"[71717640, 78591326, 78591330, 78591332, 78591334, 78591336, 78591340, 78591342, 78591384, 78632778, 78632780, 79556672, 79709470, 80409527, 80409532]","[78632766, 79721509, 79721630]",78632782.0,20260812
Calb1,3,78,0.7124489545822144,1295040,"[71717640, 78591326, 78591332, 78591334, 78591338, 78591384, 78632776, 78632778, 79709470, 79721509, 79721610, 79721630, 80409523, 80409525, 80409527]","[78591328, 78591342, 79556672]",78632782.0,20260812
Calb1,3,79,0.6862878799438477,1295040,"[78591326, 78591330, 78591332, 78591334, 78591336, 78591338, 78632776, 78632778, 78632780, 79556672, 79721610, 79721740, 80409525, 80409527, 80409532]","[71717640, 78632766, 79721509]",78632782.0,20260812
Calb1,3,80,0.6865622997283936,1295040,"[71717640, 78591326, 78591336, 78591338, 78591340, 78591342, 78591384, 78632766, 78632776, 78632778, 79721509, 79721630, 79721740, 80409523, 80409525]","[78591330, 78591332, 79709470]",78632782.0,20260812
Calb1,3,81,0.6673177480697632,1295040,"[78591332, 78591334, 78591336, 78591338, 78591340, 78591342, 78632776, 78632780, 79721509, 79721610, 79721630, 79721740, 80409523, 80409527, 80409532]","[78591330, 78632778, 79556672]",78632782.0,20260812
Calb1,3,82,0.6770653128623962,1295040,"[71717640, 78591328, 78591330, 78591332, 78591334, 78591336, 78591338, 78591340, 78591384, 78632778, 78632780, 79721610, 79721630, 79721740, 80409527]","[78591326, 78632776, 79721509]",78632782.0,20260812
Calb1,3,83,0.7026917934417725,1295040,"[71717640, 78591326, 78591328, 78591332, 78591334, 78591340, 78591384, 78632776, 79556672, 79709470, 79721509, 79721610, 79721740, 80409527, 80409532]","[78591336, 78632780, 80409523]",78632782.0,20260812
Calb1,3,84,0.6703485250473022,1295040,"[78591326, 78591332, 78591334, 78591338, 78591340, 78591342, 78632766, 78632780, 79556672, 79709470, 79721509, 79721610, 79721740, 80409527, 80409532]","[78591384, 78632778, 80409525]",78632782.0,20260812
Calb1,3,85,0.6523685455322266,1295040,"[71717640, 78591326, 78591328, 78591330, 78591332, 78591334, 78591336, 78591338, 78591340, 78591384, 78632776, 79556672, 79709470, 79721740, 80409525]","[79721509, 79721630, 80409527]",78632782.0,20260812
Calb1,3,86,0.6826753616333008,1295040,"[71717640, 78591332, 78591334, 78591336, 78591338, 78591342, 78632766, 78632776, 78632780, 79556672, 79721610, 79721630, 80409523, 80409525, 80409532]","[78591326, 78591328, 79721740]",78632782.0,20260812
Calb1,3,87,0.6671829223632812,1295040,"[78591328, 78591334, 78591338, 78591384, 78632766, 78632776, 78632778, 78632780, 79556672, 79709470, 79721509, 79721610, 79721630, 80409525, 80409532]","[71717640, 78591330, 78591332]",78632782.0,20260812
Calb1,3,88,0.6945868730545044,1295040,"[71717640, 78591326, 78591328, 78591330, 78591332, 78591336, 78591340, 78591342, 78632766, 78632776, 78632778, 78632780, 79721610, 79721740, 80409525]","[79556672, 79709470, 80409523]",78632782.0,20260812
Calb1,3,89,0.7049013376235962,1295040,"[71717640, 78591328, 78591334, 78591336, 78591338, 78591384, 78632778, 78632780, 79556672, 79709470, 79721610, 79721630, 80409523, 80409525, 80409532]","[78591340, 78632766, 79721740]",78632782.0,20260812
Calb1,3,90,0.6787495613098145,1295040,"[78591326, 78591328, 78591330, 78591334, 78591338, 78591342, 78591384, 78632766, 78632778, 78632780, 79721509, 79721630, 79721740, 80409525, 80409532]","[78591340, 79709470, 79721610]",78632782.0,20260812
Calb1,3,91,0.687849223613739,1295040,"[78591326, 78591338, 78591340, 78591342, 78591384, 78632766, 78632776, 78632778, 79556672, 79709470, 79721610, 79721630, 79721740, 80409527, 80409532]","[78591332, 78632780, 80409523]",78632782.0,20260812
Calb1,3,92,0.7175410985946655,1295040,"[78591328, 78591334, 78591336, 78591338, 78591340, 78591342, 78591384, 78632778, 78632780, 79709470, 79721509, 79721610, 79721740, 80409525, 80409527]","[78591326, 78591332, 79556672]",78632782.0,20260812
Calb1,3,93,0.689741849899292,1295040,"[78591326, 78591328, 78591338, 78591340, 78591384, 78632766, 78632776, 78632778, 78632780, 79556672, 79721630, 79721740, 80409525, 80409527, 80409532]","[71717640, 78591336, 79709470]",78632782.0,20260812
Calb1,3,94,0.7109153270721436,1295040,"[71717640, 78591326, 78591328, 78591330, 78591338, 78591340, 78591342, 78591384, 78632776, 78632780, 79721509, 79721630, 79721740, 80409523, 80409532]","[78591332, 79556672, 79721610]",78632782.0,20260812
Calb1,3,95,0.7172145843505859,1295040,"[71717640, 78591326, 78591328, 78591330, 78591338, 78591342, 78632766, 78632778, 79709470, 79721509, 79721630, 80409523, 80409525, 80409527, 80409532]","[78591336, 78632780, 79556672]",78632782.0,20260812
Calb1,3,96,0.6550980806350708,1295040,"[71717640, 78591326, 78591328, 78591332, 78591334, 78591338, 78632766, 78632776, 78632778, 78632780, 79556672, 79709470, 79721630, 80409523, 80409525]","[79721509, 79721610, 80409532]",78632782.0,20260812
Calb1,3,97,0.679587185382843,1295040,"[78591326, 78591328, 78591334, 78591336, 78591338, 78591342, 78591384, 78632776, 78632778, 78632780, 79721509, 79721630, 80409523, 80409525, 80409527]","[78591330, 78591332, 79709470]",78632782.0,20260812
Calb1,3,98,0.7082033753395081,1295040,"[78591326, 78591330, 78591334, 78591338, 78591340, 78591342, 78591384, 78632766, 78632776, 78632778, 78632780, 79721509, 79721630, 80409525, 80409532]","[78591328, 78591332, 80409527]",78632782.0,20260812
Calb1,3,99,0.6524047255516052,1295040,"[71717640, 78591328, 78591336, 78591338, 78591340, 78591342, 78591384, 78632766, 78632776, 79709470, 79721509, 79721610, 79721630, 79721740, 80409523]","[78591330, 78632778, 78632780]",78632782.0,20260812
Calb1,4,0,0.719544529914856,1295040,"[78591326, 78591330, 78591336, 78591340, 78591384, 78632766, 78632776, 78632778, 78632780, 79556672, 79709470, 79721509, 79721740, 80409523, 80409532]","[71717640, 78591342, 79721610, 80409527]",78632782.0,20260812
Calb1,4,1,0.733294665813446,1295040,"[71717640, 78591326, 78591330, 78591334, 78591338, 78591340, 78591342, 78591384, 78632766, 78632778, 79556672, 79709470, 79721509, 79721630, 80409523]","[78591336, 79721610, 79721740, 80409532]",78632782.0,20260812
Calb1,4,2,0.7491147518157959,1295040,"[71717640, 78591326, 78591330, 78591336, 78632766, 78632778, 79556672, 79709470, 79721509, 79721630, 79721740, 80409523, 80409525, 80409527, 80409532]","[78591334, 78591338, 78591340, 78632776]",78632782.0,20260812
Calb1,4,3,0.7127456665039062,1295040,"[78591326, 78591330, 78591332, 78591334, 78591336, 78591338, 78591384, 78632766, 78632776, 78632778, 78632780, 79721509, 79721610, 79721740, 80409525]","[78591342, 80409523, 80409527, 80409532]",78632782.0,20260812
Calb1,4,4,0.7070157527923584,1295040,"[78591326, 78591328, 78591330, 78591332, 78591334, 78591338, 78591340, 78591384, 78632776, 79721509, 79721630, 79721740, 80409523, 80409525, 80409532]","[71717640, 79556672, 79709470, 79721610]",78632782.0,20260812
Calb1,4,5,0.7436532974243164,1295040,"[78591326, 78591332, 78591334, 78591340, 78591384, 78632766, 78632778, 78632780, 79721509, 79721610, 79721740, 80409523, 80409525, 80409527, 80409532]","[78591328, 78591336, 78591342, 79556672]",78632782.0,20260812
Calb1,4,6,0.7432833313941956,1295040,"[71717640, 78591326, 78591328, 78591330, 78591332, 78591334, 78591336, 78591384, 78632776, 78632780, 79721610, 79721630, 79721740, 80409523, 80409532]","[78591340, 78632766, 79556672, 80409527]",78632782.0,20260812
Calb1,4,7,0.7410715222358704,1295040,"[71717640, 78591326, 78591328, 78591330, 78591332, 78591336, 78591340, 78591342, 78591384, 78632766, 78632778, 79709470, 79721509, 79721630, 80409523]","[78591334, 78591338, 78632776, 78632780]",78632782.0,20260812
Calb1,4,8,0.7138673663139343,1295040,"[78591326, 78591328, 78591332, 78591336, 78591340, 78591342, 78591384, 78632776, 78632778, 79556672, 79709470, 79721610, 79721630, 80409523, 80409532]","[78632780, 79721509, 79721740, 80409527]",78632782.0,20260812
Calb1,4,9,0.7447401881217957,1295040,"[71717640, 78591326, 78591328, 78591330, 78591336, 78591342, 78591384, 78632766, 78632778, 78632780, 79709470, 79721509, 79721740, 80409523, 80409527]","[78591332, 78591338, 80409525, 80409532]",78632782.0,20260812
Calb1,4,10,0.7459331154823303,1295040,"[78591326, 78591328, 78591330, 78591334, 78591338, 78591340, 78591342, 78632766, 78632776, 78632778, 78632780, 79556672, 79721610, 79721740, 80409527]","[78591332, 78591336, 79721630, 80409525]",78632782.0,20260812
Calb1,4,11,0.7408508062362671,1295040,"[78591328, 78591330, 78591334, 78591336, 78591338, 78591342, 78632766, 78632780, 79709470, 79721610, 79721630, 79721740, 80409523, 80409525, 80409532]","[78591326, 78591340, 78632776, 78632778]",78632782.0,20260812
Calb1,4,12,0.7159237861633301,1295040,"[71717640, 78591328, 78591332, 78591338, 78591340, 78632766, 78632778, 78632780, 79721509, 79721630, 79721740, 80409523, 80409525, 80409527, 80409532]","[78591326, 78591342, 78591384, 78632776]",78632782.0,20260812
Calb1,4,13,0.7284315228462219,1295040,"[71717640, 78591326, 78591328, 78591334, 78591336, 78591340, 78591342, 78591384, 78632766, 78632778, 79721509, 79721630, 79721740, 80409523, 80409532]","[78591332, 78632780, 79721610, 80409527]",78632782.0,20260812
Calb1,4,14,0.6969048380851746,1295040,"[71717640, 78591326, 78591328, 78591330, 78591336, 78591338, 78591340, 78632766, 78632776, 79556672, 79721509, 79721630, 79721740, 80409525, 80409527]","[78591332, 78591334, 78591384, 80409532]",78632782.0,20260812
Calb1,4,15,0.7428843975067139,1295040,"[78591326, 78591328, 78591330, 78591334, 78591336, 78591340, 78591342, 78591384, 78632766, 78632776, 78632778, 78632780, 79721509, 80409527, 80409532]","[78591332, 78591338, 79709470, 79721630]",78632782.0,20260812
Calb1,4,16,0.7204077243804932,1295040,"[71717640, 78591326, 78591328, 78591332, 78591336, 78591342, 78632776, 78632778, 78632780, 79721509, 79721630, 80409523, 80409525, 80409527, 80409532]","[78591330, 78591338, 78632766, 79709470]",78632782.0,20260812
Calb1,4,17,0.7138062715530396,1295040,"[71717640, 78591326, 78591332, 78591334, 78591338, 78591340, 78591342, 78591384, 78632778, 78632780, 79721509, 79721610, 79721630, 79721740, 80409523]","[78632766, 78632776, 80409527, 80409532]",78632782.0,20260812
Calb1,4,18,0.7198667526245117,1295040,"[71717640, 78591326, 78591328, 78591330, 78591332, 78591334, 78591338, 78591340, 78591342, 78632780, 79556672, 79721509, 80409523, 80409527, 80409532]","[78591384, 78632766, 78632778, 79709470]",78632782.0,20260812
Calb1,4,19,0.7393240332603455,1295040,"[71717640, 78591330, 78591332, 78591334, 78591336, 78591338, 78591340, 78591384, 78632776, 78632778, 78632780, 79721610, 79721630, 80409523, 80409527]","[78591328, 78632766, 79556672, 80409525]",78632782.0,20260812
Calb1,4,20,0.6982909440994263,1295040,"[78591326, 78591328, 78591332, 78591334, 78591338, 78591340, 78591342, 78632776, 78632780, 79556672, 79721610, 80409523, 80409525, 80409527, 80409532]","[71717640, 78591330, 79709470, 79721740]",78632782.0,20260812
Calb1,4,21,0.683638334274292,1295040,"[71717640, 78591326, 78591328, 78591332, 78591334, 78591336, 78591340, 78591342, 78632766, 78632778, 78632780, 79709470, 79721610, 79721630, 80409523]","[79721740, 80409525, 80409527, 80409532]",78632782.0,20260812
Calb1,4,22,0.721565306186676,1295040,"[71717640, 78591332, 78591334, 78591336, 78591338, 78591340, 78591342, 78632766, 78632780, 79556672, 79721610, 79721630, 80409523, 80409525, 80409532]","[78591326, 78591384, 78632776, 78632778]",78632782.0,20260812
Calb1,4,23,0.7523887157440186,1295040,"[71717640, 78591326, 78591328, 78591332, 78591340, 78632776, 78632778, 78632780, 79721509, 79721610, 79721630, 79721740, 80409523, 80409525, 80409532]","[78591338, 78591342, 78591384, 79556672]",78632782.0,20260812
Calb1,4,24,0.7307775020599365,1295040,"[71717640, 78591330, 78591332, 78591336, 78591342, 78591384, 78632778, 78632780, 79556672, 79721509, 79721630, 79721740, 80409523, 80409525, 80409527]","[78591326, 78591334, 78632776, 79709470]",78632782.0,20260812
Calb1,4,25,0.71666020154953,1295040,"[78591326, 78591330, 78591332, 78591334, 78591338, 78591340, 78591384, 78632776, 79556672, 79721630, 79721740, 80409523, 80409525, 80409527, 80409532]","[71717640, 78591342, 78632780, 79721610]",78632782.0,20260812
Calb1,4,26,0.6986746191978455,1295040,"[71717640, 78591328, 78591330, 78591332, 78591336, 78591340, 78591342, 78632766, 78632778, 79556672, 79709470, 79721610, 79721740, 80409525, 80409532]","[78591334, 78591384, 79721509, 80409527]",78632782.0,20260812
Calb1,4,27,0.6947223544120789,1295040,"[78591328, 78591332, 78591336, 78591340, 78591342, 78632766, 78632776, 78632778, 79721509, 79721610, 79721630, 79721740, 80409523, 80409525, 80409527]","[71717640, 78591330, 78591334, 78591384]",78632782.0,20260812
Calb1,4,28,0.7143421173095703,1295040,"[78591328, 78591330, 78591332, 78591334, 78591338, 78591340, 78591384, 78632766, 78632776, 78632778, 79556672, 79709470, 79721509, 79721740, 80409523]","[78591326, 78591336, 78632780, 80409527]",78632782.0,20260812
Calb1,4,29,0.718131422996521,1295040,"[78591328, 78591330, 78591332, 78591334, 78591336, 78591338, 78591340, 78591384, 78632776, 78632778, 78632780, 79556672, 79721509, 80409523, 80409532]","[78591326, 78632766, 79721630, 80409527]",78632782.0,20260812
Calb1,4,30,0.6932209730148315,1295040,"[78591332, 78591334, 78591336, 78591338, 78591340, 78591342, 78632766, 78632776, 78632780, 79556672, 79709470, 79721509, 79721610, 79721630, 80409525]","[78591328, 78591330, 78632778, 80409532]",78632782.0,20260812
Calb1,4,31,0.7571824789047241,1295040,"[78591326, 78591328, 78591330, 78591332, 78591338, 78591384, 78632780, 79556672, 79709470, 79721509, 79721740, 80409523, 80409525, 80409527, 80409532]","[78591334, 78591336, 78591340, 79721630]",78632782.0,20260812
Calb1,4,32,0.7420641183853149,1295040,"[71717640, 78591326, 78591328, 78591330, 78591332, 78591334, 78591336, 78591340, 78591384, 78632766, 79556672, 79721610, 79721740, 80409523, 80409525]","[78591338, 78632778, 79709470, 80409532]",78632782.0,20260812
Calb1,4,33,0.7584825754165649,1295040,"[71717640, 78591326, 78591328, 78591334, 78591336, 78591342, 78591384, 78632766, 78632776, 78632780, 79721509, 79721610, 79721630, 80409523, 80409525]","[78591332, 78591338, 79709470, 80409527]",78632782.0,20260812
Calb1,4,34,0.7112019062042236,1295040,"[78591326, 78591328, 78591330, 78591336, 78591338, 78591340, 78591342, 78591384, 78632776, 78632778, 78632780, 79556672, 79721509, 80409527, 80409532]","[71717640, 79709470, 79721610, 80409523]",78632782.0,20260812
Calb1,4,35,0.7158935070037842,1295040,"[71717640, 78591328, 78591334, 78591336, 78591340, 78591342, 78632766, 78632776, 78632778, 78632780, 79721630, 79721740, 80409523, 80409525, 80409527]","[78591326, 78591384, 79709470, 79721610]",78632782.0,20260812
Calb1,4,36,0.7225199341773987,1295040,"[78591326, 78591328, 78591330, 78591334, 78591336, 78591342, 78591384, 78632766, 78632780, 79556672, 79709470, 79721630, 80409523, 80409527, 80409532]","[78591338, 78632776, 79721610, 79721740]",78632782.0,20260812
Calb1,4,37,0.7364786267280579,1295040,"[78591328, 78591334, 78591336, 78591338, 78591342, 78632766, 78632776, 78632778, 78632780, 79556672, 79709470, 79721509, 80409523, 80409525, 80409532]","[78591332, 78591340, 78591384, 80409527]",78632782.0,20260812
Calb1,4,38,0.6777570247650146,1295040,"[78591326, 78591328, 78591334, 78591338, 78591340, 78591342, 78632776, 78632778, 78632780, 79556672, 79721509, 79721610, 79721740, 80409525, 80409527]","[78591330, 78591384, 80409523, 80409532]",78632782.0,20260812
Calb1,4,39,0.6966891288757324,1295040,"[71717640, 78591326, 78591332, 78591336, 78591338, 78632766, 78632776, 78632778, 79556672, 79721630, 79721740, 80409523, 80409525, 80409527, 80409532]","[78591328, 78591330, 78632780, 79721509]",78632782.0,20260812
Calb1,4,40,0.7322129011154175,1295040,"[71717640, 78591326, 78591328, 78591330, 78591332, 78591334, 78591338, 78591340, 78591384, 78632780, 79709470, 79721610, 79721630, 80409525, 80409527]","[78632766, 79556672, 79721740, 80409523]",78632782.0,20260812
Calb1,4,41,0.7356877326965332,1295040,"[71717640, 78591326, 78591330, 78591332, 78591334, 78591340, 78632778, 79709470, 79721509, 79721610, 79721630, 79721740, 80409525, 80409527, 80409532]","[78591328, 78591336, 78591342, 78591384]",78632782.0,20260812
Calb1,4,42,0.7062331438064575,1295040,"[78591326, 78591328, 78591330, 78591332, 78591334, 78591336, 78591338, 78591340, 78591384, 78632766, 78632776, 78632778, 80409523, 80409525, 80409527]","[71717640, 79721509, 79721630, 79721740]",78632782.0,20260812
Calb1,4,43,0.7174389958381653,1295040,"[71717640, 78591326, 78591330, 78591332, 78591334, 78591336, 78591338, 78591340, 78591342, 78632778, 78632780, 79721610, 79721630, 80409527, 80409532]","[78591328, 78591384, 79709470, 80409525]",78632782.0,20260812
Calb1,4,44,0.7329891920089722,1295040,"[78591326, 78591328, 78591330, 78591332, 78591334, 78591336, 78591338, 78632766, 78632776, 78632780, 79709470, 79721610, 79721740, 80409523, 80409525]","[78591340, 78591342, 78591384, 78632778]",78632782.0,20260812
Calb1,4,45,0.6949021816253662,1295040,"[78591326, 78591328, 78591332, 78591338, 78591342, 78591384, 78632766, 78632778, 78632780, 79556672, 79709470, 79721630, 80409523, 80409525, 80409527]","[71717640, 78591330, 78632776, 79721509]",78632782.0,20260812
Calb1,4,46,0.7358315587043762,1295040,"[78591330, 78591332, 78591336, 78591338, 78591342, 78591384, 78632766, 78632778, 79556672, 79709470, 79721509, 79721610, 79721630, 80409523, 80409525]","[71717640, 78591328, 78591334, 80409527]",78632782.0,20260812
Calb1,4,47,0.7373844981193542,1295040,"[71717640, 78591326, 78591332, 78591338, 78591340, 78591342, 78632776, 78632778, 79721509, 79721610, 79721740, 80409523, 80409525, 80409527, 80409532]","[78591336, 78591384, 79556672, 79709470]",78632782.0,20260812
Calb1,4,48,0.7057857513427734,1295040,"[78591328, 78591330, 78591332, 78591334, 78591338, 78591340, 78591342, 78632776, 78632778, 78632780, 79556672, 79721509, 79721610, 79721630, 80409527]","[71717640, 78591326, 78632766, 79721740]",78632782.0,20260812
Calb1,4,49,0.729707658290863,1295040,"[78591326, 78591332, 78591334, 78591336, 78591384, 78632766, 78632778, 79556672, 79721509, 79721610, 79721630, 79721740, 80409525, 80409527, 80409532]","[71717640, 78591330, 78591338, 78591342]",78632782.0,20260812
Calb1,4,50,0.7208038568496704,1295040,"[71717640, 78591326, 78591328, 78591330, 78591334, 78591336, 78591340, 78591384, 78632776, 78632778, 79556672, 79721610, 79721740, 80409527, 80409532]","[78591342, 79709470, 79721509, 80409523]",78632782.0,20260812
Calb1,4,51,0.7016478776931763,1295040,"[71717640, 78591326, 78591328, 78591332, 78591336, 78591338, 78591342, 78591384, 78632766, 78632778, 78632780, 79709470, 79721610, 79721630, 80409523]","[78591334, 79721509, 79721740, 80409532]",78632782.0,20260812
Calb1,4,52,0.7190810441970825,1295040,"[78591330, 78591336, 78591340, 78591342, 78591384, 78632776, 78632778, 79709470, 79721509, 79721610, 79721630, 79721740, 80409525, 80409527, 80409532]","[78591326, 78591328, 78632766, 79556672]",78632782.0,20260812
Calb1,4,53,0.685367226600647,1295040,"[78591326, 78591328, 78591332, 78591334, 78591338, 78591340, 78591342, 78591384, 78632776, 79556672, 79709470, 79721630, 79721740, 80409523, 80409525]","[71717640, 78591330, 79721610, 80409527]",78632782.0,20260812
Calb1,4,54,0.7508500218391418,1295040,"[78591326, 78591330, 78591338, 78591340, 78591342, 78632766, 78632776, 78632778, 78632780, 79721509, 79721630, 79721740, 80409523, 80409525, 80409532]","[71717640, 78591332, 78591336, 79556672]",78632782.0,20260812
Calb1,4,55,0.7387267351150513,1295040,"[71717640, 78591326, 78591336, 78591338, 78591342, 78591384, 78632776, 78632780, 79709470, 79721509, 79721630, 79721740, 80409523, 80409525, 80409527]","[78591332, 78591334, 79721610, 80409532]",78632782.0,20260812
Calb1,4,56,0.7228413820266724,1295040,"[71717640, 78591326, 78591328, 78591330, 78591332, 78591338, 78591340, 78591342, 78632766, 78632776, 78632778, 79709470, 79721610, 79721630, 80409523]","[78591334, 78591336, 78591384, 80409527]",78632782.0,20260812
Calb1,4,57,0.7464896440505981,1295040,"[78591326, 78591328, 78591330, 78591332, 78591336, 78591342, 78632766, 78632778, 78632780, 79721509, 79721630, 79721740, 80409525, 80409527, 80409532]","[78591334, 78591338, 79556672, 80409523]",78632782.0,20260812
Calb1,4,58,0.7268131375312805,1295040,"[71717640, 78591326, 78591336, 78591338, 78591340, 78591342, 78632776, 78632778, 79556672, 79709470, 79721509, 79721610, 80409525, 80409527, 80409532]","[78591334, 78632766, 78632780, 79721740]",78632782.0,20260812
Calb1,4,59,0.7228366732597351,1295040,"[71717640, 78591326, 78591328, 78591332, 78591334, 78591336, 78591340, 78591384, 78632766, 78632780, 79556672, 79721509, 79721630, 79721740, 80409527]","[78632776, 78632778, 79709470, 80409525]",78632782.0,20260812
Calb1,4,60,0.7275431156158447,1295040,"[71717640, 78591330, 78591334, 78591336, 78591338, 78591340, 78591384, 78632778, 78632780, 79556672, 79709470, 79721630, 79721740, 80409523, 80409527]","[78591326, 78632766, 78632776, 80409532]",78632782.0,20260812
Calb1,4,61,0.7120158076286316,1295040,"[78591330, 78591332, 78591334, 78591336, 78591340, 78591342, 78632778, 79721509, 79721610, 79721630, 79721740, 80409523, 80409525, 80409527, 80409532]","[78591326, 78591328, 79556672, 79709470]",78632782.0,20260812
Calb1,4,62,0.7566612958908081,1295040,"[71717640, 78591328, 78591332, 78591336, 78591338, 78591384, 78632776, 78632780, 79709470, 79721509, 79721630, 80409523, 80409525, 80409527, 80409532]","[78591326, 78591334, 78632778, 79556672]",78632782.0,20260812
Calb1,4,63,0.7069216370582581,1295040,"[71717640, 78591326, 78591332, 78591342, 78591384, 78632776, 78632778, 78632780, 79556672, 79709470, 79721509, 79721630, 80409523, 80409525, 80409527]","[78591330, 78591338, 78591340, 79721740]",78632782.0,20260812
Calb1,4,64,0.7194441556930542,1295040,"[71717640, 78591328, 78591330, 78591332, 78591334, 78591336, 78591338, 78591342, 78591384, 78632780, 79556672, 79721509, 79721610, 79721630, 80409532]","[78632766, 78632776, 80409525, 80409527]",78632782.0,20260812
Calb1,4,65,0.7304840087890625,1295040,"[71717640, 78591328, 78591330, 78591332, 78591334, 78591338, 78591384, 78632776, 78632778, 79556672, 79709470, 79721509, 79721610, 79721740, 80409532]","[78591326, 78591336, 78591340, 80409527]",78632782.0,20260812
Calb1,4,66,0.721042275428772,1295040,"[71717640, 78591328, 78591330, 78591338, 78591342, 78591384, 78632766, 78632776, 78632780, 79556672, 79709470, 79721509, 79721610, 80409527, 80409532]","[78591326, 78591334, 79721630, 79721740]",78632782.0,20260812
Calb1,4,67,0.7431976795196533,1295040,"[71717640, 78591332, 78591336, 78591338, 78591340, 78591342, 78591384, 78632776, 78632780, 79721610, 79721630, 79721740, 80409523, 80409525, 80409532]","[78591326, 78591328, 78591334, 80409527]",78632782.0,20260812
Calb1,4,68,0.7123886346817017,1295040,"[71717640, 78591330, 78591332, 78591334, 78591338, 78591342, 78632776, 78632780, 79709470, 79721509, 79721610, 79721630, 79721740, 80409527, 80409532]","[78591384, 78632766, 78632778, 80409525]",78632782.0,20260812
Calb1,4,69,0.7540940046310425,1295040,"[71717640, 78591326, 78591328, 78591330, 78591332, 78591342, 78591384, 78632776, 78632778, 79709470, 79721610, 79721740, 80409525, 80409527, 80409532]","[78591338, 78591340, 79556672, 80409523]",78632782.0,20260812
Calb1,4,70,0.7574878931045532,1295040,"[71717640, 78591328, 78591330, 78591338, 78591340, 78591342, 78632780, 79556672, 79709470, 79721509, 79721610, 79721630, 79721740, 80409525, 80409527]","[78591332, 78591334, 78591336, 78632766]",78632782.0,20260812
Calb1,4,71,0.7224388718605042,1295040,"[78591330, 78591332, 78591334, 78591336, 78591338, 78591340, 78591384, 78632766, 78632778, 78632780, 79709470, 79721509, 79721630, 80409527, 80409532]","[78591326, 78632776, 79556672, 80409523]",78632782.0,20260812
Calb1,4,72,0.7263314723968506,1295040,"[71717640, 78591326, 78591330, 78591338, 78591340, 78591384, 78632766, 78632776, 78632778, 79556672, 79721509, 79721610, 79721630, 80409523, 80409532]","[78591328, 78591342, 79709470, 80409527]",78632782.0,20260812
Calb1,4,73,0.7408508062362671,1295040,"[78591326, 78591328, 78591332, 78591334, 78591336, 78591338, 78632766, 78632776, 78632778, 79556672, 79721740, 80409523, 80409525, 80409527, 80409532]","[71717640, 78591340, 78591342, 79721610]",78632782.0,20260812
Calb1,4,74,0.7448086738586426,1295040,"[71717640, 78591326, 78591332, 78591338, 78591340, 78591384, 78632766, 78632776, 78632778, 79556672, 79721509, 79721610, 79721630, 79721740, 80409523]","[78591328, 78591342, 79709470, 80409525]",78632782.0,20260812
Calb1,4,75,0.7385034561157227,1295040,"[71717640, 78591328, 78591332, 78591334, 78591336, 78591338, 78591340, 78591384, 78632766, 78632778, 79556672, 79709470, 79721740, 80409527, 80409532]","[78591342, 78632776, 79721509, 80409525]",78632782.0,20260812
Calb1,4,76,0.7345818281173706,1295040,"[71717640, 78591328, 78591330, 78591338, 78591340, 78591342, 78632766, 78632776, 78632778, 78632780, 79556672, 79721509, 79721610, 80409527, 80409532]","[78591326, 78591332, 78591334, 79721630]",78632782.0,20260812
Calb1,4,77,0.7141305208206177,1295040,"[71717640, 78591330, 78591332, 78591334, 78591336, 78591340, 78591342, 78591384, 78632766, 78632776, 78632778, 79556672, 79721610, 80409523, 80409532]","[78632780, 79721740, 80409525, 80409527]",78632782.0,20260812
Calb1,4,78,0.7290734648704529,1295040,"[71717640, 78591326, 78591336, 78591338, 78591340, 78591342, 78591384, 78632778, 79556672, 79709470, 79721509, 79721630, 79721740, 80409525, 80409527]","[78591328, 78591334, 78632776, 79721610]",78632782.0,20260812
Calb1,4,79,0.7242845892906189,1295040,"[71717640, 78591328, 78591330, 78591332, 78591336, 78591340, 78591342, 78591384, 78632776, 78632780, 79721509, 79721610, 80409523, 80409525, 80409532]","[78632766, 78632778, 79709470, 80409527]",78632782.0,20260812
Calb1,4,80,0.6909096240997314,1295040,"[71717640, 78591334, 78591336, 78591338, 78591340, 78591384, 78632778, 78632780, 79556672, 79709470, 79721610, 79721740, 80409523, 80409527, 80409532]","[78591328, 78591330, 78632776, 79721509]",78632782.0,20260812
Calb1,4,81,0.7156835794448853,1295040,"[71717640, 78591334, 78591340, 78591342, 78591384, 78632766, 78632776, 78632778, 78632780, 79709470, 79721509, 79721630, 79721740, 80409527, 80409532]","[78591330, 78591332, 79721610, 80409523]",78632782.0,20260812
Calb1,4,82,0.7315881252288818,1295040,"[78591326, 78591332, 78591334, 78591338, 78591340, 78591342, 78591384, 78632778, 78632780, 79556672, 79721509, 79721630, 80409523, 80409527, 80409532]","[78591336, 78632766, 78632776, 79721610]",78632782.0,20260812
Calb1,4,83,0.7205997109413147,1295040,"[71717640, 78591328, 78591330, 78591334, 78591384, 78632766, 78632776, 78632780, 79721509, 79721610, 79721630, 79721740, 80409523, 80409525, 80409527]","[78591326, 78591340, 79709470, 80409532]",78632782.0,20260812
Calb1,4,84,0.7401893138885498,1295040,"[78591326, 78591330, 78591332, 78591334, 78591338, 78591342, 78632766, 78632776, 78632778, 79556672, 79709470, 79721509, 79721740, 80409525, 80409532]","[71717640, 78591336, 78632780, 79721610]",78632782.0,20260812
Calb1,4,85,0.7161588668823242,1295040,"[71717640, 78591328, 78591330, 78591332, 78591334, 78591336, 78591340, 78591384, 78632776, 79556672, 79721509, 79721610, 79721630, 79721740, 80409527]","[78591342, 80409523, 80409525, 80409532]",78632782.0,20260812
Calb1,4,86,0.722171425819397,1295040,"[71717640, 78591326, 78591328, 78591330, 78591332, 78591334, 78591336, 78591338, 78591340, 78632766, 78632778, 78632780, 79709470, 79721630, 80409527]","[79556672, 79721610, 79721740, 80409525]",78632782.0,20260812
Calb1,4,87,0.7280452847480774,1295040,"[78591326, 78591328, 78591330, 78591334, 78591336, 78591338, 78591340, 78591384, 78632780, 79556672, 79721610, 79721630, 79721740, 80409523, 80409532]","[71717640, 78591332, 78632776, 79709470]",78632782.0,20260812
Calb1,4,88,0.6914464235305786,1295040,"[71717640, 78591326, 78591330, 78591340, 78591384, 78632766, 78632776, 78632778, 79556672, 79709470, 79721509, 79721610, 79721740, 80409523, 80409532]","[78591332, 78632780, 79721630, 80409525]",78632782.0,20260812
Calb1,4,89,0.6842655539512634,1295040,"[71717640, 78591332, 78591336, 78591338, 78591342, 78591384, 78632776, 78632778, 79556672, 79709470, 79721509, 80409523, 80409525, 80409527, 80409532]","[78591328, 78591330, 79721610, 79721740]",78632782.0,20260812
Calb1,4,90,0.6839181184768677,1295040,"[71717640, 78591326, 78591330, 78591334, 78591340, 78591342, 78632766, 78632776, 78632778, 78632780, 79556672, 79709470, 79721509, 80409525, 80409532]","[78591328, 78591384, 79721630, 79721740]",78632782.0,20260812
Calb1,4,91,0.7398500442504883,1295040,"[71717640, 78591328, 78591332, 78591338, 78632766, 78632776, 78632780, 79709470, 79721509, 79721610, 79721630, 79721740, 80409525, 80409527, 80409532]","[78591334, 78591336, 78591342, 78591384]",78632782.0,20260812
Calb1,4,92,0.6937997937202454,1295040,"[71717640, 78591326, 78591328, 78591332, 78591336, 78591340, 78591384, 78632766, 78632776, 78632778, 79721509, 79721610, 79721740, 80409523, 80409525]","[78591330, 79556672, 79721630, 80409532]",78632782.0,20260812
Calb1,4,93,0.7065989971160889,1295040,"[71717640, 78591326, 78591328, 78591332, 78591336, 78591338, 78591340, 78591342, 78632766, 78632780, 79556672, 79709470, 79721509, 79721630, 80409525]","[78591334, 78632778, 79721740, 80409523]",78632782.0,20260812
Calb1,4,94,0.7450273036956787,1295040,"[71717640, 78591326, 78591330, 78591332, 78591334, 78591336, 78591338, 78632776, 78632778, 78632780, 79709470, 79721610, 79721630, 80409523, 80409525]","[78591328, 78591342, 78632766, 79721740]",78632782.0,20260812
Calb1,4,95,0.7177791595458984,1295040,"[71717640, 78591326, 78591328, 78591330, 78591334, 78591336, 78591338, 78591342, 78632766, 78632776, 79721630, 79721740, 80409525, 80409527, 80409532]","[78632778, 78632780, 79709470, 79721610]",78632782.0,20260812
Calb1,4,96,0.7363965511322021,1295040,"[78591328, 78591330, 78591338, 78591340, 78591384, 78632766, 78632776, 78632778, 79556672, 79709470, 79721610, 79721630, 79721740, 80409523, 80409525]","[78591326, 78591334, 79721509, 80409532]",78632782.0,20260812
Calb1,4,97,0.7453716397285461,1295040,"[78591326, 78591328, 78591330, 78591332, 78591336, 78591342, 78591384, 78632776, 78632778, 79709470, 79721509, 79721630, 79721740, 80409527, 80409532]","[78591338, 78632780, 79556672, 80409525]",78632782.0,20260812
Calb1,4,98,0.7122918367385864,1295040,"[78591326, 78591328, 78591332, 78591334, 78591338, 78591384, 78632766, 78632778, 78632780, 79556672, 79709470, 79721509, 79721610, 79721740, 80409532]","[71717640, 78632776, 79721630, 80409523]",78632782.0,20260812
Calb1,4,99,0.7010266780853271,1295040,"[78591328, 78591336, 78591338, 78591342, 78591384, 78632766, 78632780, 79709470, 79721509, 79721610, 79721630, 79721740, 80409525, 80409527, 80409532]","[71717640, 78591330, 78632776, 78632778]",78632782.0,20260812
Calb1,5,0,0.7658287286758423,1295040,"[71717640, 78591326, 78591328, 78591332, 78591334, 78591342, 78591384, 78632766, 78632778, 78632780, 79556672, 79721509, 79721630, 79721740, 80409527]","[78591336, 78591338, 78632776, 80409523, 80409532]",78632782.0,20260812
Calb1,5,1,0.7370604872703552,1295040,"[71717640, 78591328, 78591332, 78591338, 78591342, 78591384, 78632766, 78632776, 78632778, 79709470, 79721509, 79721610, 80409523, 80409527, 80409532]","[78591326, 78591330, 78591336, 78632780, 80409525]",78632782.0,20260812
Calb1,5,2,0.7326384782791138,1295040,"[71717640, 78591328, 78591332, 78591336, 78591338, 78591384, 78632766, 78632778, 78632780, 79709470, 79721610, 80409523, 80409525, 80409527, 80409532]","[78591330, 78591334, 78591340, 79721630, 79721740]",78632782.0,20260812
Calb1,5,3,0.7449399828910828,1295040,"[71717640, 78591326, 78591330, 78591332, 78591334, 78591342, 78632766, 78632776, 78632778, 78632780, 79709470, 79721509, 79721630, 79721740, 80409527]","[78591328, 78591340, 80409523, 80409525, 80409532]",78632782.0,20260812
Calb1,5,4,0.7426964640617371,1295040,"[71717640, 78591326, 78591332, 78591336, 78591340, 78591342, 78591384, 78632776, 78632778, 78632780, 79709470, 79721630, 80409523, 80409525, 80409532]","[78591330, 78591338, 78632766, 79721509, 80409527]",78632782.0,20260812
Calb1,5,5,0.7708276510238647,1295040,"[71717640, 78591328, 78591330, 78591336, 78591338, 78591342, 78591384, 78632766, 78632776, 78632778, 78632780, 79709470, 79721610, 79721630, 80409523]","[78591326, 78591340, 79556672, 80409525, 80409532]",78632782.0,20260812
Calb1,5,6,0.7430819272994995,1295040,"[78591328, 78591332, 78591334, 78591336, 78591340, 78591342, 78591384, 78632766, 78632778, 78632780, 79721630, 79721740, 80409523, 80409527, 80409532]","[78591326, 78591330, 78591338, 78632776, 79556672]",78632782.0,20260812
Calb1,5,7,0.7771168947219849,1295040,"[71717640, 78591330, 78591334, 78591336, 78591338, 78591340, 78591342, 78591384, 78632776, 78632778, 79709470, 79721610, 79721630, 80409523, 80409527]","[78591326, 78591332, 79556672, 79721509, 80409525]",78632782.0,20260812
Calb1,5,8,0.7780044078826904,1295040,"[71717640, 78591328, 78591330, 78591334, 78591336, 78591340, 78591384, 78632776, 78632780, 79709470, 79721509, 79721610, 79721630, 80409525, 80409527]","[78591326, 78591338, 78632766, 79556672, 80409532]",78632782.0,20260812
Calb1,5,9,0.7625661492347717,1295040,"[78591326, 78591330, 78591332, 78591334, 78591338, 78591340, 78632766, 78632778, 78632780, 79556672, 79709470, 79721509, 79721630, 79721740, 80409525]","[71717640, 78591336, 78591384, 78632776, 79721610]",78632782.0,20260812
Calb1,5,10,0.7378281354904175,1295040,"[78591326, 78591328, 78591332, 78591334, 78591338, 78591340, 78632766, 78632776, 78632778, 79556672, 79709470, 79721509, 79721610, 79721630, 80409527]","[78632780, 79721740, 80409523, 80409525, 80409532]",78632782.0,20260812
Calb1,5,11,0.7376042604446411,1295040,"[71717640, 78591328, 78591332, 78591336, 78591342, 78591384, 78632766, 78632778, 78632780, 79556672, 79709470, 79721509, 80409523, 80409527, 80409532]","[78591326, 78632776, 79721610, 79721630, 79721740]",78632782.0,20260812
Calb1,5,12,0.7216976881027222,1295040,"[78591326, 78591330, 78591332, 78591334, 78591340, 78591342, 78632766, 78632776, 78632778, 79556672, 79709470, 79721610, 79721630, 80409523, 80409525]","[78591328, 78591384, 79721509, 79721740, 80409527]",78632782.0,20260812
Calb1,5,13,0.7349778413772583,1295040,"[71717640, 78591326, 78591330, 78591336, 78632766, 78632778, 78632780, 79556672, 79709470, 79721509, 79721610, 79721740, 80409523, 80409527, 80409532]","[78591328, 78591338, 78591384, 78632776, 80409525]",78632782.0,20260812
Calb1,5,14,0.7747683525085449,1295040,"[71717640, 78591326, 78591328, 78591330, 78591340, 78591342, 78591384, 78632766, 78632780, 79556672, 79721509, 79721610, 79721630, 80409525, 80409532]","[78591332, 78591334, 78591338, 80409523, 80409527]",78632782.0,20260812
Calb1,5,15,0.7626862525939941,1295040,"[71717640, 78591328, 78591330, 78591332, 78591334, 78591336, 78591338, 78591342, 78591384, 79556672, 79721509, 79721610, 80409523, 80409525, 80409532]","[78591340, 78632776, 78632778, 79709470, 79721740]",78632782.0,20260812
Calb1,5,16,0.7443143725395203,1295040,"[78591332, 78591334, 78591336, 78591338, 78591340, 78632776, 78632778, 79556672, 79709470, 79721509, 79721610, 79721740, 80409525, 80409527, 80409532]","[71717640, 78591326, 78591330, 78591342, 78591384]",78632782.0,20260812
Calb1,5,17,0.749966025352478,1295040,"[71717640, 78591326, 78591328, 78591332, 78591334, 78591336, 78591384, 78632766, 78632778, 79556672, 79709470, 79721610, 79721630, 79721740, 80409527]","[78591342, 78632780, 79721509, 80409525, 80409532]",78632782.0,20260812
Calb1,5,18,0.7273932695388794,1295040,"[71717640, 78591328, 78591332, 78591334, 78591336, 78591340, 78591384, 78632776, 78632778, 79709470, 79721509, 79721610, 79721740, 80409525, 80409527]","[78591330, 78632766, 79721630, 80409523, 80409532]",78632782.0,20260812
Calb1,5,19,0.7322579622268677,1295040,"[78591328, 78591332, 78591334, 78591338, 78591340, 78591342, 78632766, 78632776, 78632778, 79721610, 79721630, 80409523, 80409525, 80409527, 80409532]","[71717640, 78591326, 78591384, 79556672, 79709470]",78632782.0,20260812
Calb1,5,20,0.7859684228897095,1295040,"[71717640, 78591326, 78591328, 78591330, 78591342, 78591384, 78632776, 78632778, 78632780, 79556672, 79709470, 79721630, 80409523, 80409525, 80409527]","[78591332, 78591334, 78591336, 78632766, 80409532]",78632782.0,20260812
Calb1,5,21,0.7680606842041016,1295040,"[71717640, 78591332, 78591336, 78591340, 78591384, 78632766, 78632776, 78632778, 78632780, 79709470, 79721509, 79721630, 79721740, 80409525, 80409532]","[78591330, 78591334, 78591342, 79556672, 80409527]",78632782.0,20260812
Calb1,5,22,0.7678271532058716,1295040,"[78591326, 78591328, 78591330, 78591332, 78591336, 78591342, 78591384, 78632778, 79556672, 79709470, 79721610, 80409523, 80409525, 80409527, 80409532]","[78591334, 78591338, 78632776, 78632780, 79721509]",78632782.0,20260812
Calb1,5,23,0.7507649660110474,1295040,"[71717640, 78591328, 78591330, 78591334, 78632776, 78632778, 78632780, 79556672, 79709470, 79721509, 79721610, 79721630, 79721740, 80409527, 80409532]","[78591326, 78591338, 78591384, 78632766, 80409523]",78632782.0,20260812
Calb1,5,24,0.7487143874168396,1295040,"[78591326, 78591328, 78591330, 78591332, 78591338, 78591384, 78632766, 78632778, 78632780, 79709470, 79721630, 80409523, 80409525, 80409527, 80409532]","[78591334, 78632776, 79721509, 79721610, 79721740]",78632782.0,20260812
Calb1,5,25,0.7457506656646729,1295040,"[78591326, 78591330, 78591332, 78591334, 78591336, 78591338, 78591340, 78591342, 78591384, 78632766, 78632776, 79556672, 79709470, 79721610, 80409532]","[78591328, 79721509, 80409523, 80409525, 80409527]",78632782.0,20260812
Calb1,5,26,0.7556965351104736,1295040,"[71717640, 78591332, 78591334, 78591336, 78591338, 78591384, 78632766, 78632776, 78632780, 79556672, 79709470, 79721509, 79721630, 79721740, 80409527]","[78591328, 78591342, 78632778, 79721610, 80409525]",78632782.0,20260812
Calb1,5,27,0.7339915037155151,1295040,"[71717640, 78591326, 78591332, 78591334, 78591342, 78591384, 78632780, 79556672, 79709470, 79721610, 79721630, 79721740, 80409523, 80409525, 80409532]","[78591328, 78591330, 78591336, 78632766, 79721509]",78632782.0,20260812
Calb1,5,28,0.7540398836135864,1295040,"[71717640, 78591328, 78591334, 78591340, 78591342, 78632766, 78632778, 78632780, 79556672, 79709470, 79721610, 79721630, 79721740, 80409523, 80409525]","[78591326, 78591330, 78591332, 79721509, 80409527]",78632782.0,20260812
Calb1,5,29,0.7473289966583252,1295040,"[71717640, 78591330, 78591332, 78591334, 78591336, 78591338, 78591342, 78632766, 78632778, 78632780, 79556672, 79709470, 80409523, 80409527, 80409532]","[78591326, 78591328, 78632776, 79721509, 79721740]",78632782.0,20260812
Calb1,5,30,0.770627498626709,1295040,"[78591326, 78591332, 78591342, 78591384, 78632766, 78632780, 79556672, 79709470, 79721509, 79721610, 79721630, 79721740, 80409523, 80409525, 80409532]","[78591334, 78591338, 78591340, 78632776, 80409527]",78632782.0,20260812
Calb1,5,31,0.7448626160621643,1295040,"[71717640, 78591326, 78591328, 78591330, 78591336, 78591340, 78591384, 78632766, 78632776, 78632778, 78632780, 79709470, 79721509, 79721610, 80409527]","[78591332, 79556672, 79721740, 80409523, 80409532]",78632782.0,20260812
Calb1,5,32,0.7511246204376221,1295040,"[71717640, 78591326, 78591328, 78591330, 78591332, 78591336, 78591340, 78632766, 78632776, 79556672, 79721610, 79721630, 79721740, 80409523, 80409525]","[78591334, 78591342, 78591384, 78632778, 79721509]",78632782.0,20260812
Calb1,5,33,0.7494388222694397,1295040,"[71717640, 78591326, 78591328, 78591336, 78591340, 78591384, 78632766, 78632776, 78632778, 79709470, 79721509, 79721610, 80409523, 80409525, 80409532]","[78591330, 78591334, 78591342, 78632780, 79556672]",78632782.0,20260812
Calb1,5,34,0.7619090676307678,1295040,"[78591326, 78591340, 78591342, 78591384, 78632766, 78632776, 78632778, 78632780, 79709470, 79721509, 79721610, 79721740, 80409523, 80409525, 80409527]","[78591328, 78591336, 78591338, 79556672, 79721630]",78632782.0,20260812
Calb1,5,35,0.732138991355896,1295040,"[78591328, 78591330, 78591332, 78591336, 78591338, 78591340, 78591342, 78632766, 78632780, 79709470, 79721610, 79721630, 79721740, 80409525, 80409532]","[71717640, 78591334, 78591384, 80409523, 80409527]",78632782.0,20260812
Calb1,5,36,0.7420843839645386,1295040,"[71717640, 78591326, 78591328, 78591336, 78591338, 78591340, 78591342, 78632776, 78632778, 79556672, 79721509, 79721610, 79721630, 80409523, 80409527]","[78591330, 78591334, 78632780, 79709470, 79721740]",78632782.0,20260812
Calb1,5,37,0.729193389415741,1295040,"[78591326, 78591332, 78591334, 78591384, 78632766, 78632776, 79556672, 79709470, 79721509, 79721610, 79721630, 79721740, 80409523, 80409525, 80409527]","[78591328, 78591330, 78591340, 78632780, 80409532]",78632782.0,20260812
Calb1,5,38,0.7754320502281189,1295040,"[71717640, 78591328, 78591334, 78591342, 78591384, 78632776, 78632778, 79556672, 79709470, 79721509, 79721610, 79721630, 79721740, 80409523, 80409527]","[78591332, 78591338, 78591340, 78632780, 80409532]",78632782.0,20260812
Calb1,5,39,0.7553106546401978,1295040,"[78591326, 78591328, 78591330, 78591336, 78591342, 78591384, 78632766, 78632776, 78632778, 78632780, 79556672, 79721610, 79721630, 80409525, 80409532]","[78591332, 78591334, 79721740, 80409523, 80409527]",78632782.0,20260812
Calb1,5,40,0.7529511451721191,1295040,"[71717640, 78591330, 78591332, 78591334, 78591336, 78591338, 78632766, 78632778, 79556672, 79721509, 79721610, 79721630, 79721740, 80409523, 80409532]","[78591384, 78632776, 78632780, 79709470, 80409525]",78632782.0,20260812
Calb1,5,41,0.7563782930374146,1295040,"[78591326, 78591328, 78591332, 78591338, 78591342, 78632766, 78632776, 78632780, 79556672, 79721509, 79721610, 79721630, 80409523, 80409525, 80409532]","[78591330, 78591334, 78591336, 79709470, 80409527]",78632782.0,20260812
Calb1,5,42,0.7450262904167175,1295040,"[71717640, 78591326, 78591332, 78591334, 78591342, 78591384, 78632778, 78632780, 79709470, 79721509, 79721610, 79721630, 79721740, 80409523, 80409527]","[78591330, 78591336, 78632776, 79556672, 80409532]",78632782.0,20260812
Calb1,5,43,0.7501038908958435,1295040,"[71717640, 78591328, 78591334, 78591338, 78591384, 78632778, 78632780, 79556672, 79709470, 79721509, 79721610, 79721740, 80409523, 80409525, 80409532]","[78591330, 78591336, 78591340, 78591342, 78632766]",78632782.0,20260812
Calb1,5,44,0.7793912887573242,1295040,"[71717640, 78591326, 78591330, 78591336, 78591338, 78591340, 78591342, 78591384, 78632766, 78632776, 78632780, 79721509, 79721610, 80409523, 80409527]","[78591328, 78591332, 78591334, 79709470, 80409525]",78632782.0,20260812
Calb1,5,45,0.77869713306427,1295040,"[71717640, 78591326, 78591330, 78591332, 78591338, 78591340, 78591342, 78591384, 78632766, 79721509, 79721610, 79721630, 79721740, 80409527, 80409532]","[78591334, 78591336, 78632778, 79556672, 80409523]",78632782.0,20260812
Calb1,5,46,0.7739465236663818,1295040,"[78591332, 78591334, 78591336, 78591338, 78591340, 78591384, 78632766, 78632778, 78632780, 79709470, 79721630, 79721740, 80409523, 80409525, 80409527]","[78591342, 79556672, 79721509, 79721610, 80409532]",78632782.0,20260812
Calb1,5,47,0.7369122505187988,1295040,"[71717640, 78591326, 78591328, 78591330, 78591334, 78591336, 78591338, 78591342, 78591384, 78632766, 78632776, 78632780, 79556672, 79721740, 80409532]","[78591340, 79709470, 79721610, 79721630, 80409527]",78632782.0,20260812
Calb1,5,48,0.7470963597297668,1295040,"[71717640, 78591326, 78591328, 78591332, 78591334, 78591336, 78591338, 78591384, 78632776, 78632778, 78632780, 79556672, 79721509, 79721630, 79721740]","[78591340, 79709470, 80409525, 80409527, 80409532]",78632782.0,20260812
Calb1,5,49,0.7548645734786987,1295040,"[71717640, 78591328, 78591330, 78591334, 78591336, 78591340, 78591342, 78632776, 79556672, 79721509, 79721630, 79721740, 80409525, 80409527, 80409532]","[78591338, 78591384, 78632780, 79721610, 80409523]",78632782.0,20260812
Calb1,5,50,0.7568041682243347,1295040,"[78591326, 78591330, 78591332, 78591334, 78591336, 78591384, 78632766, 78632776, 78632778, 78632780, 79556672, 79721630, 80409523, 80409525, 80409532]","[71717640, 78591328, 78591338, 78591342, 79721610]",78632782.0,20260812
Calb1,5,51,0.7599331140518188,1295040,"[78591328, 78591330, 78591332, 78591334, 78591336, 78591340, 78591342, 78632766, 78632778, 78632780, 79709470, 79721509, 79721630, 80409523, 80409525]","[78591326, 78591338, 78632776, 79721610, 80409532]",78632782.0,20260812
Calb1,5,52,0.7475335597991943,1295040,"[78591328, 78591330, 78591334, 78591336, 78591338, 78591340, 78591342, 78591384, 78632766, 78632778, 78632780, 79709470, 79721610, 80409525, 80409532]","[71717640, 78591326, 78632776, 79721740, 80409527]",78632782.0,20260812
Calb1,5,53,0.775101900100708,1295040,"[78591328, 78591334, 78591336, 78591340, 78591342, 78632766, 78632780, 79556672, 79709470, 79721509, 79721610, 79721740, 80409525, 80409527, 80409532]","[78591326, 78591332, 78591384, 78632778, 80409523]",78632782.0,20260812
Calb1,5,54,0.7416036128997803,1295040,"[71717640, 78591326, 78591332, 78591334, 78591336, 78591340, 78591342, 78591384, 78632766, 79709470, 79721509, 79721610, 79721630, 80409525, 80409527]","[78632776, 79556672, 79721740, 80409523, 80409532]",78632782.0,20260812
Calb1,5,55,0.7539703845977783,1295040,"[71717640, 78591326, 78591334, 78591336, 78591338, 78591384, 78632766, 78632776, 78632778, 79556672, 79721610, 79721630, 79721740, 80409525, 80409532]","[78591328, 78591332, 78632780, 79721509, 80409527]",78632782.0,20260812
Calb1,5,56,0.7541282176971436,1295040,"[78591330, 78591336, 78591338, 78591340, 78591342, 78632766, 78632776, 78632778, 78632780, 79721509, 79721610, 80409523, 80409525, 80409527, 80409532]","[71717640, 78591332, 78591334, 79721630, 79721740]",78632782.0,20260812
Calb1,5,57,0.7568904757499695,1295040,"[71717640, 78591328, 78591330, 78591332, 78591334, 78591336, 78591340, 78591342, 78591384, 78632766, 79556672, 79721630, 79721740, 80409523, 80409527]","[78591338, 78632776, 78632780, 80409525, 80409532]",78632782.0,20260812
Calb1,5,58,0.7222005128860474,1295040,"[71717640, 78591328, 78591332, 78591338, 78591340, 78591384, 78632766, 78632778, 78632780, 79556672, 79709470, 79721509, 80409523, 80409527, 80409532]","[78591330, 78632776, 79721630, 79721740, 80409525]",78632782.0,20260812
Calb1,5,59,0.7635249495506287,1295040,"[71717640, 78591326, 78591328, 78591330, 78591332, 78591334, 78591338, 78591340, 78632766, 78632778, 78632780, 79556672, 79709470, 79721740, 80409527]","[78591336, 78591384, 79721509, 80409525, 80409532]",78632782.0,20260812
Calb1,5,60,0.7555105686187744,1295040,"[71717640, 78591328, 78591334, 78591338, 78591340, 78591384, 78632766, 78632778, 78632780, 79556672, 79709470, 79721610, 79721630, 80409525, 80409527]","[78591326, 78591342, 78632776, 79721509, 79721740]",78632782.0,20260812
Calb1,5,61,0.7545832395553589,1295040,"[71717640, 78591330, 78591334, 78591338, 78591340, 78591342, 78632766, 78632776, 79556672, 79709470, 79721610, 79721630, 79721740, 80409523, 80409527]","[78591326, 78591328, 78632780, 79721509, 80409525]",78632782.0,20260812
Calb1,5,62,0.7554968595504761,1295040,"[78591326, 78591328, 78591330, 78591332, 78591334, 78591336, 78591340, 78591384, 78632780, 79709470, 79721509, 79721610, 79721740, 80409527, 80409532]","[71717640, 78591342, 79556672, 79721630, 80409525]",78632782.0,20260812
Calb1,5,63,0.7432181239128113,1295040,"[78591326, 78591328, 78591330, 78591332, 78591338, 78591340, 78632766, 78632776, 78632780, 79709470, 79721509, 79721610, 79721630, 80409527, 80409532]","[78591342, 78591384, 79721740, 80409523, 80409525]",78632782.0,20260812
Calb1,5,64,0.7238979339599609,1295040,"[71717640, 78591328, 78591332, 78591336, 78591338, 78632766, 78632776, 78632778, 79556672, 79709470, 79721509, 79721740, 80409523, 80409525, 80409527]","[78591330, 78591334, 78591342, 78591384, 79721630]",78632782.0,20260812
Calb1,5,65,0.7586790919303894,1295040,"[71717640, 78591326, 78591328, 78591330, 78591334, 78591342, 78632778, 78632780, 79556672, 79721509, 79721630, 79721740, 80409523, 80409527, 80409532]","[78591338, 78632766, 79709470, 79721610, 80409525]",78632782.0,20260812
Calb1,5,66,0.7752488851547241,1295040,"[78591326, 78591328, 78591330, 78591334, 78591340, 78591342, 78632766, 78632778, 78632780, 79556672, 79721610, 79721630, 79721740, 80409523, 80409525]","[78591332, 78591338, 78632776, 79709470, 80409532]",78632782.0,20260812
Calb1,5,67,0.7648653388023376,1295040,"[78591330, 78591334, 78591340, 78591342, 78591384, 78632766, 78632776, 78632778, 79556672, 79709470, 79721630, 79721740, 80409523, 80409525, 80409532]","[78591328, 78591332, 78591336, 78632780, 80409527]",78632782.0,20260812
Calb1,5,68,0.7474887371063232,1295040,"[78591326, 78591328, 78591330, 78591336, 78591340, 78591342, 78632766, 78632778, 79556672, 79709470, 79721509, 79721610, 80409523, 80409525, 80409527]","[71717640, 78591334, 78632776, 78632780, 80409532]",78632782.0,20260812
Calb1,5,69,0.7407212257385254,1295040,"[71717640, 78591326, 78591328, 78591330, 78591332, 78591334, 78591336, 78591340, 78591342, 78591384, 78632766, 79556672, 79721509, 80409523, 80409527]","[78632780, 79709470, 79721610, 80409525, 80409532]",78632782.0,20260812
Calb1,5,70,0.7662014365196228,1295040,"[71717640, 78591326, 78591328, 78591330, 78591332, 78591334, 78591340, 78591342, 78632776, 78632778, 78632780, 79721509, 79721610, 80409525, 80409532]","[78591338, 78591384, 78632766, 79556672, 79721630]",78632782.0,20260812
Calb1,5,71,0.7340693473815918,1295040,"[71717640, 78591330, 78591332, 78591334, 78591340, 78591342, 78591384, 78632766, 78632778, 79556672, 79721610, 79721630, 79721740, 80409525, 80409527]","[78591328, 78591338, 78632780, 79721509, 80409523]",78632782.0,20260812
Calb1,5,72,0.768850564956665,1295040,"[78591326, 78591330, 78591332, 78591334, 78591336, 78591338, 78591342, 78591384, 78632766, 78632778, 79721509, 79721610, 79721630, 80409523, 80409527]","[71717640, 78591328, 78591340, 79556672, 79721740]",78632782.0,20260812
Calb1,5,73,0.7459010481834412,1295040,"[71717640, 78591326, 78591330, 78591332, 78591334, 78591338, 78591340, 78591384, 78632780, 79556672, 79721509, 79721630, 80409525, 80409527, 80409532]","[78591328, 78632766, 78632776, 79709470, 80409523]",78632782.0,20260812
Calb1,5,74,0.7539821267127991,1295040,"[78591328, 78591330, 78591332, 78591334, 78591338, 78591340, 78591384, 78632776, 78632778, 78632780, 79556672, 79709470, 79721610, 79721740, 80409532]","[71717640, 78591326, 78591342, 79721509, 80409523]",78632782.0,20260812
Calb1,5,75,0.7754650115966797,1295040,"[78591326, 78591328, 78591330, 78591332, 78591334, 78591336, 78591384, 79556672, 79709470, 79721509, 79721610, 79721740, 80409523, 80409525, 80409527]","[71717640, 78591338, 78591342, 78632766, 78632778]",78632782.0,20260812
Calb1,5,76,0.7530748844146729,1295040,"[71717640, 78591330, 78591332, 78591334, 78591336, 78591340, 78591342, 78591384, 79556672, 79721509, 79721610, 79721740, 80409523, 80409527, 80409532]","[78591326, 78591338, 78632766, 79709470, 79721630]",78632782.0,20260812
Calb1,5,77,0.7694066166877747,1295040,"[78591326, 78591328, 78591330, 78591332, 78591334, 78591340, 78591384, 78632766, 78632778, 79556672, 79709470, 79721509, 79721630, 79721740, 80409527]","[71717640, 78591338, 78591342, 80409523, 80409525]",78632782.0,20260812
Calb1,5,78,0.7494782209396362,1295040,"[78591328, 78591330, 78591334, 78591338, 78591340, 78591342, 78632766, 78632776, 78632778, 79709470, 79721509, 79721610, 79721630, 80409525, 80409532]","[71717640, 79556672, 79721740, 80409523, 80409527]",78632782.0,20260812
Calb1,5,79,0.7427815794944763,1295040,"[71717640, 78591328, 78591330, 78591332, 78591334, 78591336, 78591338, 78591340, 78591342, 78591384, 78632766, 79556672, 79709470, 79721610, 80409523]","[78632778, 78632780, 79721509, 79721630, 79721740]",78632782.0,20260812
Calb1,5,80,0.7298301458358765,1295040,"[71717640, 78591326, 78591332, 78591336, 78591338, 78591340, 78632766, 78632776, 78632778, 79556672, 79709470, 79721509, 79721610, 79721630, 80409532]","[78591330, 78591342, 78591384, 79721740, 80409525]",78632782.0,20260812
Calb1,5,81,0.7178149223327637,1295040,"[78591326, 78591332, 78591334, 78591336, 78591340, 78591342, 78632766, 78632776, 78632778, 78632780, 79556672, 79709470, 79721509, 79721610, 80409532]","[71717640, 78591330, 78591384, 79721630, 80409527]",78632782.0,20260812
Calb1,5,82,0.7485616207122803,1295040,"[71717640, 78591328, 78591330, 78591338, 78591340, 78591342, 78632766, 78632778, 78632780, 79721509, 79721610, 79721740, 80409525, 80409527, 80409532]","[78591326, 78591334, 78591384, 79556672, 80409523]",78632782.0,20260812
Calb1,5,83,0.7486304640769958,1295040,"[71717640, 78591328, 78591330, 78591334, 78591336, 78591338, 78591342, 78591384, 78632766, 78632776, 78632780, 79709470, 79721630, 79721740, 80409527]","[78591332, 78632778, 79721610, 80409523, 80409525]",78632782.0,20260812
Calb1,5,84,0.7531878352165222,1295040,"[71717640, 78591326, 78591328, 78591334, 78591336, 78591340, 78591384, 78632766, 78632776, 78632778, 79709470, 79721610, 79721630, 79721740, 80409527]","[78591332, 78632780, 79556672, 79721509, 80409532]",78632782.0,20260812
Calb1,5,85,0.7438036799430847,1295040,"[78591326, 78591328, 78591332, 78591334, 78591336, 78591338, 78591340, 78591342, 78591384, 78632766, 78632778, 79556672, 79721610, 79721740, 80409532]","[78591330, 78632780, 79709470, 79721509, 80409527]",78632782.0,20260812
Calb1,5,86,0.7361228466033936,1295040,"[71717640, 78591326, 78591328, 78591330, 78591334, 78591338, 78591340, 78591384, 78632776, 79721610, 79721740, 80409523, 80409525, 80409527, 80409532]","[78591332, 78591342, 78632766, 79556672, 79709470]",78632782.0,20260812
Calb1,5,87,0.7616504430770874,1295040,"[78591326, 78591328, 78591330, 78591332, 78591334, 78591336, 78591384, 78632780, 79556672, 79721509, 79721630, 79721740, 80409523, 80409527, 80409532]","[78591338, 78591340, 78632766, 79721610, 80409525]",78632782.0,20260812
Calb1,5,88,0.7587193250656128,1295040,"[71717640, 78591326, 78591334, 78591336, 78591340, 78591384, 78632780, 79556672, 79709470, 79721610, 79721630, 79721740, 80409525, 80409527, 80409532]","[78591342, 78632766, 78632776, 78632778, 80409523]",78632782.0,20260812
Calb1,5,89,0.7763776779174805,1295040,"[78591326, 78591328, 78591330, 78591332, 78591334, 78591338, 78591384, 78632766, 79556672, 79709470, 79721509, 79721610, 79721630, 79721740, 80409523]","[71717640, 78591336, 78591340, 78591342, 80409527]",78632782.0,20260812
Calb1,5,90,0.712944507598877,1295040,"[71717640, 78591326, 78591330, 78591332, 78591336, 78591338, 78591342, 78632766, 78632780, 79556672, 79709470, 79721630, 80409523, 80409527, 80409532]","[78591328, 78591384, 78632776, 79721610, 79721740]",78632782.0,20260812
Calb1,5,91,0.7682760953903198,1295040,"[78591328, 78591330, 78591332, 78591338, 78591340, 78591342, 78632766, 79556672, 79709470, 79721509, 79721610, 79721630, 80409525, 80409527, 80409532]","[71717640, 78591334, 78591336, 78632780, 80409523]",78632782.0,20260812
Calb1,5,92,0.7666406631469727,1295040,"[71717640, 78591326, 78591328, 78591334, 78591338, 78591342, 78632776, 78632780, 79556672, 79709470, 79721509, 79721630, 79721740, 80409525, 80409532]","[78591330, 78591332, 78591336, 78632778, 80409527]",78632782.0,20260812
Calb1,5,93,0.7600005865097046,1295040,"[78591334, 78591336, 78591384, 78632766, 78632776, 78632778, 78632780, 79556672, 79709470, 79721509, 79721610, 79721630, 79721740, 80409523, 80409532]","[78591330, 78591332, 78591338, 78591340, 80409525]",78632782.0,20260812
Calb1,5,94,0.737823486328125,1295040,"[71717640, 78591330, 78591332, 78591336, 78591338, 78591340, 78591342, 78632778, 79556672, 79709470, 79721509, 79721610, 79721630, 79721740, 80409532]","[78591328, 78591384, 78632776, 78632780, 80409527]",78632782.0,20260812
Calb1,5,95,0.7681455612182617,1295040,"[78591330, 78591332, 78591336, 78591338, 78591342, 78591384, 78632776, 78632778, 78632780, 79556672, 79721509, 79721740, 80409523, 80409527, 80409532]","[78591326, 78591334, 78632766, 79721630, 80409525]",78632782.0,20260812
Calb1,5,96,0.7752028703689575,1295040,"[71717640, 78591326, 78591330, 78591332, 78591334, 78591340, 78632766, 78632778, 78632780, 79556672, 79721509, 79721610, 79721630, 80409525, 80409527]","[78591336, 78591342, 78591384, 79709470, 80409523]",78632782.0,20260812
Calb1,5,97,0.7393657565116882,1295040,"[71717640, 78591326, 78591328, 78591334, 78591342, 78591384, 78632766, 78632778, 78632780, 79556672, 79721610, 79721740, 80409523, 80409525, 80409532]","[78591330, 78591338, 78591340, 79721630, 80409527]",78632782.0,20260812
Calb1,5,98,0.7622474431991577,1295040,"[78591332, 78591334, 78591336, 78591338, 78591384, 78632766, 78632780, 79556672, 79709470, 79721509, 79721610, 79721630, 79721740, 80409525, 80409527]","[71717640, 78591340, 78632776, 78632778, 80409523]",78632782.0,20260812
Calb1,5,99,0.7723140120506287,1295040,"[71717640, 78591326, 78591332, 78591338, 78632766, 78632778, 78632780, 79556672, 79709470, 79721509, 79721630, 80409523, 80409525, 80409527, 80409532]","[78591328, 78591334, 78591336, 78632776, 79721740]",78632782.0,20260812
Calb1,6,0,0.7693390846252441,1295040,"[71717640, 78591326, 78591328, 78591330, 78591332, 78591340, 78591342, 78632766, 78632776, 78632778, 79709470, 79721509, 79721740, 80409523, 80409527]","[78591336, 78591384, 78632780, 79721610, 79721630, 80409532]",78632782.0,20260812
Calb1,6,1,0.7733200788497925,1295040,"[78591326, 78591328, 78591330, 78591332, 78591336, 78591338, 78632766, 78632776, 78632778, 78632780, 79709470, 79721509, 79721630, 80409525, 80409532]","[71717640, 78591334, 78591342, 78591384, 79556672, 79721740]",78632782.0,20260812
Calb1,6,2,0.7667295932769775,1295040,"[78591326, 78591328, 78591334, 78591336, 78591338, 78591384, 78632766, 78632776, 78632778, 78632780, 79556672, 79721610, 79721630, 79721740, 80409527]","[71717640, 78591332, 78591342, 80409523, 80409525, 80409532]",78632782.0,20260812
Calb1,6,3,0.7751197218894958,1295040,"[78591328, 78591330, 78591336, 78591338, 78591342, 78591384, 78632776, 78632778, 79709470, 79721509, 79721610, 79721740, 80409525, 80409527, 80409532]","[71717640, 78591332, 78632766, 78632780, 79556672, 80409523]",78632782.0,20260812
Calb1,6,4,0.7750841379165649,1295040,"[71717640, 78591330, 78591334, 78591338, 78591340, 78591342, 78591384, 78632776, 78632780, 79721509, 79721610, 79721630, 79721740, 80409525, 80409527]","[78591326, 78591332, 78591336, 78632766, 78632778, 79556672]",78632782.0,20260812
Calb1,6,5,0.7842564582824707,1295040,"[71717640, 78591330, 78591332, 78591334, 78591336, 78591338, 78591384, 78632766, 78632778, 78632780, 79556672, 79709470, 79721610, 80409525, 80409527]","[78591326, 78591328, 78591342, 78632776, 79721509, 79721740]",78632782.0,20260812
Calb1,6,6,0.7745764255523682,1295040,"[71717640, 78591328, 78591330, 78591332, 78591334, 78591336, 78591338, 78591340, 78632766, 78632776, 79556672, 79721509, 79721610, 80409523, 80409532]","[78591326, 78632778, 78632780, 79709470, 79721630, 80409527]",78632782.0,20260812
Calb1,6,7,0.7975196838378906,1295040,"[71717640, 78591326, 78591330, 78591332, 78591334, 78591338, 78632766, 78632776, 78632778, 78632780, 79556672, 79721509, 79721610, 80409525, 80409532]","[78591336, 78591340, 78591342, 79721630, 79721740, 80409527]",78632782.0,20260812
Calb1,6,8,0.7382340431213379,1295040,"[71717640, 78591328, 78591332, 78591336, 78591338, 78591340, 78591342, 78632766, 78632780, 79556672, 79709470, 79721509, 79721630, 79721740, 80409527]","[78591330, 78591334, 78591384, 78632776, 80409525, 80409532]",78632782.0,20260812
Calb1,6,9,0.7807948589324951,1295040,"[78591330, 78591332, 78591338, 78591342, 78591384, 78632766, 78632778, 78632780, 79709470, 79721509, 79721610, 79721630, 79721740, 80409527, 80409532]","[78591328, 78591334, 78591340, 78632776, 80409523, 80409525]",78632782.0,20260812
Calb1,6,10,0.7776183485984802,1295040,"[78591326, 78591328, 78591336, 78591338, 78591340, 78591342, 78591384, 78632776, 78632778, 78632780, 79556672, 79721509, 79721610, 80409525, 80409532]","[71717640, 78591332, 78632766, 79721630, 79721740, 80409523]",78632782.0,20260812
Calb1,6,11,0.77684485912323,1295040,"[78591330, 78591334, 78591336, 78591342, 78591384, 78632766, 78632776, 79556672, 79709470, 79721509, 79721610, 80409523, 80409525, 80409527, 80409532]","[71717640, 78591328, 78591332, 78591338, 78632778, 79721630]",78632782.0,20260812
Calb1,6,12,0.7878541946411133,1295040,"[71717640, 78591326, 78591330, 78591332, 78591334, 78591336, 78591340, 78632766, 78632776, 78632778, 79709470, 79721740, 80409523, 80409527, 80409532]","[78591338, 78591342, 78591384, 79556672, 79721610, 79721630]",78632782.0,20260812
Calb1,6,13,0.7408921718597412,1295040,"[71717640, 78591326, 78591328, 78591332, 78591342, 78632766, 78632776, 78632780, 79556672, 79709470, 79721610, 79721630, 79721740, 80409525, 80409532]","[78591330, 78591334, 78591384, 79721509, 80409523, 80409527]",78632782.0,20260812
Calb1,6,14,0.7792431116104126,1295040,"[71717640, 78591326, 78591328, 78591330, 78591334, 78591336, 78591340, 78591384, 78632778, 79556672, 79721610, 79721630, 79721740, 80409525, 80409527]","[78591338, 78591342, 78632766, 79709470, 79721509, 80409523]",78632782.0,20260812
Calb1,6,15,0.7765591144561768,1295040,"[71717640, 78591332, 78591336, 78591338, 78591340, 78591342, 78632776, 78632778, 78632780, 79556672, 79721509, 79721610, 79721630, 80409525, 80409532]","[78591328, 78591334, 78632766, 79721740, 80409523, 80409527]",78632782.0,20260812
Calb1,6,16,0.786707878112793,1295040,"[71717640, 78591326, 78591330, 78591332, 78591334, 78591336, 78591342, 78591384, 78632776, 78632778, 79721509, 79721630, 79721740, 80409525, 80409527]","[78591338, 78591340, 78632766, 78632780, 79709470, 79721610]",78632782.0,20260812
Calb1,6,17,0.7697008848190308,1295040,"[71717640, 78591326, 78591328, 78591330, 78591336, 78591338, 78591340, 78591342, 78632776, 78632778, 79721610, 79721630, 79721740, 80409525, 80409527]","[78591332, 78591384, 78632766, 78632780, 79721509, 80409532]",78632782.0,20260812
Calb1,6,18,0.7740317583084106,1295040,"[78591326, 78591330, 78591332, 78591338, 78591340, 78591342, 78632776, 78632780, 79721509, 79721610, 79721740, 80409523, 80409525, 80409527, 80409532]","[78591328, 78591336, 78591384, 78632766, 78632778, 79709470]",78632782.0,20260812
Calb1,6,19,0.7618616819381714,1295040,"[71717640, 78591328, 78591336, 78591342, 78591384, 78632766, 78632776, 78632778, 78632780, 79709470, 79721509, 79721630, 80409523, 80409525, 80409527]","[78591326, 78591330, 79556672, 79721610, 79721740, 80409532]",78632782.0,20260812
Calb1,6,20,0.7831810712814331,1295040,"[71717640, 78591328, 78591330, 78591334, 78591338, 78591340, 78591342, 78591384, 78632766, 78632778, 78632780, 79709470, 79721630, 79721740, 80409523]","[78591326, 78591332, 78591336, 78632776, 79556672, 80409527]",78632782.0,20260812
Calb1,6,21,0.7920718789100647,1295040,"[71717640, 78591330, 78591336, 78591338, 78591340, 78591342, 78632766, 78632776, 78632778, 79709470, 79721630, 79721740, 80409523, 80409525, 80409532]","[78591326, 78591332, 78591334, 78632780, 79721610, 80409527]",78632782.0,20260812
Calb1,6,22,0.7694517374038696,1295040,"[78591326, 78591332, 78591336, 78591338, 78591384, 78632776, 78632778, 78632780, 79709470, 79721509, 79721610, 79721740, 80409523, 80409525, 80409527]","[78591328, 78591330, 78591340, 79556672, 79721630, 80409532]",78632782.0,20260812
Calb1,6,23,0.7836337685585022,1295040,"[71717640, 78591330, 78591332, 78591334, 78591336, 78591338, 78591340, 78591384, 78632776, 79556672, 79721610, 79721630, 80409525, 80409527, 80409532]","[78591342, 78632766, 78632780, 79709470, 79721740, 80409523]",78632782.0,20260812
Calb1,6,24,0.7797636985778809,1295040,"[71717640, 78591326, 78591330, 78591334, 78591340, 78632766, 78632776, 78632780, 79709470, 79721630, 79721740, 80409523, 80409525, 80409527, 80409532]","[78591328, 78591332, 78591338, 78632778, 79556672, 79721509]",78632782.0,20260812
Calb1,6,25,0.7527889013290405,1295040,"[71717640, 78591326, 78591328, 78591332, 78591338, 78591384, 78632766, 78632780, 79556672, 79709470, 79721509, 79721740, 80409523, 80409525, 80409527]","[78591330, 78591334, 78591340, 78632778, 79721610, 79721630]",78632782.0,20260812
Calb1,6,26,0.7720081210136414,1295040,"[78591326, 78591328, 78591330, 78591332, 78591336, 78591340, 78591342, 78591384, 78632766, 78632776, 78632780, 79709470, 79721509, 79721740, 80409523]","[78591334, 78591338, 79721610, 79721630, 80409525, 80409532]",78632782.0,20260812
Calb1,6,27,0.7834504246711731,1295040,"[78591326, 78591332, 78591334, 78591336, 78591338, 78591342, 78591384, 78632776, 78632780, 79721509, 79721610, 79721740, 80409525, 80409527, 80409532]","[78591328, 78591340, 78632766, 78632778, 79709470, 79721630]",78632782.0,20260812
Calb1,6,28,0.7996201515197754,1295040,"[71717640, 78591328, 78591332, 78591336, 78591338, 78591384, 78632780, 79556672, 79709470, 79721509, 79721610, 79721630, 80409525, 80409527, 80409532]","[78591326, 78591334, 78591340, 78591342, 78632766, 80409523]",78632782.0,20260812
Calb1,6,29,0.7755885720252991,1295040,"[78591326, 78591328, 78591330, 78591334, 78591340, 78591342, 78591384, 78632766, 78632776, 78632780, 79709470, 79721610, 79721630, 80409525, 80409527]","[78591338, 78632778, 79721509, 79721740, 80409523, 80409532]",78632782.0,20260812
Calb1,6,30,0.7685015797615051,1295040,"[71717640, 78591328, 78591334, 78591336, 78591338, 78591340, 78591342, 78591384, 78632780, 79721509, 79721610, 79721630, 80409523, 80409525, 80409532]","[78591326, 78591330, 78632766, 79556672, 79709470, 79721740]",78632782.0,20260812
Calb1,6,31,0.7768235206604004,1295040,"[78591326, 78591328, 78591330, 78591332, 78591336, 78591338, 78591342, 78632776, 78632778, 79556672, 79721509, 79721610, 79721740, 80409523, 80409532]","[71717640, 78591340, 78591384, 79709470, 79721630, 80409525]",78632782.0,20260812
Calb1,6,32,0.7837557792663574,1295040,"[71717640, 78591326, 78591328, 78591330, 78591334, 78591338, 78591384, 78632766, 78632776, 78632778, 79721509, 79721610, 79721740, 80409523, 80409525]","[78591336, 78591340, 78591342, 78632780, 79556672, 80409527]",78632782.0,20260812
Calb1,6,33,0.781491756439209,1295040,"[71717640, 78591328, 78591330, 78591332, 78591334, 78591338, 78591340, 78591342, 78632776, 78632778, 79709470, 79721509, 79721610, 79721740, 80409532]","[78591336, 78632766, 78632780, 79556672, 80409523, 80409527]",78632782.0,20260812
Calb1,6,34,0.7915270328521729,1295040,"[71717640, 78591328, 78591330, 78591336, 78591340, 78591342, 78591384, 78632776, 78632780, 79556672, 79721630, 80409523, 80409525, 80409527, 80409532]","[78591326, 78591334, 78591338, 79709470, 79721610, 79721740]",78632782.0,20260812
Calb1,6,35,0.7837430238723755,1295040,"[78591326, 78591332, 78591334, 78591336, 78591340, 78632766, 78632776, 78632778, 79556672, 79721610, 79721630, 80409523, 80409525, 80409527, 80409532]","[71717640, 78591338, 78591384, 78632780, 79709470, 79721740]",78632782.0,20260812
Calb1,6,36,0.7847760915756226,1295040,"[71717640, 78591330, 78591332, 78591336, 78591338, 78591340, 78591342, 78591384, 78632776, 78632778, 79721509, 79721630, 80409523, 80409527, 80409532]","[78591326, 78591328, 78632766, 78632780, 79721740, 80409525]",78632782.0,20260812
Calb1,6,37,0.7969015836715698,1295040,"[71717640, 78591326, 78591328, 78591330, 78591338, 78591342, 78632766, 78632778, 78632780, 79556672, 79721610, 79721630, 79721740, 80409527, 80409532]","[78591332, 78591334, 78591340, 78632776, 79709470, 79721509]",78632782.0,20260812
Calb1,6,38,0.7678959369659424,1295040,"[78591328, 78591330, 78591332, 78591334, 78591336, 78591338, 78591340, 78591342, 78591384, 78632778, 79721509, 80409523, 80409525, 80409527, 80409532]","[71717640, 78591326, 78632766, 78632776, 78632780, 79721610]",78632782.0,20260812
Calb1,6,39,0.7403863668441772,1295040,"[71717640, 78591326, 78591328, 78591332, 78591334, 78591336, 78591338, 78591342, 78632780, 79709470, 79721509, 79721630, 79721740, 80409523, 80409532]","[78591330, 78591340, 78591384, 78632766, 78632778, 79721610]",78632782.0,20260812
Calb1,6,40,0.7771292328834534,1295040,"[71717640, 78591326, 78591334, 78591336, 78591338, 78591340, 78591342, 78632766, 78632776, 78632778, 79556672, 79721509, 79721610, 79721630, 79721740]","[78591328, 78591330, 78591332, 79709470, 80409523, 80409532]",78632782.0,20260812
Calb1,6,41,0.7646535038948059,1295040,"[71717640, 78591328, 78591330, 78591334, 78591338, 78591384, 78632776, 78632778, 78632780, 79709470, 79721610, 79721740, 80409523, 80409525, 80409532]","[78591332, 78591340, 78591342, 78632766, 79721630, 80409527]",78632782.0,20260812
Calb1,6,42,0.7941932678222656,1295040,"[71717640, 78591328, 78591330, 78591332, 78591334, 78591342, 78591384, 78632766, 78632776, 78632778, 79556672, 79721509, 79721630, 79721740, 80409527]","[78591336, 78591338, 78591340, 78632780, 79709470, 80409525]",78632782.0,20260812
Calb1,6,43,0.7879758477210999,1295040,"[71717640, 78591326, 78591330, 78591332, 78591336, 78591338, 78591342, 78632766, 78632776, 78632780, 79556672, 79721610, 80409523, 80409527, 80409532]","[78591328, 78591334, 78591340, 79709470, 79721509, 79721630]",78632782.0,20260812
Calb1,6,44,0.7767372131347656,1295040,"[78591332, 78591334, 78591336, 78591384, 78632766, 78632776, 78632780, 79709470, 79721509, 79721610, 79721630, 79721740, 80409523, 80409527, 80409532]","[71717640, 78591326, 78591328, 78591342, 78632778, 80409525]",78632782.0,20260812
Calb1,6,45,0.787940263748169,1295040,"[71717640, 78591326, 78591328, 78591330, 78591332, 78591336, 78591338, 78591342, 78632776, 78632780, 79556672, 79721610, 79721740, 80409523, 80409532]","[78591334, 78632766, 78632778, 79709470, 79721509, 80409525]",78632782.0,20260812
Calb1,6,46,0.7810980081558228,1295040,"[71717640, 78591326, 78591328, 78591334, 78591336, 78591340, 78591342, 78632766, 78632778, 78632780, 79556672, 79721509, 79721630, 80409525, 80409532]","[78591330, 78591332, 78591338, 78591384, 78632776, 80409527]",78632782.0,20260812
Calb1,6,47,0.7597800493240356,1295040,"[71717640, 78591334, 78591338, 78591340, 78591342, 78591384, 78632766, 78632776, 78632780, 79709470, 79721610, 80409523, 80409525, 80409527, 80409532]","[78591326, 78591330, 79556672, 79721509, 79721630, 79721740]",78632782.0,20260812
Calb1,6,48,0.7695810794830322,1295040,"[71717640, 78591328, 78591330, 78591332, 78591340, 78591342, 78632766, 78632776, 78632778, 78632780, 79556672, 79709470, 79721509, 79721630, 80409527]","[78591326, 78591334, 78591336, 78591384, 80409525, 80409532]",78632782.0,20260812
Calb1,6,49,0.7855331897735596,1295040,"[71717640, 78591326, 78591328, 78591330, 78591334, 78591338, 78591340, 78591342, 78591384, 78632766, 78632776, 78632778, 78632780, 79721509, 80409523]","[78591332, 78591336, 79556672, 79721630, 79721740, 80409532]",78632782.0,20260812
Calb1,6,50,0.7749793529510498,1295040,"[71717640, 78591326, 78591328, 78591330, 78591338, 78591342, 78632766, 78632778, 78632780, 79721509, 79721630, 79721740, 80409523, 80409527, 80409532]","[78591334, 78591340, 78591384, 79556672, 79709470, 79721610]",78632782.0,20260812
Calb1,6,51,0.7870672941207886,1295040,"[78591328, 78591332, 78591336, 78591340, 78632766, 78632776, 78632780, 79556672, 79709470, 79721509, 79721610, 79721630, 79721740, 80409523, 80409525]","[78591334, 78591338, 78591342, 78591384, 78632778, 80409527]",78632782.0,20260812
Calb1,6,52,0.7534881830215454,1295040,"[78591326, 78591328, 78591330, 78591332, 78591334, 78591336, 78591338, 78591384, 78632766, 78632778, 79556672, 79709470, 79721509, 79721740, 80409525]","[71717640, 78632780, 79721610, 79721630, 80409523, 80409532]",78632782.0,20260812
Calb1,6,53,0.7536904215812683,1295040,"[71717640, 78591326, 78591334, 78591336, 78591340, 78591384, 78632776, 78632778, 78632780, 79556672, 79709470, 79721509, 79721610, 80409523, 80409525]","[78591330, 78591332, 78591338, 79721630, 80409527, 80409532]",78632782.0,20260812
Calb1,6,54,0.7743045687675476,1295040,"[78591326, 78591328, 78591332, 78591334, 78591336, 78591338, 78632766, 78632778, 78632780, 79709470, 79721630, 79721740, 80409523, 80409527, 80409532]","[71717640, 78591330, 78591342, 78591384, 79556672, 80409525]",78632782.0,20260812
Calb1,6,55,0.7726452946662903,1295040,"[71717640, 78591326, 78591330, 78591336, 78632766, 78632778, 78632780, 79556672, 79721509, 79721610, 79721630, 79721740, 80409523, 80409525, 80409527]","[78591328, 78591332, 78591334, 78591338, 78591384, 79709470]",78632782.0,20260812
Calb1,6,56,0.7808730602264404,1295040,"[71717640, 78591326, 78591330, 78591332, 78591334, 78591336, 78591342, 78632776, 78632778, 78632780, 79709470, 79721509, 79721610, 79721740, 80409532]","[78591328, 78591338, 78591340, 79556672, 79721630, 80409523]",78632782.0,20260812
Calb1,6,57,0.7756156921386719,1295040,"[78591326, 78591328, 78591332, 78591334, 78591336, 78591338, 78591340, 78591342, 78591384, 78632766, 78632776, 78632778, 79556672, 80409523, 80409532]","[78632780, 79709470, 79721509, 79721610, 79721630, 80409525]",78632782.0,20260812
Calb1,6,58,0.7862226963043213,1295040,"[71717640, 78591326, 78591328, 78591330, 78591332, 78591338, 78591340, 78591384, 78632766, 78632776, 79709470, 79721630, 79721740, 80409523, 80409527]","[78591336, 78591342, 78632780, 79721509, 79721610, 80409532]",78632782.0,20260812
Calb1,6,59,0.7852620482444763,1295040,"[71717640, 78591326, 78591330, 78591332, 78591334, 78591340, 78632766, 78632776, 79556672, 79709470, 79721610, 79721630, 80409523, 80409527, 80409532]","[78591336, 78591384, 78632778, 79721509, 79721740, 80409525]",78632782.0,20260812
Calb1,6,60,0.7791593074798584,1295040,"[71717640, 78591330, 78591332, 78591334, 78591338, 78591342, 78591384, 78632776, 78632778, 79556672, 79721610, 79721630, 80409525, 80409527, 80409532]","[78591326, 78591328, 78591340, 78632766, 78632780, 79709470]",78632782.0,20260812
Calb1,6,61,0.7804206013679504,1295040,"[78591328, 78591334, 78591336, 78591340, 78591342, 78632766, 78632776, 78632778, 78632780, 79709470, 79721610, 79721630, 79721740, 80409523, 80409527]","[78591330, 78591332, 78591384, 79556672, 79721509, 80409525]",78632782.0,20260812
Calb1,6,62,0.7648955583572388,1295040,"[71717640, 78591326, 78591330, 78591332, 78591338, 78591340, 78591342, 78632766, 78632776, 78632780, 79556672, 79721610, 79721630, 80409523, 80409525]","[78591328, 78591384, 78632778, 79709470, 79721509, 79721740]",78632782.0,20260812
Calb1,6,63,0.7532538175582886,1295040,"[71717640, 78591326, 78591330, 78591336, 78591340, 78632776, 78632780, 79556672, 79709470, 79721610, 79721630, 79721740, 80409525, 80409527, 80409532]","[78591328, 78591332, 78591338, 78591342, 78591384, 79721509]",78632782.0,20260812
Calb1,6,64,0.8010306358337402,1295040,"[71717640, 78591326, 78591330, 78591332, 78591342, 78591384, 78632776, 78632778, 79556672, 79709470, 79721509, 79721630, 80409523, 80409525, 80409527]","[78591334, 78591336, 78591340, 78632766, 78632780, 80409532]",78632782.0,20260812
Calb1,6,65,0.7781665325164795,1295040,"[71717640, 78591326, 78591328, 78591330, 78591332, 78591334, 78591338, 78591340, 78591342, 78632776, 78632780, 79721740, 80409523, 80409525, 80409527]","[78591384, 78632766, 79556672, 79721509, 79721630, 80409532]",78632782.0,20260812
Calb1,6,66,0.792785108089447,1295040,"[71717640, 78591326, 78591328, 78591330, 78591332, 78591334, 78591336, 78591384, 78632766, 78632776, 79709470, 79721610, 80409523, 80409525, 80409532]","[78591338, 78591340, 78591342, 78632780, 79721509, 79721740]",78632782.0,20260812
Calb1,6,67,0.7615566253662109,1295040,"[71717640, 78591326, 78591328, 78591330, 78591332, 78591338, 78591340, 78591342, 78591384, 78632766, 78632778, 79709470, 79721509, 79721740, 80409525]","[78591334, 78632776, 79556672, 79721630, 80409527, 80409532]",78632782.0,20260812
Calb1,6,68,0.7900099158287048,1295040,"[71717640, 78591326, 78591328, 78591330, 78591332, 78591334, 78591340, 78632766, 78632776, 78632778, 78632780, 79709470, 79721610, 79721630, 80409523]","[78591336, 78591338, 79721509, 80409525, 80409527, 80409532]",78632782.0,20260812
Calb1,6,69,0.780609130859375,1295040,"[78591328, 78591332, 78591336, 78591338, 78591340, 78591384, 78632766, 78632776, 78632778, 78632780, 79556672, 79721509, 79721610, 79721630, 80409527]","[78591326, 78591334, 79709470, 79721740, 80409523, 80409532]",78632782.0,20260812
Calb1,6,70,0.7842506170272827,1295040,"[71717640, 78591326, 78591328, 78591330, 78591336, 78591340, 78591342, 78591384, 78632776, 78632778, 78632780, 79721509, 79721610, 79721630, 80409527]","[78591332, 78591338, 78632766, 79721740, 80409523, 80409532]",78632782.0,20260812
Calb1,6,71,0.7812743782997131,1295040,"[71717640, 78591330, 78591336, 78591338, 78591340, 78591342, 78632766, 78632776, 79556672, 79709470, 79721509, 79721610, 79721740, 80409525, 80409532]","[78591326, 78591328, 78591334, 78591384, 78632778, 78632780]",78632782.0,20260812
Calb1,6,72,0.7717856764793396,1295040,"[71717640, 78591328, 78591330, 78591332, 78591336, 78591338, 78591340, 78591342, 78632776, 78632780, 79721509, 79721610, 80409523, 80409527, 80409532]","[78591334, 78591384, 78632778, 79556672, 79721630, 80409525]",78632782.0,20260812
Calb1,6,73,0.7796334028244019,1295040,"[71717640, 78591326, 78591330, 78591334, 78591336, 78632766, 78632776, 78632778, 78632780, 79709470, 79721509, 79721630, 79721740, 80409527, 80409532]","[78591328, 78591332, 78591384, 79556672, 79721610, 80409525]",78632782.0,20260812
Calb1,6,74,0.7611385583877563,1295040,"[71717640, 78591326, 78591328, 78591336, 78591338, 78632766, 78632776, 79556672, 79709470, 79721509, 79721610, 79721740, 80409523, 80409527, 80409532]","[78591330, 78591334, 78591340, 78591342, 78632778, 80409525]",78632782.0,20260812
Calb1,6,75,0.7623806595802307,1295040,"[71717640, 78591330, 78591332, 78591334, 78591336, 78591342, 78591384, 78632766, 78632776, 78632778, 78632780, 79556672, 79709470, 79721509, 79721740]","[78591326, 78591328, 79721610, 80409525, 80409527, 80409532]",78632782.0,20260812
Calb1,6,76,0.7858980298042297,1295040,"[71717640, 78591326, 78591330, 78591332, 78591338, 78591340, 78591342, 78591384, 78632766, 78632780, 79721509, 79721740, 80409523, 80409525, 80409532]","[78591334, 78591336, 78632776, 78632778, 79709470, 79721610]",78632782.0,20260812
Calb1,6,77,0.7865991592407227,1295040,"[71717640, 78591326, 78591328, 78591330, 78591334, 78591342, 78591384, 78632766, 78632776, 78632780, 79721509, 79721630, 79721740, 80409523, 80409527]","[78591338, 78591340, 78632778, 79556672, 80409525, 80409532]",78632782.0,20260812
Calb1,6,78,0.7836236357688904,1295040,"[71717640, 78591326, 78591330, 78591332, 78591334, 78591336, 78591342, 78632766, 79556672, 79709470, 79721610, 79721630, 79721740, 80409525, 80409532]","[78591338, 78591340, 78591384, 78632776, 78632780, 79721509]",78632782.0,20260812
Calb1,6,79,0.7753641605377197,1295040,"[71717640, 78591328, 78591330, 78591332, 78591334, 78591336, 78591338, 78591342, 78591384, 78632776, 78632778, 78632780, 79721740, 80409523, 80409525]","[78591326, 79556672, 79721509, 79721610, 80409527, 80409532]",78632782.0,20260812
Calb1,6,80,0.7723811864852905,1295040,"[71717640, 78591326, 78591330, 78591332, 78591336, 78591338, 78591342, 78591384, 78632776, 78632780, 79556672, 79721509, 79721610, 79721630, 79721740]","[78591340, 78632766, 78632778, 79709470, 80409523, 80409532]",78632782.0,20260812
Calb1,6,81,0.7660424709320068,1295040,"[71717640, 78591328, 78591332, 78591334, 78591338, 78591342, 78591384, 78632776, 78632778, 78632780, 79721509, 79721610, 79721630, 79721740, 80409525]","[78591326, 78591336, 78591340, 79556672, 79709470, 80409532]",78632782.0,20260812
Calb1,6,82,0.7794311046600342,1295040,"[71717640, 78591328, 78591330, 78591332, 78591334, 78591336, 78591342, 78591384, 78632776, 78632780, 79556672, 79709470, 79721630, 80409523, 80409527]","[78591326, 78591338, 78632778, 79721610, 79721740, 80409525]",78632782.0,20260812
Calb1,6,83,0.7607558965682983,1295040,"[71717640, 78591332, 78591334, 78591336, 78591338, 78591340, 78591384, 78632780, 79556672, 79721610, 79721630, 79721740, 80409523, 80409527, 80409532]","[78591328, 78591330, 78632766, 78632776, 79709470, 79721509]",78632782.0,20260812
Calb1,6,84,0.7960242629051208,1295040,"[78591326, 78591328, 78591330, 78591332, 78591338, 78591342, 78591384, 78632766, 78632778, 79709470, 79721610, 79721630, 80409523, 80409525, 80409527]","[78591334, 78591336, 78591340, 78632776, 79721509, 80409532]",78632782.0,20260812
Calb1,6,85,0.7969528436660767,1295040,"[71717640, 78591332, 78591336, 78591338, 78591384, 78632766, 78632776, 78632780, 79709470, 79721509, 79721610, 79721630, 80409523, 80409525, 80409527]","[78591328, 78591340, 78591342, 78632778, 79556672, 79721740]",78632782.0,20260812
Calb1,6,86,0.7653515934944153,1295040,"[78591326, 78591332, 78591336, 78591340, 78632766, 78632776, 78632778, 78632780, 79709470, 79721610, 79721630, 79721740, 80409523, 80409525, 80409532]","[71717640, 78591328, 78591338, 78591384, 79556672, 80409527]",78632782.0,20260812
Calb1,6,87,0.7836092710494995,1295040,"[78591326, 78591328, 78591332, 78591334, 78591336, 78591338, 78591342, 78632766, 79556672, 79721509, 79721610, 79721630, 80409523, 80409525, 80409527]","[71717640, 78591340, 78632776, 78632778, 78632780, 79721740]",78632782.0,20260812
Calb1,6,88,0.7779780626296997,1295040,"[71717640, 78591326, 78591328, 78591330, 78591332, 78591342, 78591384, 78632766, 78632778, 79709470, 79721610, 79721630, 79721740, 80409525, 80409532]","[78591334, 78591340, 78632776, 79721509, 80409523, 80409527]",78632782.0,20260812
Calb1,6,89,0.7827274799346924,1295040,"[71717640, 78591326, 78591328, 78591340, 78632776, 78632778, 79556672, 79709470, 79721509, 79721610, 79721630, 79721740, 80409523, 80409525, 80409527]","[78591330, 78591334, 78591336, 78591338, 78591384, 78632780]",78632782.0,20260812
Calb1,6,90,0.7689948081970215,1295040,"[71717640, 78591328, 78591336, 78591338, 78591340, 78591342, 78632766, 78632780, 79709470, 79721509, 79721610, 79721740, 80409523, 80409525, 80409532]","[78591326, 78591330, 78591332, 78591384, 78632776, 80409527]",78632782.0,20260812
Calb1,6,91,0.7777076959609985,1295040,"[78591326, 78591328, 78591330, 78591332, 78591334, 78591336, 78591338, 78591342, 78591384, 78632766, 78632776, 79556672, 79721610, 80409523, 80409532]","[71717640, 78591340, 78632778, 79709470, 79721630, 80409525]",78632782.0,20260812
Calb1,6,92,0.7865699529647827,1295040,"[71717640, 78591328, 78591332, 78591334, 78591336, 78591338, 78591342, 78591384, 78632780, 79556672, 79709470, 79721610, 79721630, 79721740, 80409527]","[78591326, 78591340, 78632766, 78632776, 78632778, 79721509]",78632782.0,20260812
Calb1,6,93,0.7654955387115479,1295040,"[71717640, 78591328, 78591334, 78591336, 78591338, 78591340, 78591342, 78632766, 78632776, 78632780, 79556672, 79721509, 79721630, 79721740, 80409532]","[78591326, 78591330, 78591384, 78632778, 79709470, 80409525]",78632782.0,20260812
Calb1,6,94,0.7770686149597168,1295040,"[78591328, 78591334, 78591336, 78591338, 78591340, 78591342, 78632766, 78632776, 78632778, 79556672, 79709470, 79721740, 80409525, 80409527, 80409532]","[71717640, 78591326, 78591330, 78591332, 79721630, 80409523]",78632782.0,20260812
Calb1,6,95,0.7873677611351013,1295040,"[71717640, 78591328, 78591332, 78591334, 78591342, 78591384, 78632766, 78632776, 78632778, 78632780, 79556672, 79709470, 79721610, 79721630, 80409527]","[78591326, 78591336, 78591338, 78591340, 79721740, 80409525]",78632782.0,20260812
Calb1,6,96,0.7973398566246033,1295040,"[71717640, 78591328, 78591330, 78591332, 78591338, 78591340, 78591384, 78632766, 78632778, 78632780, 79709470, 79721509, 80409523, 80409525, 80409527]","[78591334, 78591336, 78591342, 78632776, 79556672, 79721740]",78632782.0,20260812
Calb1,6,97,0.7726791501045227,1295040,"[71717640, 78591328, 78591330, 78591334, 78591336, 78591338, 78591340, 78591384, 78632778, 79709470, 79721610, 80409523, 80409525, 80409527, 80409532]","[78591326, 78591332, 78591342, 78632766, 79556672, 79721740]",78632782.0,20260812
Calb1,6,98,0.7746618986129761,1295040,"[78591326, 78591330, 78591332, 78591334, 78591336, 78591340, 78591384, 78632766, 78632776, 78632778, 78632780, 79709470, 79721740, 80409523, 80409527]","[71717640, 78591328, 78591338, 79556672, 79721610, 80409525]",78632782.0,20260812
Calb1,6,99,0.7952795624732971,1295040,"[71717640, 78591332, 78591336, 78591338, 78591384, 78632776, 78632778, 78632780, 79556672, 79709470, 79721509, 79721630, 80409523, 80409527, 80409532]","[78591334, 78591340, 78591342, 78632766, 79721610, 79721740]",78632782.0,20260812
Calb1,7,0,0.7780564427375793,1295040,"[71717640, 78591326, 78591328, 78591332, 78591340, 78591342, 78591384, 78632766, 78632776, 78632780, 79556672, 79721509, 79721630, 79721740, 80409523]","[78591330, 78591334, 78632778, 79709470, 79721610, 80409525, 80409532]",78632782.0,20260812
Calb1,7,1,0.7778047919273376,1295040,"[71717640, 78591326, 78591328, 78591330, 78591336, 78591338, 78591342, 78632776, 78632780, 79556672, 79709470, 79721610, 79721630, 80409525, 80409527]","[78591332, 78591334, 78591340, 78591384, 79721509, 79721740, 80409532]",78632782.0,20260812
Calb1,7,2,0.7835664749145508,1295040,"[71717640, 78591326, 78591328, 78591330, 78591332, 78591336, 78591338, 78591384, 78632780, 79556672, 79721509, 79721630, 79721740, 80409525, 80409532]","[78591334, 78591340, 78632766, 78632776, 78632778, 79721610, 80409523]",78632782.0,20260812
Calb1,7,3,0.7863156199455261,1295040,"[78591326, 78591336, 78591338, 78591340, 78591342, 78591384, 78632766, 78632776, 78632778, 79556672, 79709470, 79721509, 79721610, 79721740, 80409523]","[71717640, 78591330, 78591332, 78591334, 78632780, 79721630, 80409527]",78632782.0,20260812
Calb1,7,4,0.8020879030227661,1295040,"[78591326, 78591330, 78591334, 78591338, 78591340, 78632766, 78632780, 79556672, 79709470, 79721509, 79721610, 79721740, 80409523, 80409525, 80409532]","[71717640, 78591332, 78591336, 78591384, 78632776, 78632778, 79721630]",78632782.0,20260812
Calb1,7,5,0.7787209153175354,1295040,"[71717640, 78591326, 78591334, 78591336, 78591338, 78591342, 78632766, 78632776, 78632778, 79556672, 79721509, 79721610, 79721630, 79721740, 80409525]","[78591330, 78591340, 78632780, 79709470, 80409523, 80409527, 80409532]",78632782.0,20260812
Calb1,7,6,0.7916516065597534,1295040,"[71717640, 78591326, 78591332, 78591336, 78591338, 78591342, 78591384, 78632766, 78632778, 78632780, 79721509, 79721610, 79721630, 79721740, 80409523]","[78591340, 78632776, 79556672, 79709470, 80409525, 80409527, 80409532]",78632782.0,20260812
Calb1,7,7,0.7690387964248657,1295040,"[71717640, 78591326, 78591328, 78591330, 78591332, 78591336, 78591340, 78632776, 78632778, 78632780, 79556672, 79721509, 79721610, 80409523, 80409525]","[78591342, 78591384, 79709470, 79721630, 79721740, 80409527, 80409532]",78632782.0,20260812
Calb1,7,8,0.8049800395965576,1295040,"[78591326, 78591328, 78591330, 78591342, 78632766, 78632778, 78632780, 79709470, 79721509, 79721610, 79721630, 80409523, 80409525, 80409527, 80409532]","[78591332, 78591334, 78591336, 78591338, 78591384, 78632776, 79721740]",78632782.0,20260812
Calb1,7,9,0.8008968830108643,1295040,"[71717640, 78591326, 78591328, 78591330, 78591334, 78591340, 78591342, 78591384, 78632778, 79721509, 79721740, 80409523, 80409525, 80409527, 80409532]","[78591332, 78591336, 78591338, 78632766, 78632776, 79556672, 79709470]",78632782.0,20260812
Calb1,7,10,0.8024430274963379,1295040,"[71717640, 78591326, 78591330, 78591334, 78591338, 78591384, 78632766, 78632776, 78632778, 78632780, 79721509, 79721610, 79721630, 80409527, 80409532]","[78591328, 78591332, 78591336, 79556672, 79709470, 80409523, 80409525]",78632782.0,20260812
Calb1,7,11,0.8019706010818481,1295040,"[71717640, 78591330, 78591332, 78591336, 78591342, 78591384, 78632766, 78632776, 78632778, 79721509, 79721610, 79721740, 80409523, 80409525, 80409532]","[78591326, 78591328, 78591338, 78591340, 78632780, 79556672, 79721630]",78632782.0,20260812
Calb1,7,12,0.7932997941970825,1295040,"[71717640, 78591326, 78591330, 78591334, 78591336, 78591338, 78591342, 78591384, 78632776, 78632780, 79556672, 79721630, 79721740, 80409523, 80409525]","[78591328, 78591340, 78632766, 79721509, 79721610, 80409527, 80409532]",78632782.0,20260812
Calb1,7,13,0.7635650634765625,1295040,"[71717640, 78591326, 78591328, 78591336, 78591340, 78591342, 78632766, 78632776, 78632780, 79709470, 79721509, 79721630, 80409523, 80409525, 80409527]","[78591330, 78591332, 78591384, 78632778, 79721610, 79721740, 80409532]",78632782.0,20260812
Calb1,7,14,0.7938313484191895,1295040,"[78591326, 78591328, 78591336, 78591338, 78591340, 78591384, 78632780, 79556672, 79709470, 79721509, 79721610, 79721740, 80409523, 80409525, 80409527]","[71717640, 78591342, 78632766, 78632776, 78632778, 79721630, 80409532]",78632782.0,20260812
Calb1,7,15,0.7906806468963623,1295040,"[71717640, 78591326, 78591330, 78591332, 78591340, 78591342, 78591384, 78632778, 78632780, 79721509, 79721630, 79721740, 80409523, 80409525, 80409527]","[78591328, 78591334, 78591338, 78632776, 79556672, 79721610, 80409532]",78632782.0,20260812
Calb1,7,16,0.7966538071632385,1295040,"[78591326, 78591334, 78591338, 78591342, 78591384, 78632766, 78632776, 78632780, 79721509, 79721610, 79721630, 79721740, 80409523, 80409527, 80409532]","[78591330, 78591332, 78591336, 78591340, 78632778, 79556672, 80409525]",78632782.0,20260812
Calb1,7,17,0.7877811193466187,1295040,"[71717640, 78591326, 78591334, 78591336, 78591340, 78591384, 78632766, 78632776, 79556672, 79721509, 79721610, 79721630, 79721740, 80409523, 80409525]","[78591328, 78591330, 78591338, 78591342, 78632778, 79709470, 80409527]",78632782.0,20260812
Calb1,7,18,0.7822627425193787,1295040,"[78591334, 78591338, 78591340, 78632766, 78632776, 78632778, 79556672, 79709470, 79721509, 79721630, 79721740, 80409523, 80409525, 80409527, 80409532]","[71717640, 78591328, 78591330, 78591332, 78591342, 78591384, 79721610]",78632782.0,20260812
Calb1,7,19,0.7987158298492432,1295040,"[71717640, 78591328, 78591330, 78591336, 78591340, 78591342, 78591384, 78632766, 78632778, 78632780, 79556672, 79709470, 79721509, 79721610, 79721740]","[78591326, 78591334, 78591338, 78632776, 79721630, 80409525, 80409527]",78632782.0,20260812
Calb1,7,20,0.7975078821182251,1295040,"[71717640, 78591326, 78591328, 78591330, 78591332, 78591334, 78591340, 78591342, 78632776, 78632778, 78632780, 79556672, 79721610, 79721630, 79721740]","[78591336, 78591338, 78591384, 80409523, 80409525, 80409527, 80409532]",78632782.0,20260812
Calb1,7,21,0.7938477396965027,1295040,"[78591328, 78591330, 78591334, 78591338, 78632776, 78632778, 78632780, 79556672, 79709470, 79721509, 79721610, 80409523, 80409525, 80409527, 80409532]","[71717640, 78591332, 78591336, 78591340, 78591384, 79721630, 79721740]",78632782.0,20260812
Calb1,7,22,0.7703596353530884,1295040,"[71717640, 78591326, 78591332, 78591334, 78591336, 78591340, 78632766, 78632776, 78632780, 79556672, 79709470, 79721509, 79721610, 80409523, 80409532]","[78591328, 78591330, 78591338, 78591384, 79721740, 80409525, 80409527]",78632782.0,20260812
Calb1,7,23,0.7999345064163208,1295040,"[71717640, 78591328, 78591332, 78591336, 78591338, 78591340, 78591384, 78632776, 78632780, 79709470, 79721509, 79721610, 79721740, 80409525, 80409532]","[78591326, 78591330, 78591334, 78632766, 78632778, 80409523, 80409527]",78632782.0,20260812
Calb1,7,24,0.7957718372344971,1295040,"[71717640, 78591332, 78591334, 78591336, 78591342, 78632766, 78632776, 78632778, 78632780, 79721509, 79721610, 79721630, 80409523, 80409525, 80409532]","[78591326, 78591328, 78591338, 78591340, 78591384, 79556672, 79721740]",78632782.0,20260812
Calb1,7,25,0.7909960150718689,1295040,"[78591326, 78591328, 78591332, 78591334, 78591336, 78591338, 78591384, 78632766, 78632776, 78632778, 78632780, 79721509, 79721740, 80409523, 80409532]","[71717640, 78591330, 78591340, 78591342, 79556672, 79709470, 79721610]",78632782.0,20260812
Calb1,7,26,0.7910817861557007,1295040,"[71717640, 78591326, 78591330, 78591332, 78591334, 78591340, 78591342, 78632766, 78632776, 78632778, 78632780, 79556672, 79721509, 79721610, 80409527]","[78591336, 78591384, 79709470, 79721630, 79721740, 80409523, 80409532]",78632782.0,20260812
Calb1,7,27,0.8108524084091187,1295040,"[71717640, 78591326, 78591328, 78591330, 78591332, 78591334, 78591340, 78591342, 78591384, 78632776, 79556672, 79721610, 79721630, 80409525, 80409532]","[78591336, 78591338, 78632766, 78632778, 78632780, 79721509, 80409527]",78632782.0,20260812
Calb1,7,28,0.8045669794082642,1295040,"[78591330, 78591332, 78591336, 78591338, 78591342, 78591384, 78632776, 78632778, 79709470, 79721509, 79721630, 79721740, 80409523, 80409525, 80409532]","[71717640, 78591326, 78591328, 78591334, 78591340, 78632766, 79721610]",78632782.0,20260812
Calb1,7,29,0.7725743055343628,1295040,"[71717640, 78591326, 78591328, 78591332, 78591334, 78591336, 78591338, 78591340, 78632778, 78632780, 79556672, 79709470, 80409523, 80409527, 80409532]","[78591330, 78591384, 78632766, 79721509, 79721610, 79721630, 79721740]",78632782.0,20260812
Calb1,7,30,0.7946951389312744,1295040,"[78591330, 78591334, 78591336, 78591338, 78632766, 78632776, 78632778, 78632780, 79556672, 79709470, 79721509, 79721610, 79721630, 79721740, 80409523]","[78591326, 78591328, 78591342, 78591384, 80409525, 80409527, 80409532]",78632782.0,20260812
Calb1,7,31,0.8046349287033081,1295040,"[78591328, 78591330, 78591332, 78591334, 78591336, 78591340, 78632766, 78632776, 79556672, 79721509, 79721740, 80409523, 80409525, 80409527, 80409532]","[78591326, 78591338, 78591342, 78591384, 78632778, 78632780, 79721630]",78632782.0,20260812
Calb1,7,32,0.7943316102027893,1295040,"[71717640, 78591328, 78591330, 78591334, 78591338, 78591340, 78591342, 78632776, 78632778, 78632780, 79709470, 79721610, 80409523, 80409525, 80409532]","[78591336, 78591384, 78632766, 79556672, 79721509, 79721630, 79721740]",78632782.0,20260812
Calb1,7,33,0.7928822040557861,1295040,"[71717640, 78591326, 78591328, 78591330, 78591334, 78591336, 78591340, 78591342, 78632766, 78632778, 78632780, 79721630, 79721740, 80409523, 80409527]","[78591384, 78632776, 79556672, 79709470, 79721509, 79721610, 80409525]",78632782.0,20260812
Calb1,7,34,0.7936010360717773,1295040,"[71717640, 78591330, 78591336, 78591338, 78591340, 78591384, 78632766, 78632776, 78632778, 78632780, 79709470, 79721610, 79721740, 80409523, 80409525]","[78591328, 78591332, 78591334, 78591342, 79556672, 80409527, 80409532]",78632782.0,20260812
Calb1,7,35,0.7909855842590332,1295040,"[78591326, 78591328, 78591334, 78591336, 78591338, 78591340, 78591342, 78632766, 78632778, 78632780, 79709470, 79721610, 80409523, 80409527, 80409532]","[71717640, 78591330, 78591332, 79556672, 79721630, 79721740, 80409525]",78632782.0,20260812
Calb1,7,36,0.7913022041320801,1295040,"[71717640, 78591326, 78591332, 78591336, 78591338, 78591340, 78591342, 78591384, 78632766, 78632780, 79556672, 79721630, 79721740, 80409527, 80409532]","[78591328, 78591334, 78632776, 78632778, 79721509, 80409523, 80409525]",78632782.0,20260812
Calb1,7,37,0.7949481010437012,1295040,"[71717640, 78591326, 78591330, 78591332, 78591334, 78591338, 78591340, 78591342, 78632766, 78632776, 78632780, 79556672, 79709470, 79721509, 80409532]","[78591328, 78591336, 78591384, 78632778, 79721610, 80409523, 80409527]",78632782.0,20260812
Calb1,7,38,0.7925416827201843,1295040,"[78591326, 78591328, 78591330, 78591332, 78591334, 78591338, 78591340, 78591384, 78632766, 78632780, 79556672, 79721509, 80409523, 80409527, 80409532]","[78591342, 78632776, 78632778, 79709470, 79721630, 79721740, 80409525]",78632782.0,20260812
Calb1,7,39,0.7850919365882874,1295040,"[78591326, 78591328, 78591332, 78591334, 78591336, 78591340, 78591342, 78591384, 78632778, 79709470, 79721610, 79721630, 80409523, 80409525, 80409532]","[71717640, 78591330, 78591338, 78632766, 78632776, 79721509, 79721740]",78632782.0,20260812
Calb1,7,40,0.792750895023346,1295040,"[71717640, 78591328, 78591330, 78591332, 78591336, 78591338, 78591342, 78632766, 79556672, 79721509, 79721610, 79721630, 79721740, 80409523, 80409532]","[78591326, 78591334, 78591340, 78591384, 78632776, 78632778, 80409525]",78632782.0,20260812
Calb1,7,41,0.7957708835601807,1295040,"[71717640, 78591328, 78591330, 78591332, 78591334, 78591336, 78591338, 78632766, 78632776, 78632778, 78632780, 79709470, 79721740, 80409523, 80409532]","[78591326, 78591342, 78591384, 79556672, 79721610, 79721630, 80409527]",78632782.0,20260812
Calb1,7,42,0.7743450403213501,1295040,"[71717640, 78591332, 78591334, 78591336, 78591338, 78591384, 78632776, 78632778, 78632780, 79556672, 79709470, 79721509, 79721610, 79721740, 80409523]","[78591328, 78591330, 78591340, 79721630, 80409525, 80409527, 80409532]",78632782.0,20260812
Calb1,7,43,0.8076580166816711,1295040,"[71717640, 78591330, 78591336, 78591338, 78591384, 78632766, 78632776, 78632778, 78632780, 79709470, 79721509, 79721630, 80409523, 80409525, 80409527]","[78591328, 78591332, 78591334, 78591340, 78591342, 79556672, 80409532]",78632782.0,20260812
Calb1,7,44,0.7932264804840088,1295040,"[71717640, 78591330, 78591332, 78591334, 78591336, 78591338, 78591342, 78591384, 78632776, 78632778, 78632780, 79556672, 79721509, 79721610, 80409523]","[78591326, 78591328, 79709470, 79721630, 79721740, 80409525, 80409527]",78632782.0,20260812
Calb1,7,45,0.7845109701156616,1295040,"[78591326, 78591330, 78591332, 78591334, 78591336, 78591342, 78591384, 78632766, 78632780, 79556672, 79709470, 79721509, 79721630, 79721740, 80409525]","[71717640, 78591340, 78632776, 78632778, 80409523, 80409527, 80409532]",78632782.0,20260812
Calb1,7,46,0.8075024485588074,1295040,"[71717640, 78591326, 78591328, 78591340, 78591342, 78591384, 78632766, 79709470, 79721610, 79721630, 79721740, 80409523, 80409525, 80409527, 80409532]","[78591330, 78591336, 78591338, 78632778, 78632780, 79556672, 79721509]",78632782.0,20260812
Calb1,7,47,0.795814037322998,1295040,"[71717640, 78591328, 78591332, 78591336, 78591338, 78591340, 78591342, 78632766, 78632778, 79709470, 79721509, 79721630, 79721740, 80409527, 80409532]","[78591326, 78591330, 78591334, 78632776, 78632780, 79556672, 79721610]",78632782.0,20260812
Calb1,7,48,0.7994886040687561,1295040,"[78591326, 78591330, 78591334, 78591342, 78591384, 78632766, 78632780, 79556672, 79709470, 79721610, 79721630, 79721740, 80409523, 80409527, 80409532]","[71717640, 78591328, 78591332, 78591336, 78632776, 78632778, 79721509]",78632782.0,20260812
Calb1,7,49,0.7625152468681335,1295040,"[71717640, 78591326, 78591328, 78591332, 78591336, 78591342, 78632766, 78632776, 78632778, 78632780, 79556672, 79709470, 79721740, 80409523, 80409532]","[78591330, 78591340, 78591384, 79721509, 79721630, 80409525, 80409527]",78632782.0,20260812
Calb1,7,50,0.7868812680244446,1295040,"[71717640, 78591328, 78591330, 78591332, 78591338, 78591340, 78632766, 78632776, 78632778, 79556672, 79721509, 79721630, 79721740, 80409525, 80409527]","[78591326, 78591334, 78591342, 78591384, 78632780, 79721610, 80409532]",78632782.0,20260812
Calb1,7,51,0.7869982719421387,1295040,"[71717640, 78591328, 78591332, 78591334, 78591338, 78591342, 78591384, 79556672, 79721509, 79721610, 79721630, 79721740, 80409523, 80409525, 80409527]","[78591326, 78591336, 78591340, 78632776, 78632780, 79709470, 80409532]",78632782.0,20260812
Calb1,7,52,0.806628942489624,1295040,"[78591326, 78591328, 78591330, 78591332, 78591336, 78591338, 78591342, 78591384, 78632778, 79556672, 79709470, 79721630, 79721740, 80409523, 80409525]","[71717640, 78591334, 78591340, 78632766, 78632780, 79721509, 80409532]",78632782.0,20260812
Calb1,7,53,0.8027272820472717,1295040,"[71717640, 78591330, 78591334, 78591338, 78591342, 78591384, 78632766, 78632776, 78632778, 78632780, 79556672, 79709470, 79721509, 79721610, 80409527]","[78591326, 78591332, 78591336, 78591340, 79721630, 79721740, 80409525]",78632782.0,20260812
Calb1,7,54,0.7901792526245117,1295040,"[78591326, 78591328, 78591336, 78591338, 78591340, 78591342, 78591384, 78632776, 78632778, 78632780, 79556672, 79721630, 79721740, 80409527, 80409532]","[71717640, 78591330, 78591334, 78632766, 79721610, 80409523, 80409525]",78632782.0,20260812
Calb1,7,55,0.8006801605224609,1295040,"[71717640, 78591328, 78591334, 78591336, 78591338, 78591340, 78591342, 78591384, 78632776, 79556672, 79709470, 79721509, 79721610, 79721630, 80409532]","[78591326, 78591330, 78591332, 78632766, 78632780, 80409523, 80409527]",78632782.0,20260812
Calb1,7,56,0.7835215330123901,1295040,"[71717640, 78591326, 78591330, 78591340, 78591384, 78632766, 78632778, 79556672, 79709470, 79721509, 79721630, 79721740, 80409525, 80409527, 80409532]","[78591328, 78591332, 78591334, 78591338, 78591342, 79721610, 80409523]",78632782.0,20260812
Calb1,7,57,0.7854137420654297,1295040,"[71717640, 78591326, 78591328, 78591330, 78591332, 78591338, 78632778, 79556672, 79709470, 79721509, 79721610, 79721630, 79721740, 80409523, 80409525]","[78591334, 78591342, 78591384, 78632766, 78632776, 78632780, 80409527]",78632782.0,20260812
Calb1,7,58,0.7820172309875488,1295040,"[71717640, 78591328, 78591332, 78591334, 78591340, 78591342, 78632776, 79556672, 79709470, 79721610, 79721630, 79721740, 80409523, 80409525, 80409532]","[78591326, 78591330, 78591338, 78591384, 78632766, 79721509, 80409527]",78632782.0,20260812
Calb1,7,59,0.8159463405609131,1295040,"[78591326, 78591328, 78591330, 78591332, 78591338, 78591384, 78632766, 78632776, 78632778, 79709470, 79721610, 79721630, 80409525, 80409527, 80409532]","[78591334, 78591336, 78591340, 78591342, 78632780, 79721509, 80409523]",78632782.0,20260812
Calb1,7,60,0.7770426869392395,1295040,"[78591326, 78591330, 78591332, 78591334, 78591336, 78591342, 78591384, 78632766, 78632776, 78632780, 79556672, 79721509, 79721630, 80409525, 80409532]","[71717640, 78632778, 79709470, 79721610, 79721740, 80409523, 80409527]",78632782.0,20260812
Calb1,7,61,0.782919704914093,1295040,"[71717640, 78591328, 78591334, 78591338, 78591340, 78591342, 78632766, 78632776, 78632778, 78632780, 79556672, 79709470, 79721610, 79721630, 80409527]","[78591330, 78591336, 78591384, 79721509, 80409523, 80409525, 80409532]",78632782.0,20260812
Calb1,7,62,0.8068137764930725,1295040,"[78591326, 78591328, 78591330, 78591332, 78591334, 78591336, 78591340, 78591384, 78632780, 79709470, 79721509, 79721610, 79721630, 79721740, 80409525]","[71717640, 78591338, 78591342, 78632766, 79556672, 80409527, 80409532]",78632782.0,20260812
Calb1,7,63,0.7950812578201294,1295040,"[71717640, 78591332, 78591336, 78591340, 78591384, 78632766, 78632778, 78632780, 79709470, 79721509, 79721610, 79721630, 80409523, 80409527, 80409532]","[78591326, 78591328, 78591334, 78591338, 78632776, 79721740, 80409525]",78632782.0,20260812
Calb1,7,64,0.7951506972312927,1295040,"[78591326, 78591328, 78591332, 78591336, 78591338, 78591342, 78632778, 78632780, 79556672, 79709470, 79721509, 79721610, 79721630, 80409523, 80409525]","[71717640, 78591334, 78591340, 78632766, 78632776, 80409527, 80409532]",78632782.0,20260812
Calb1,7,65,0.8134225010871887,1295040,"[71717640, 78591326, 78591328, 78591330, 78591336, 78591338, 78591340, 78591342, 78591384, 78632776, 78632780, 79721630, 79721740, 80409525, 80409532]","[78591332, 78591334, 78632766, 78632778, 79556672, 79721509, 80409527]",78632782.0,20260812
Calb1,7,66,0.7929706573486328,1295040,"[71717640, 78591330, 78591332, 78591336, 78591340, 78591342, 78591384, 79556672, 79709470, 79721509, 79721610, 79721630, 80409525, 80409527, 80409532]","[78591326, 78591328, 78591338, 78632766, 78632776, 78632780, 79721740]",78632782.0,20260812
Calb1,7,67,0.7905259728431702,1295040,"[71717640, 78591328, 78591330, 78591332, 78591334, 78591338, 78591340, 78591342, 78632776, 79556672, 79721630, 79721740, 80409523, 80409527, 80409532]","[78591326, 78591336, 78632778, 78632780, 79709470, 79721509, 80409525]",78632782.0,20260812
Calb1,7,68,0.8034216165542603,1295040,"[78591326, 78591328, 78591334, 78591340, 78591342, 78591384, 78632766, 78632776, 78632778, 78632780, 79556672, 79709470, 79721630, 80409525, 80409527]","[71717640, 78591330, 78591332, 78591338, 79721610, 79721740, 80409523]",78632782.0,20260812
Calb1,7,69,0.7868945002555847,1295040,"[78591326, 78591328, 78591330, 78591334, 78591340, 78591384, 78632778, 78632780, 79556672, 79721509, 79721610, 79721630, 79721740, 80409523, 80409532]","[78591332, 78591338, 78591342, 78632766, 78632776, 79709470, 80409525]",78632782.0,20260812
Calb1,7,70,0.7825572490692139,1295040,"[71717640, 78591332, 78591334, 78591336, 78591340, 78591342, 78591384, 78632766, 78632776, 78632778, 79709470, 79721509, 79721610, 80409523, 80409532]","[78591326, 78591328, 78591330, 78632780, 79556672, 79721630, 79721740]",78632782.0,20260812
Calb1,7,71,0.7958498597145081,1295040,"[71717640, 78591326, 78591328, 78591330, 78591332, 78591334, 78591340, 78591342, 78591384, 78632776, 78632780, 79721509, 79721630, 80409523, 80409527]","[78591338, 78632778, 79556672, 79709470, 79721610, 79721740, 80409532]",78632782.0,20260812
Calb1,7,72,0.7789220809936523,1295040,"[78591326, 78591334, 78591336, 78591338, 78591340, 78591342, 78591384, 78632766, 78632776, 78632780, 79556672, 79709470, 80409523, 80409525, 80409532]","[78591328, 78591330, 78591332, 79721509, 79721610, 79721630, 79721740]",78632782.0,20260812
Calb1,7,73,0.7764455676078796,1295040,"[71717640, 78591326, 78591328, 78591336, 78591338, 78591340, 78591384, 78632766, 78632776, 78632778, 79556672, 79709470, 79721610, 79721630, 80409532]","[78591330, 78591342, 78632780, 79721509, 80409523, 80409525, 80409527]",78632782.0,20260812
Calb1,7,74,0.7857563495635986,1295040,"[71717640, 78591326, 78591328, 78591330, 78591332, 78591334, 78591336, 78591342, 78632778, 78632780, 79556672, 79709470, 79721610, 79721740, 80409525]","[78591338, 78591340, 78591384, 79721509, 79721630, 80409523, 80409532]",78632782.0,20260812
Calb1,7,75,0.7924503087997437,1295040,"[78591326, 78591328, 78591332, 78591334, 78591340, 78591342, 78591384, 78632776, 78632778, 78632780, 79556672, 79721740, 80409523, 80409527, 80409532]","[71717640, 78591336, 78591338, 78632766, 79709470, 79721509, 80409525]",78632782.0,20260812
Calb1,7,76,0.7961220145225525,1295040,"[71717640, 78591328, 78591330, 78591338, 78591342, 78591384, 78632776, 78632778, 78632780, 79721509, 79721610, 79721630, 79721740, 80409523, 80409525]","[78591326, 78591334, 78591336, 78591340, 79556672, 79709470, 80409532]",78632782.0,20260812
Calb1,7,77,0.8007317781448364,1295040,"[71717640, 78591326, 78591328, 78591330, 78591332, 78591334, 78591336, 78591340, 78591384, 78632778, 79556672, 79721740, 80409523, 80409525, 80409527]","[78591338, 78591342, 78632766, 78632780, 79709470, 79721509, 79721630]",78632782.0,20260812
Calb1,7,78,0.7931894063949585,1295040,"[78591328, 78591330, 78591332, 78591336, 78591338, 78591340, 78591342, 78632766, 78632776, 78632780, 79721509, 79721740, 80409523, 80409527, 80409532]","[71717640, 78591326, 78591334, 78632778, 79709470, 79721610, 80409525]",78632782.0,20260812
Calb1,7,79,0.793085515499115,1295040,"[78591326, 78591328, 78591330, 78591332, 78591336, 78591342, 78591384, 78632780, 79556672, 79709470, 79721509, 79721610, 79721630, 80409525, 80409532]","[78591334, 78591338, 78591340, 78632776, 79721740, 80409523, 80409527]",78632782.0,20260812
Calb1,7,80,0.778730571269989,1295040,"[71717640, 78591326, 78591328, 78591330, 78591336, 78591342, 78591384, 78632766, 78632776, 78632778, 78632780, 79556672, 79709470, 80409525, 80409532]","[78591334, 78591338, 79721509, 79721610, 79721630, 80409523, 80409527]",78632782.0,20260812
Calb1,7,81,0.7656016945838928,1295040,"[71717640, 78591326, 78591328, 78591332, 78591334, 78591336, 78591338, 78591342, 78591384, 78632776, 79556672, 79721509, 79721740, 80409523, 80409532]","[78591330, 78632778, 78632780, 79709470, 79721610, 79721630, 80409527]",78632782.0,20260812
Calb1,7,82,0.7953475117683411,1295040,"[71717640, 78591326, 78591328, 78591332, 78591342, 78591384, 78632776, 78632778, 79556672, 79709470, 79721610, 79721630, 80409525, 80409527, 80409532]","[78591330, 78591334, 78591338, 78632766, 78632780, 79721509, 79721740]",78632782.0,20260812
Calb1,7,83,0.7877229452133179,1295040,"[71717640, 78591326, 78591328, 78591332, 78591336, 78632766, 78632776, 78632778, 78632780, 79556672, 79709470, 79721740, 80409523, 80409525, 80409527]","[78591330, 78591334, 78591338, 78591342, 78591384, 79721509, 79721610]",78632782.0,20260812
Calb1,7,84,0.7877618074417114,1295040,"[71717640, 78591326, 78591330, 78591336, 78591340, 78591342, 78591384, 78632766, 78632776, 78632780, 79556672, 79709470, 79721630, 80409525, 80409532]","[78591328, 78591332, 78632778, 79721509, 79721610, 80409523, 80409527]",78632782.0,20260812
Calb1,7,85,0.807390034198761,1295040,"[78591326, 78591328, 78591330, 78591336, 78591342, 78632766, 78632780, 79556672, 79709470, 79721509, 79721610, 79721630, 80409523, 80409525, 80409527]","[71717640, 78591332, 78591338, 78591340, 78591384, 78632776, 79721740]",78632782.0,20260812
Calb1,7,86,0.7976157665252686,1295040,"[78591326, 78591330, 78591332, 78591334, 78591338, 78591340, 78591384, 78632766, 78632776, 78632778, 79556672, 79709470, 80409525, 80409527, 80409532]","[71717640, 78591328, 78591336, 78591342, 78632780, 79721509, 79721630]",78632782.0,20260812
Calb1,7,87,0.7988690137863159,1295040,"[78591326, 78591330, 78591332, 78591338, 78591340, 78591384, 78632780, 79556672, 79709470, 79721509, 79721740, 80409523, 80409525, 80409527, 80409532]","[71717640, 78591328, 78591334, 78632766, 78632776, 79721610, 79721630]",78632782.0,20260812
Calb1,7,88,0.8018816709518433,1295040,"[71717640, 78591328, 78591330, 78591332, 78591334, 78591336, 78591338, 78591384, 78632766, 79556672, 79709470, 79721610, 79721630, 79721740, 80409525]","[78591326, 78591342, 78632776, 78632778, 79721509, 80409527, 80409532]",78632782.0,20260812
Calb1,7,89,0.7815718650817871,1295040,"[78591328, 78591332, 78591336, 78591338, 78591342, 78591384, 78632776, 78632778, 78632780, 79556672, 79709470, 79721509, 79721610, 80409523, 80409532]","[78591330, 78591334, 78632766, 79721630, 79721740, 80409525, 80409527]",78632782.0,20260812
Calb1,7,90,0.7919720411300659,1295040,"[78591326, 78591330, 78591332, 78591334, 78591336, 78591338, 78591384, 78632776, 78632778, 79721509, 79721610, 79721630, 79721740, 80409527, 80409532]","[71717640, 78591328, 78591342, 78632766, 79556672, 80409523, 80409525]",78632782.0,20260812
Calb1,7,91,0.7946239113807678,1295040,"[71717640, 78591328, 78591332, 78591336, 78591338, 78591342, 78591384, 78632766, 78632780, 79721509, 79721610, 79721630, 79721740, 80409525, 80409527]","[78591326, 78591330, 78591334, 78591340, 79556672, 79709470, 80409532]",78632782.0,20260812
Calb1,7,92,0.7978134155273438,1295040,"[71717640, 78591328, 78591330, 78591334, 78591336, 78591338, 78591384, 78632778, 79556672, 79721610, 79721630, 80409523, 80409525, 80409527, 80409532]","[78591326, 78591340, 78591342, 78632766, 78632780, 79709470, 79721740]",78632782.0,20260812
Calb1,7,93,0.7712403535842896,1295040,"[78591328, 78591332, 78591336, 78591340, 78591342, 78632766, 78632776, 78632780, 79556672, 79709470, 79721509, 79721610, 79721630, 79721740, 80409523]","[71717640, 78591326, 78591330, 78591384, 80409525, 80409527, 80409532]",78632782.0,20260812
Calb1,7,94,0.7721121311187744,1295040,"[71717640, 78591326, 78591328, 78591332, 78591336, 78591340, 78591342, 78632776, 78632780, 79556672, 79721509, 79721630, 79721740, 80409525, 80409527]","[78591330, 78591334, 78591338, 78591384, 78632778, 79721610, 80409532]",78632782.0,20260812
Calb1,7,95,0.800708532333374,1295040,"[71717640, 78591326, 78591330, 78591332, 78591334, 78591338, 78591340, 78591342, 78591384, 78632776, 78632780, 79556672, 79709470, 79721630, 80409532]","[78591328, 78591336, 78632778, 79721509, 80409523, 80409525, 80409527]",78632782.0,20260812
Calb1,7,96,0.7802693247795105,1295040,"[78591326, 78591328, 78591332, 78591336, 78591338, 78591384, 78632766, 78632776, 78632780, 79556672, 79709470, 79721509, 79721610, 79721740, 80409525]","[71717640, 78591330, 78591342, 78632778, 80409523, 80409527, 80409532]",78632782.0,20260812
Calb1,7,97,0.7948290109634399,1295040,"[78591326, 78591330, 78591332, 78591336, 78591338, 78591340, 78591342, 78591384, 78632776, 78632780, 79709470, 79721509, 79721610, 79721630, 80409525]","[71717640, 78591328, 78591334, 78632766, 78632778, 79721740, 80409532]",78632782.0,20260812
Calb1,7,98,0.7985415458679199,1295040,"[71717640, 78591328, 78591330, 78591332, 78591336, 78591338, 78591342, 78632766, 78632778, 79721610, 79721740, 80409523, 80409525, 80409527, 80409532]","[78591340, 78591384, 78632776, 78632780, 79556672, 79709470, 79721630]",78632782.0,20260812
Calb1,7,99,0.7973184585571289,1295040,"[71717640, 78591326, 78591328, 78591330, 78591332, 78591334, 78591340, 78591342, 78591384, 78632766, 78632776, 78632778, 78632780, 79556672, 80409532]","[78591336, 78591338, 79721509, 79721630, 79721740, 80409523, 80409527]",78632782.0,20260812
Calb1,8,0,0.8172439336776733,1295040,"[71717640, 78591326, 78591328, 78591330, 78591332, 78591338, 78591340, 78591342, 78632766, 78632776, 78632780, 79709470, 79721740, 80409523, 80409525]","[78591334, 78591336, 78632778, 79556672, 79721509, 79721610, 79721630, 80409532]",78632782.0,20260812
Calb1,8,1,0.8113834857940674,1295040,"[78591326, 78591328, 78591334, 78591336, 78591338, 78591340, 78591342, 78591384, 79556672, 79721630, 79721740, 80409523, 80409525, 80409527, 80409532]","[71717640, 78591330, 78591332, 78632766, 78632776, 78632778, 79721509, 79721610]",78632782.0,20260812
Calb1,8,2,0.8096328973770142,1295040,"[71717640, 78591328, 78591336, 78591338, 78591342, 78591384, 78632766, 78632776, 78632778, 78632780, 79556672, 79721610, 79721630, 79721740, 80409525]","[78591330, 78591332, 78591334, 78591340, 79709470, 79721509, 80409523, 80409532]",78632782.0,20260812
Calb1,8,3,0.8109842538833618,1295040,"[71717640, 78591326, 78591328, 78591330, 78591334, 78591340, 78591342, 78591384, 78632766, 78632776, 79556672, 79721509, 79721740, 80409523, 80409527]","[78591332, 78591338, 78632778, 78632780, 79709470, 79721610, 80409525, 80409532]",78632782.0,20260812
Calb1,8,4,0.8092938661575317,1295040,"[71717640, 78591326, 78591328, 78591332, 78591340, 78591384, 78632776, 78632778, 79721509, 79721610, 79721630, 79721740, 80409525, 80409527, 80409532]","[78591330, 78591336, 78591338, 78591342, 78632766, 78632780, 79709470, 80409523]",78632782.0,20260812
Calb1,8,5,0.8064514398574829,1295040,"[78591328, 78591330, 78591332, 78591336, 78591338, 78591340, 78591342, 78632766, 78632776, 79721509, 79721610, 80409523, 80409525, 80409527, 80409532]","[78591326, 78591384, 78632778, 78632780, 79556672, 79709470, 79721630, 79721740]",78632782.0,20260812
Calb1,8,6,0.8105941414833069,1295040,"[78591326, 78591328, 78591330, 78591332, 78591334, 78591336, 78591338, 78591340, 78591384, 78632776, 78632780, 79556672, 79721610, 80409523, 80409532]","[71717640, 78591342, 78632766, 79709470, 79721509, 79721630, 79721740, 80409525]",78632782.0,20260812
Calb1,8,7,0.802743673324585,1295040,"[78591326, 78591328, 78591332, 78591334, 78591336, 78591338, 78591340, 78591342, 78591384, 79556672, 79721509, 79721610, 79721740, 80409523, 80409525]","[71717640, 78591330, 78632766, 78632776, 78632778, 78632780, 79709470, 79721630]",78632782.0,20260812
Calb1,8,8,0.8019387722015381,1295040,"[78591326, 78591328, 78591330, 78591332, 78591336, 78591340, 78591342, 78632778, 78632780, 79709470, 79721509, 79721630, 80409525, 80409527, 80409532]","[71717640, 78591334, 78591338, 78591384, 78632766, 78632776, 79556672, 79721610]",78632782.0,20260812
Calb1,8,9,0.8094809055328369,1295040,"[78591326, 78591336, 78591338, 78591340, 78591384, 78632766, 78632776, 78632780, 79556672, 79721509, 79721610, 79721630, 79721740, 80409525, 80409527]","[71717640, 78591328, 78591330, 78591332, 78591334, 78591342, 78632778, 80409532]",78632782.0,20260812
Calb1,8,10,0.808277428150177,1295040,"[78591326, 78591328, 78591332, 78591336, 78591338, 78591340, 78591384, 78632766, 78632776, 78632778, 79556672, 79709470, 79721630, 80409523, 80409527]","[71717640, 78591334, 78591342, 78632780, 79721509, 79721610, 79721740, 80409532]",78632782.0,20260812
Calb1,8,11,0.7954285144805908,1295040,"[78591328, 78591334, 78591336, 78591338, 78591340, 78591342, 78591384, 78632766, 78632778, 78632780, 79556672, 79721509, 79721610, 80409523, 80409525]","[71717640, 78591326, 78591330, 78632776, 79709470, 79721740, 80409527, 80409532]",78632782.0,20260812
Calb1,8,12,0.8090760111808777,1295040,"[71717640, 78591326, 78591328, 78591334, 78591336, 78591338, 78591342, 78632778, 78632780, 79556672, 79721610, 79721630, 79721740, 80409523, 80409525]","[78591330, 78591332, 78591340, 78591384, 78632766, 78632776, 79709470, 80409527]",78632782.0,20260812
Calb1,8,13,0.8026262521743774,1295040,"[78591326, 78591332, 78591334, 78591338, 78591340, 78591342, 78591384, 78632776, 78632778, 78632780, 79556672, 79709470, 79721509, 79721610, 80409527]","[71717640, 78591328, 78591330, 78591336, 79721630, 79721740, 80409523, 80409532]",78632782.0,20260812
Calb1,8,14,0.8182752132415771,1295040,"[71717640, 78591326, 78591328, 78591340, 78591384, 78632776, 78632778, 79556672, 79721509, 79721610, 79721630, 79721740, 80409523, 80409525, 80409532]","[78591332, 78591334, 78591336, 78591338, 78632766, 78632780, 79709470, 80409527]",78632782.0,20260812
Calb1,8,15,0.8096323013305664,1295040,"[71717640, 78591326, 78591332, 78591334, 78591342, 78591384, 78632776, 78632778, 79709470, 79721509, 79721610, 79721630, 79721740, 80409523, 80409527]","[78591328, 78591336, 78591338, 78632766, 78632780, 79556672, 80409525, 80409532]",78632782.0,20260812
Calb1,8,16,0.8064441680908203,1295040,"[71717640, 78591326, 78591328, 78591332, 78591338, 78591384, 78632766, 78632778, 78632780, 79556672, 79721630, 79721740, 80409525, 80409527, 80409532]","[78591330, 78591334, 78591336, 78632776, 79709470, 79721509, 79721610, 80409523]",78632782.0,20260812
Calb1,8,17,0.8162115812301636,1295040,"[78591330, 78591332, 78591338, 78591340, 78591342, 78591384, 78632766, 78632776, 78632780, 79709470, 79721610, 79721740, 80409523, 80409527, 80409532]","[78591326, 78591328, 78591334, 78591336, 78632778, 79556672, 79721509, 79721630]",78632782.0,20260812
Calb1,8,18,0.8033028841018677,1295040,"[71717640, 78591326, 78591330, 78591332, 78591334, 78591340, 78591342, 78632766, 78632776, 78632778, 79556672, 79709470, 79721740, 80409525, 80409527]","[78591328, 78591336, 78591338, 78591384, 78632780, 79721610, 79721630, 80409532]",78632782.0,20260812
Calb1,8,19,0.806301474571228,1295040,"[71717640, 78591326, 78591328, 78591332, 78591334, 78591342, 78632776, 78632778, 78632780, 79709470, 79721630, 80409523, 80409525, 80409527, 80409532]","[78591330, 78591336, 78591338, 78591340, 78591384, 79556672, 79721610, 79721740]",78632782.0,20260812
Calb1,8,20,0.8120145797729492,1295040,"[71717640, 78591326, 78591328, 78591330, 78591332, 78591334, 78591336, 78591338, 78632766, 78632778, 79709470, 79721610, 79721630, 80409527, 80409532]","[78591340, 78591384, 78632776, 78632780, 79556672, 79721509, 80409523, 80409525]",78632782.0,20260812
Calb1,8,21,0.8181722164154053,1295040,"[78591332, 78591340, 78591384, 78632766, 78632776, 78632778, 78632780, 79709470, 79721509, 79721610, 79721630, 79721740, 80409523, 80409527, 80409532]","[71717640, 78591330, 78591334, 78591336, 78591338, 78591342, 79556672, 80409525]",78632782.0,20260812
Calb1,8,22,0.8119185566902161,1295040,"[71717640, 78591326, 78591330, 78591332, 78591334, 78591340, 78591342, 78632776, 79556672, 79721509, 79721610, 79721630, 80409525, 80409527, 80409532]","[78591328, 78591336, 78591384, 78632766, 78632778, 78632780, 79709470, 80409523]",78632782.0,20260812
Calb1,8,23,0.8142247200012207,1295040,"[78591330, 78591332, 78591336, 78591338, 78591340, 78591342, 78591384, 78632766, 78632776, 78632778, 79721740, 80409523, 80409525, 80409527, 80409532]","[71717640, 78591328, 78591334, 78632780, 79709470, 79721509, 79721610, 79721630]",78632782.0,20260812
Calb1,8,24,0.796014666557312,1295040,"[71717640, 78591332, 78591334, 78591338, 78591340, 78591342, 78591384, 78632766, 78632776, 78632778, 79556672, 79709470, 80409523, 80409525, 80409527]","[78591326, 78591330, 78591336, 78632780, 79721509, 79721610, 79721740, 80409532]",78632782.0,20260812
Calb1,8,25,0.8032273054122925,1295040,"[78591326, 78591328, 78591332, 78591334, 78591342, 78632766, 78632778, 78632780, 79556672, 79709470, 79721509, 79721610, 79721630, 80409523, 80409527]","[71717640, 78591330, 78591336, 78591340, 78591384, 78632776, 79721740, 80409525]",78632782.0,20260812
Calb1,8,26,0.8086605668067932,1295040,"[78591328, 78591330, 78591332, 78591334, 78591336, 78591342, 78632776, 78632778, 79721610, 79721630, 79721740, 80409523, 80409525, 80409527, 80409532]","[71717640, 78591326, 78591338, 78591340, 78591384, 78632766, 78632780, 79556672]",78632782.0,20260812
Calb1,8,27,0.8081700801849365,1295040,"[71717640, 78591326, 78591328, 78591330, 78591332, 78591334, 78591340, 78591342, 78632766, 78632778, 78632780, 79556672, 79709470, 79721509, 80409525]","[78591336, 78591338, 78591384, 78632776, 79721610, 79721740, 80409523, 80409532]",78632782.0,20260812
Calb1,8,28,0.811633825302124,1295040,"[71717640, 78591334, 78591336, 78591338, 78591342, 78591384, 78632766, 78632780, 79556672, 79709470, 79721610, 79721630, 79721740, 80409525, 80409532]","[78591326, 78591328, 78591330, 78591332, 78591340, 79721509, 80409523, 80409527]",78632782.0,20260812
Calb1,8,29,0.7904417514801025,1295040,"[71717640, 78591328, 78591332, 78591336, 78591338, 78591340, 78632766, 78632780, 79556672, 79721509, 79721610, 79721630, 80409523, 80409525, 80409532]","[78591330, 78591334, 78591342, 78591384, 78632776, 78632778, 79721740, 80409527]",78632782.0,20260812
Calb1,8,30,0.792209267616272,1295040,"[71717640, 78591328, 78591330, 78591332, 78591338, 78591340, 78591342, 78632766, 78632778, 78632780, 79709470, 79721610, 79721630, 80409523, 80409532]","[78591326, 78591336, 78591384, 78632776, 79556672, 79721740, 80409525, 80409527]",78632782.0,20260812
Calb1,8,31,0.8119877576828003,1295040,"[71717640, 78591328, 78591334, 78591340, 78591342, 78591384, 78632776, 78632778, 78632780, 79709470, 79721509, 79721610, 79721630, 79721740, 80409525]","[78591326, 78591330, 78591332, 78591338, 78632766, 80409523, 80409527, 80409532]",78632782.0,20260812
Calb1,8,32,0.8099845051765442,1295040,"[71717640, 78591326, 78591328, 78591334, 78591336, 78591340, 78591384, 78632766, 78632780, 79556672, 79721509, 80409523, 80409525, 80409527, 80409532]","[78591330, 78591332, 78591338, 78591342, 78632776, 78632778, 79709470, 79721740]",78632782.0,20260812
Calb1,8,33,0.8136052489280701,1295040,"[78591326, 78591328, 78591332, 78591334, 78591336, 78591338, 78591384, 78632766, 78632776, 78632778, 78632780, 79556672, 79721630, 79721740, 80409527]","[71717640, 78591340, 78591342, 79709470, 79721509, 79721610, 80409523, 80409525]",78632782.0,20260812
Calb1,8,34,0.8009171485900879,1295040,"[71717640, 78591326, 78591330, 78591334, 78591338, 78591340, 78591342, 78591384, 78632766, 78632776, 78632778, 79556672, 79721740, 80409523, 80409527]","[78591328, 78632780, 79709470, 79721509, 79721610, 79721630, 80409525, 80409532]",78632782.0,20260812
Calb1,8,35,0.8216032981872559,1295040,"[71717640, 78591326, 78591330, 78591332, 78591338, 78591342, 78591384, 78632766, 78632780, 79721610, 79721630, 79721740, 80409523, 80409525, 80409527]","[78591328, 78591334, 78591336, 78591340, 78632776, 79556672, 79721509, 80409532]",78632782.0,20260812
Calb1,8,36,0.8016991019248962,1295040,"[78591330, 78591336, 78591338, 78591340, 78591384, 78632776, 78632778, 79709470, 79721509, 79721610, 79721630, 80409523, 80409525, 80409527, 80409532]","[78591326, 78591332, 78591334, 78591342, 78632766, 78632780, 79556672, 79721740]",78632782.0,20260812
Calb1,8,37,0.7936633229255676,1295040,"[71717640, 78591328, 78591334, 78591338, 78591340, 78591342, 78632778, 79556672, 79709470, 79721509, 79721610, 79721740, 80409525, 80409527, 80409532]","[78591326, 78591330, 78591336, 78591384, 78632766, 78632776, 79721630, 80409523]",78632782.0,20260812
Calb1,8,38,0.8182120323181152,1295040,"[71717640, 78591326, 78591334, 78591336, 78591340, 78591342, 78632766, 78632776, 78632778, 78632780, 79556672, 79721509, 79721630, 80409523, 80409532]","[78591332, 78591338, 78591384, 79709470, 79721610, 79721740, 80409525, 80409527]",78632782.0,20260812
Calb1,8,39,0.8051984906196594,1295040,"[71717640, 78591328, 78591334, 78591338, 78591340, 78591342, 78591384, 78632776, 78632778, 78632780, 79709470, 79721509, 79721610, 80409525, 80409532]","[78591330, 78591336, 78632766, 79556672, 79721630, 79721740, 80409523, 80409527]",78632782.0,20260812
Calb1,8,40,0.8225622177124023,1295040,"[71717640, 78591328, 78591330, 78591338, 78591340, 78591342, 78591384, 78632776, 78632780, 79556672, 79709470, 79721610, 79721740, 80409525, 80409527]","[78591326, 78591332, 78591334, 78591336, 78632778, 79721509, 80409523, 80409532]",78632782.0,20260812
Calb1,8,41,0.802864134311676,1295040,"[71717640, 78591326, 78591328, 78591330, 78591332, 78591336, 78591342, 78591384, 78632766, 78632776, 79709470, 79721610, 79721740, 80409523, 80409525]","[78591334, 78591340, 78632780, 79556672, 79721509, 79721630, 80409527, 80409532]",78632782.0,20260812
Calb1,8,42,0.8170945644378662,1295040,"[78591330, 78591334, 78591336, 78591338, 78591340, 78591342, 78632766, 78632776, 79556672, 79721509, 79721630, 79721740, 80409523, 80409527, 80409532]","[71717640, 78591326, 78591328, 78591332, 78591384, 78632778, 78632780, 79709470]",78632782.0,20260812
Calb1,8,43,0.8098262548446655,1295040,"[71717640, 78591330, 78591332, 78591334, 78591336, 78591338, 78591340, 78591384, 78632776, 78632780, 79721509, 79721630, 79721740, 80409523, 80409525]","[78591326, 78591328, 78632766, 78632778, 79556672, 79709470, 79721610, 80409527]",78632782.0,20260812
Calb1,8,44,0.7940535545349121,1295040,"[71717640, 78591326, 78591328, 78591332, 78591336, 78591338, 78591340, 78632780, 79709470, 79721630, 79721740, 80409523, 80409525, 80409527, 80409532]","[78591330, 78591334, 78591384, 78632776, 78632778, 79556672, 79721509, 79721610]",78632782.0,20260812
Calb1,8,45,0.8155359029769897,1295040,"[71717640, 78591326, 78591330, 78591332, 78591336, 78591338, 78591342, 78591384, 78632776, 79709470, 79721630, 79721740, 80409523, 80409525, 80409527]","[78591334, 78632766, 78632778, 78632780, 79556672, 79721509, 79721610, 80409532]",78632782.0,20260812
Calb1,8,46,0.8087931871414185,1295040,"[78591328, 78591330, 78591332, 78591334, 78591338, 78591340, 78632766, 78632778, 78632780, 79709470, 79721509, 79721630, 79721740, 80409525, 80409527]","[78591326, 78591336, 78591342, 78591384, 78632776, 79556672, 80409523, 80409532]",78632782.0,20260812
Calb1,8,47,0.8028866052627563,1295040,"[78591326, 78591328, 78591330, 78591332, 78591338, 78591340, 78591342, 78591384, 78632776, 78632780, 79709470, 79721610, 79721740, 80409523, 80409532]","[71717640, 78591336, 78632766, 78632778, 79556672, 79721630, 80409525, 80409527]",78632782.0,20260812
Calb1,8,48,0.8087140917778015,1295040,"[71717640, 78591326, 78591328, 78591330, 78591332, 78591336, 78591340, 78591342, 78591384, 78632766, 78632776, 79721509, 79721630, 80409523, 80409532]","[78591334, 78591338, 78632778, 78632780, 79709470, 79721610, 79721740, 80409525]",78632782.0,20260812
Calb1,8,49,0.8118223547935486,1295040,"[71717640, 78591326, 78591328, 78591330, 78591332, 78591342, 78591384, 78632778, 79709470, 79721509, 79721630, 79721740, 80409523, 80409527, 80409532]","[78591336, 78591340, 78632766, 78632776, 78632780, 79556672, 79721610, 80409525]",78632782.0,20260812
Calb1,8,50,0.8102467656135559,1295040,"[71717640, 78591326, 78591328, 78591332, 78591338, 78591340, 78591384, 78632766, 78632780, 79721509, 79721610, 79721740, 80409525, 80409527, 80409532]","[78591330, 78591336, 78632776, 78632778, 79556672, 79709470, 79721630, 80409523]",78632782.0,20260812
Calb1,8,51,0.7914851307868958,1295040,"[71717640, 78591326, 78591328, 78591330, 78591334, 78591336, 78591338, 78591340, 78632766, 79709470, 79721509, 79721610, 79721740, 80409525, 80409532]","[78591332, 78591342, 78591384, 78632778, 78632780, 79556672, 80409523, 80409527]",78632782.0,20260812
Calb1,8,52,0.7910625338554382,1295040,"[71717640, 78591326, 78591328, 78591330, 78591334, 78591336, 78591340, 78591384, 78632766, 78632778, 78632780, 79556672, 79709470, 80409525, 80409532]","[78591332, 78591338, 78591342, 79721610, 79721630, 79721740, 80409523, 80409527]",78632782.0,20260812
Calb1,8,53,0.8017218112945557,1295040,"[78591326, 78591328, 78591334, 78591336, 78591338, 78591340, 78591342, 78591384, 78632776, 78632778, 79721610, 79721740, 80409523, 80409527, 80409532]","[71717640, 78591330, 78591332, 78632780, 79556672, 79709470, 79721630, 80409525]",78632782.0,20260812
Calb1,8,54,0.807216465473175,1295040,"[78591326, 78591328, 78591330, 78591334, 78591336, 78591340, 78591342, 78591384, 78632778, 78632780, 79721509, 79721610, 79721740, 80409523, 80409527]","[78591332, 78632766, 78632776, 79556672, 79709470, 79721630, 80409525, 80409532]",78632782.0,20260812
Calb1,8,55,0.7930898666381836,1295040,"[78591326, 78591328, 78591330, 78591332, 78591336, 78591338, 78591342, 78591384, 78632778, 78632780, 79556672, 79709470, 79721509, 79721630, 80409527]","[71717640, 78591334, 78632766, 78632776, 79721610, 79721740, 80409523, 80409532]",78632782.0,20260812
Calb1,8,56,0.8110804557800293,1295040,"[71717640, 78591330, 78591334, 78591342, 78591384, 78632766, 78632776, 78632778, 79556672, 79709470, 79721630, 80409523, 80409525, 80409527, 80409532]","[78591326, 78591336, 78591338, 78591340, 78632780, 79721509, 79721610, 79721740]",78632782.0,20260812
Calb1,8,57,0.8021855354309082,1295040,"[71717640, 78591330, 78591338, 78591384, 78632766, 78632776, 78632780, 79556672, 79709470, 79721610, 79721740, 80409523, 80409525, 80409527, 80409532]","[78591326, 78591328, 78591332, 78591334, 78591336, 78591342, 79721509, 79721630]",78632782.0,20260812
Calb1,8,58,0.80908203125,1295040,"[78591326, 78591328, 78591330, 78591334, 78591338, 78591384, 78632766, 78632778, 79556672, 79709470, 79721509, 79721610, 79721630, 80409525, 80409527]","[71717640, 78591332, 78591336, 78591340, 78591342, 78632776, 78632780, 80409523]",78632782.0,20260812
Calb1,8,59,0.7961956262588501,1295040,"[78591328, 78591330, 78591336, 78591338, 78591340, 78591384, 78632776, 78632778, 79556672, 79721509, 79721630, 79721740, 80409525, 80409527, 80409532]","[71717640, 78591326, 78591332, 78632766, 78632780, 79709470, 79721610, 80409523]",78632782.0,20260812
Calb1,8,60,0.8075629472732544,1295040,"[71717640, 78591326, 78591334, 78591336, 78591338, 78591340, 78591342, 78632766, 78632780, 79721630, 79721740, 80409523, 80409525, 80409527, 80409532]","[78591328, 78591330, 78591332, 78591384, 78632776, 78632778, 79709470, 79721509]",78632782.0,20260812
Calb1,8,61,0.8031725287437439,1295040,"[78591328, 78591330, 78591332, 78591336, 78591338, 78591342, 78591384, 78632776, 78632778, 78632780, 79709470, 79721509, 79721630, 79721740, 80409527]","[71717640, 78591326, 78591340, 78632766, 79556672, 79721610, 80409525, 80409532]",78632782.0,20260812
Calb1,8,62,0.7973618507385254,1295040,"[78591328, 78591330, 78591334, 78591336, 78591338, 78591340, 78591384, 78632766, 78632776, 79721509, 79721610, 79721630, 79721740, 80409525, 80409527]","[71717640, 78591326, 78591332, 78591342, 79556672, 79709470, 80409523, 80409532]",78632782.0,20260812
Calb1,8,63,0.7986201047897339,1295040,"[71717640, 78591326, 78591328, 78591330, 78591332, 78591334, 78591336, 78591342, 78591384, 78632766, 78632778, 79556672, 79721610, 80409525, 80409527]","[78591338, 78591340, 78632780, 79721509, 79721630, 79721740, 80409523, 80409532]",78632782.0,20260812
Calb1,8,64,0.8185109496116638,1295040,"[78591326, 78591328, 78591336, 78591338, 78591340, 78591342, 78591384, 78632776, 78632778, 78632780, 79556672, 79721610, 79721740, 80409523, 80409532]","[71717640, 78591330, 78591332, 78591334, 79709470, 79721509, 79721630, 80409525]",78632782.0,20260812
Calb1,8,65,0.8222319483757019,1295040,"[71717640, 78591326, 78591328, 78591330, 78591332, 78591338, 78591384, 78632776, 78632778, 78632780, 79709470, 79721509, 79721630, 80409527, 80409532]","[78591334, 78591336, 78591340, 78591342, 78632766, 79721610, 79721740, 80409525]",78632782.0,20260812
Calb1,8,66,0.7817656993865967,1295040,"[78591326, 78591328, 78591330, 78591332, 78591336, 78591338, 78591340, 78632776, 78632780, 79556672, 79709470, 79721509, 79721630, 79721740, 80409525]","[78591334, 78591384, 78632766, 78632778, 79721610, 80409523, 80409527, 80409532]",78632782.0,20260812
Calb1,8,67,0.8043258190155029,1295040,"[71717640, 78591326, 78591328, 78591332, 78591342, 78632766, 78632776, 78632778, 78632780, 79709470, 79721630, 79721740, 80409523, 80409525, 80409527]","[78591330, 78591334, 78591336, 78591340, 78591384, 79556672, 79721509, 80409532]",78632782.0,20260812
Calb1,8,68,0.8145424723625183,1295040,"[71717640, 78591330, 78591332, 78591334, 78591336, 78591338, 78632766, 78632776, 78632778, 78632780, 79556672, 79721509, 79721610, 80409523, 80409525]","[78591326, 78591328, 78591340, 78591342, 78591384, 79721630, 79721740, 80409527]",78632782.0,20260812
Calb1,8,69,0.8152886033058167,1295040,"[71717640, 78591326, 78591328, 78591330, 78591338, 78591340, 78591342, 78632776, 78632778, 78632780, 79721630, 80409523, 80409525, 80409527, 80409532]","[78591332, 78591336, 78591384, 78632766, 79556672, 79709470, 79721610, 79721740]",78632782.0,20260812
Calb1,8,70,0.7997454404830933,1295040,"[71717640, 78591326, 78591328, 78591332, 78591334, 78591336, 78591338, 78591340, 78632776, 78632780, 79709470, 79721509, 79721610, 79721740, 80409532]","[78591330, 78591384, 78632766, 78632778, 79556672, 79721630, 80409525, 80409527]",78632782.0,20260812
Calb1,8,71,0.7987651824951172,1295040,"[71717640, 78591328, 78591330, 78591332, 78591334, 78591338, 78591340, 78632766, 78632776, 78632778, 78632780, 79556672, 79721610, 80409523, 80409525]","[78591326, 78591336, 78591384, 79709470, 79721509, 79721630, 79721740, 80409527]",78632782.0,20260812
Calb1,8,72,0.8000885248184204,1295040,"[78591326, 78591328, 78591330, 78591332, 78591334, 78591336, 78591338, 78591340, 78591384, 78632766, 78632776, 79721509, 79721610, 80409523, 80409527]","[71717640, 78591342, 78632778, 78632780, 79556672, 79721630, 79721740, 80409525]",78632782.0,20260812
Calb1,8,73,0.8133130669593811,1295040,"[71717640, 78591328, 78591332, 78591336, 78591342, 78591384, 78632766, 78632778, 79556672, 79709470, 79721509, 79721740, 80409525, 80409527, 80409532]","[78591326, 78591330, 78591334, 78591338, 78591340, 78632776, 78632780, 79721610]",78632782.0,20260812
Calb1,8,74,0.8146459460258484,1295040,"[71717640, 78591330, 78591332, 78591338, 78591340, 78591342, 78591384, 78632766, 78632778, 79556672, 79709470, 79721509, 79721740, 80409523, 80409525]","[78591326, 78591328, 78591334, 78591336, 78632776, 78632780, 79721610, 80409527]",78632782.0,20260812
Calb1,8,75,0.8091042041778564,1295040,"[78591326, 78591328, 78591330, 78591332, 78591334, 78591338, 78591340, 78591384, 78632776, 78632778, 79709470, 79721509, 79721630, 80409523, 80409532]","[71717640, 78591336, 78591342, 78632766, 79556672, 79721740, 80409525, 80409527]",78632782.0,20260812
Calb1,8,76,0.8002487421035767,1295040,"[71717640, 78591330, 78591332, 78591336, 78591338, 78591340, 78591342, 78632766, 78632776, 78632778, 78632780, 79721610, 80409525, 80409527, 80409532]","[78591328, 78591334, 78591384, 79556672, 79709470, 79721509, 79721630, 79721740]",78632782.0,20260812
Calb1,8,77,0.7963624596595764,1295040,"[71717640, 78591326, 78591328, 78591332, 78591334, 78591340, 78591342, 78591384, 78632778, 79556672, 79721509, 79721610, 79721630, 79721740, 80409532]","[78591330, 78632766, 78632776, 78632780, 79709470, 80409523, 80409525, 80409527]",78632782.0,20260812
Calb1,8,78,0.7915275692939758,1295040,"[71717640, 78591326, 78591328, 78591332, 78591336, 78591338, 78591384, 78632766, 79556672, 79721509, 79721630, 79721740, 80409525, 80409527, 80409532]","[78591330, 78591340, 78591342, 78632778, 78632780, 79709470, 79721610, 80409523]",78632782.0,20260812
Calb1,8,79,0.7978620529174805,1295040,"[78591326, 78591328, 78591332, 78591334, 78591336, 78632766, 78632780, 79556672, 79721509, 79721610, 79721630, 79721740, 80409525, 80409527, 80409532]","[71717640, 78591330, 78591340, 78591384, 78632776, 78632778, 79709470, 80409523]",78632782.0,20260812
Calb1,8,80,0.818358302116394,1295040,"[78591326, 78591328, 78591332, 78591334, 78591336, 78591340, 78591384, 78632766, 78632776, 79721509, 79721630, 80409523, 80409525, 80409527, 80409532]","[71717640, 78591338, 78591342, 78632778, 78632780, 79556672, 79709470, 79721610]",78632782.0,20260812
Calb1,8,81,0.8005285263061523,1295040,"[71717640, 78591326, 78591332, 78591334, 78591336, 78591338, 78591384, 78632766, 78632776, 79556672, 79721610, 79721740, 80409523, 80409525, 80409527]","[78591328, 78591330, 78591342, 78632778, 78632780, 79709470, 79721509, 79721630]",78632782.0,20260812
Calb1,8,82,0.7962018251419067,1295040,"[71717640, 78591326, 78591328, 78591330, 78591334, 78591336, 78591338, 78591340, 78591384, 78632766, 78632776, 78632780, 79709470, 79721630, 80409523]","[78591332, 78591342, 78632778, 79556672, 79721509, 79721740, 80409527, 80409532]",78632782.0,20260812
Calb1,8,83,0.7893627882003784,1295040,"[78591326, 78591328, 78591330, 78591332, 78591334, 78591338, 78591340, 78591342, 78632776, 78632780, 79556672, 79709470, 79721509, 80409523, 80409527]","[78591384, 78632766, 78632778, 79721610, 79721630, 79721740, 80409525, 80409532]",78632782.0,20260812
Calb1,8,84,0.8221123218536377,1295040,"[78591326, 78591330, 78591332, 78591336, 78591338, 78591384, 78632776, 79709470, 79721509, 79721610, 79721630, 79721740, 80409523, 80409525, 80409527]","[71717640, 78591328, 78591334, 78591340, 78591342, 78632766, 78632780, 79556672]",78632782.0,20260812
Calb1,8,85,0.7854445576667786,1295040,"[71717640, 78591328, 78591330, 78591334, 78591340, 78591384, 78632776, 78632778, 79709470, 79721630, 79721740, 80409523, 80409525, 80409527, 80409532]","[78591326, 78591332, 78591336, 78591338, 78591342, 78632766, 78632780, 79556672]",78632782.0,20260812
Calb1,8,86,0.8112691640853882,1295040,"[71717640, 78591326, 78591328, 78591330, 78591332, 78591334, 78591338, 78591340, 78591342, 78632766, 78632776, 78632780, 79709470, 79721610, 80409525]","[78591336, 78632778, 79556672, 79721509, 79721740, 80409523, 80409527, 80409532]",78632782.0,20260812
Calb1,8,87,0.8148544430732727,1295040,"[71717640, 78591326, 78591328, 78591330, 78591332, 78591334, 78591342, 78591384, 78632780, 79556672, 79709470, 79721610, 79721630, 80409525, 80409532]","[78591336, 78591340, 78632776, 78632778, 79721509, 79721740, 80409523, 80409527]",78632782.0,20260812
Calb1,8,88,0.7959357500076294,1295040,"[71717640, 78591328, 78591330, 78591336, 78591338, 78591340, 78591342, 78591384, 78632766, 78632776, 78632778, 78632780, 79556672, 80409525, 80409527]","[78591332, 79709470, 79721509, 79721610, 79721630, 79721740, 80409523, 80409532]",78632782.0,20260812
Calb1,8,89,0.7989902496337891,1295040,"[71717640, 78591326, 78591328, 78591330, 78591334, 78591336, 78591384, 78632766, 78632776, 78632780, 79709470, 79721509, 79721610, 79721630, 79721740]","[78591332, 78591340, 78591342, 78632778, 79556672, 80409523, 80409525, 80409527]",78632782.0,20260812
Calb1,8,90,0.8132607936859131,1295040,"[71717640, 78591328, 78591338, 78591340, 78591384, 78632766, 78632776, 78632778, 78632780, 79556672, 79721740, 80409523, 80409525, 80409527, 80409532]","[78591330, 78591334, 78591336, 78591342, 79709470, 79721509, 79721610, 79721630]",78632782.0,20260812
Calb1,8,91,0.8168036341667175,1295040,"[71717640, 78591330, 78591334, 78591336, 78591340, 78591342, 78591384, 78632766, 78632776, 78632780, 79709470, 79721509, 79721740, 80409527, 80409532]","[78591326, 78591328, 78591332, 78591338, 78632778, 79556672, 80409523, 80409525]",78632782.0,20260812
Calb1,8,92,0.8044218420982361,1295040,"[78591330, 78591332, 78591334, 78591336, 78591340, 78591342, 78591384, 78632766, 78632776, 79709470, 79721509, 79721610, 79721740, 80409527, 80409532]","[71717640, 78591328, 78591338, 78632778, 78632780, 79556672, 79721630, 80409525]",78632782.0,20260812
Calb1,8,93,0.7960520386695862,1295040,"[78591332, 78591334, 78591338, 78591340, 78591342, 78632766, 78632776, 78632780, 79556672, 79721509, 79721610, 79721740, 80409523, 80409525, 80409527]","[78591326, 78591330, 78591336, 78591384, 78632778, 79709470, 79721630, 80409532]",78632782.0,20260812
Calb1,8,94,0.817162036895752,1295040,"[78591328, 78591336, 78591338, 78591340, 78591342, 78591384, 78632776, 78632778, 78632780, 79556672, 79709470, 79721509, 79721740, 80409527, 80409532]","[78591326, 78591330, 78591332, 78591334, 78632766, 79721610, 79721630, 80409523]",78632782.0,20260812
Calb1,8,95,0.8060566186904907,1295040,"[78591326, 78591328, 78591330, 78591332, 78591336, 78591340, 78591384, 78632778, 79556672, 79721509, 79721610, 79721630, 79721740, 80409525, 80409532]","[71717640, 78591334, 78591338, 78632766, 78632776, 79709470, 80409523, 80409527]",78632782.0,20260812
Calb1,8,96,0.8129222393035889,1295040,"[71717640, 78591326, 78591334, 78591336, 78591338, 78591340, 78591342, 78591384, 78632780, 79709470, 79721610, 79721630, 79721740, 80409523, 80409525]","[78591328, 78591330, 78591332, 78632766, 78632776, 78632778, 79721509, 80409527]",78632782.0,20260812
Calb1,8,97,0.8026893138885498,1295040,"[78591330, 78591332, 78591336, 78591340, 78591342, 78632766, 78632778, 79556672, 79709470, 79721630, 79721740, 80409523, 80409525, 80409527, 80409532]","[71717640, 78591328, 78591334, 78591338, 78632776, 78632780, 79721509, 79721610]",78632782.0,20260812
Calb1,8,98,0.7820322513580322,1295040,"[71717640, 78591328, 78591330, 78591334, 78591338, 78591340, 78632766, 78632776, 78632778, 79556672, 79709470, 79721740, 80409523, 80409525, 80409527]","[78591326, 78591332, 78591342, 78591384, 78632780, 79721509, 79721630, 80409532]",78632782.0,20260812
Calb1,8,99,0.7924027442932129,1295040,"[78591326, 78591330, 78591332, 78591336, 78591338, 78591342, 78632766, 78632776, 78632778, 78632780, 79709470, 79721509, 79721610, 79721630, 80409532]","[71717640, 78591334, 78591340, 78591384, 79721740, 80409523, 80409525, 80409527]",78632782.0,20260812
Calb1,9,0,0.8003774881362915,1295040,"[78591328, 78591332, 78591338, 78591340, 78591342, 78591384, 78632778, 78632780, 79709470, 79721509, 79721610, 79721630, 79721740, 80409525, 80409532]","[71717640, 78591326, 78591330, 78591334, 78591336, 78632766, 78632776, 79556672, 80409523]",78632782.0,20260812
Calb1,9,1,0.8055434226989746,1295040,"[78591326, 78591328, 78591330, 78591336, 78591338, 78591342, 78591384, 78632766, 78632776, 78632778, 79556672, 79709470, 79721509, 80409523, 80409525]","[71717640, 78591332, 78591334, 78591340, 78632780, 79721610, 79721630, 79721740, 80409532]",78632782.0,20260812
Calb1,9,2,0.8099632263183594,1295040,"[71717640, 78591328, 78591330, 78591334, 78591338, 78591340, 78632766, 78632776, 78632778, 78632780, 79721509, 79721740, 80409525, 80409527, 80409532]","[78591326, 78591332, 78591342, 78591384, 79556672, 79709470, 79721610, 79721630, 80409523]",78632782.0,20260812
Calb1,9,3,0.8186317682266235,1295040,"[78591332, 78591334, 78591336, 78591338, 78632766, 78632776, 78632778, 78632780, 79556672, 79709470, 79721509, 79721610, 80409525, 80409527, 80409532]","[71717640, 78591326, 78591328, 78591330, 78591342, 78591384, 79721630, 79721740, 80409523]",78632782.0,20260812
Calb1,9,4,0.8181784152984619,1295040,"[78591326, 78591330, 78591332, 78591334, 78591336, 78591338, 78591340, 78591342, 78632780, 79709470, 79721509, 79721610, 80409523, 80409525, 80409532]","[71717640, 78591328, 78591384, 78632766, 78632776, 78632778, 79556672, 79721630, 80409527]",78632782.0,20260812
Calb1,9,5,0.8130266666412354,1295040,"[78591326, 78591328, 78591330, 78591334, 78591336, 78591338, 78591340, 78632766, 78632778, 78632780, 79556672, 79709470, 79721630, 80409525, 80409532]","[71717640, 78591342, 78591384, 78632776, 79721509, 79721610, 79721740, 80409523, 80409527]",78632782.0,20260812
Calb1,9,6,0.8058629035949707,1295040,"[71717640, 78591326, 78591328, 78591336, 78591338, 78632766, 78632776, 78632778, 78632780, 79709470, 79721509, 79721740, 80409523, 80409527, 80409532]","[78591330, 78591334, 78591340, 78591342, 78591384, 79556672, 79721610, 79721630, 80409525]",78632782.0,20260812
Calb1,9,7,0.8279501795768738,1295040,"[78591330, 78591332, 78591334, 78591336, 78591338, 78591340, 78591384, 78632766, 78632776, 78632780, 79556672, 79709470, 79721630, 80409525, 80409527]","[71717640, 78591326, 78591328, 78591342, 78632778, 79721509, 79721610, 79721740, 80409523]",78632782.0,20260812
Calb1,9,8,0.8100927472114563,1295040,"[78591326, 78591328, 78591332, 78591336, 78591338, 78591340, 78591384, 78632766, 78632778, 78632780, 79556672, 79709470, 79721610, 79721740, 80409527]","[71717640, 78591330, 78591334, 78632776, 79721509, 79721630, 80409523, 80409525, 80409532]",78632782.0,20260812
Calb1,9,9,0.816338300704956,1295040,"[71717640, 78591326, 78591332, 78591334, 78591336, 78591338, 78591340, 78591384, 78632766, 78632776, 78632780, 79709470, 79721630, 80409527, 80409532]","[78591328, 78591330, 78591342, 78632778, 79556672, 79721610, 79721740, 80409523, 80409525]",78632782.0,20260812
Calb1,9,10,0.8118604421615601,1295040,"[78591326, 78591336, 78591342, 78632776, 78632778, 78632780, 79556672, 79709470, 79721509, 79721610, 79721630, 79721740, 80409525, 80409527, 80409532]","[71717640, 78591328, 78591330, 78591332, 78591334, 78591338, 78591384, 78632766, 80409523]",78632782.0,20260812
Calb1,9,11,0.819185733795166,1295040,"[78591328, 78591330, 78591334, 78591338, 78591340, 78591342, 78632766, 78632776, 78632780, 79556672, 79721630, 79721740, 80409523, 80409525, 80409527]","[71717640, 78591326, 78591332, 78591336, 78591384, 78632778, 79709470, 79721509, 80409532]",78632782.0,20260812
Calb1,9,12,0.814491331577301,1295040,"[78591326, 78591328, 78591336, 78591338, 78591340, 78591342, 78591384, 78632766, 78632778, 79556672, 79721509, 79721740, 80409523, 80409525, 80409532]","[71717640, 78591330, 78591332, 78632776, 78632780, 79709470, 79721610, 79721630, 80409527]",78632782.0,20260812
Calb1,9,13,0.8216531276702881,1295040,"[71717640, 78591326, 78591328, 78591330, 78591332, 78591334, 78591340, 78591384, 78632776, 78632778, 79709470, 79721509, 79721610, 80409525, 80409527]","[78591338, 78591342, 78632766, 78632780, 79556672, 79721630, 79721740, 80409523, 80409532]",78632782.0,20260812
Calb1,9,14,0.817937970161438,1295040,"[78591334, 78591336, 78591340, 78591342, 78591384, 78632766, 78632778, 78632780, 79709470, 79721509, 79721610, 79721630, 80409523, 80409525, 80409527]","[78591326, 78591328, 78591330, 78591332, 78591338, 78632776, 79556672, 79721740, 80409532]",78632782.0,20260812
Calb1,9,15,0.816463053226471,1295040,"[78591326, 78591330, 78591334, 78591336, 78591340, 78591342, 78591384, 79556672, 79709470, 79721610, 79721630, 79721740, 80409523, 80409525, 80409532]","[71717640, 78591328, 78591332, 78591338, 78632766, 78632776, 78632780, 79721509, 80409527]",78632782.0,20260812
Calb1,9,16,0.8069556355476379,1295040,"[71717640, 78591326, 78591332, 78591334, 78591336, 78591338, 78591340, 78591342, 78632776, 78632780, 79709470, 79721630, 79721740, 80409523, 80409525]","[78591328, 78591330, 78591384, 78632766, 78632778, 79556672, 79721509, 80409527, 80409532]",78632782.0,20260812
Calb1,9,17,0.8275140523910522,1295040,"[71717640, 78591326, 78591328, 78591340, 78591342, 78591384, 78632766, 78632778, 79556672, 79709470, 79721509, 79721610, 79721630, 80409525, 80409532]","[78591330, 78591334, 78591336, 78591338, 78632776, 78632780, 79721740, 80409523, 80409527]",78632782.0,20260812
Calb1,9,18,0.821732759475708,1295040,"[71717640, 78591326, 78591330, 78591332, 78591342, 78591384, 78632766, 78632780, 79556672, 79709470, 79721509, 79721610, 79721630, 80409523, 80409527]","[78591328, 78591334, 78591336, 78591340, 78632776, 78632778, 79721740, 80409525, 80409532]",78632782.0,20260812
Calb1,9,19,0.8083313703536987,1295040,"[71717640, 78591326, 78591328, 78591330, 78591334, 78591336, 78591338, 78591340, 78591384, 78632766, 78632778, 78632780, 79721509, 79721740, 80409527]","[78591342, 78632776, 79556672, 79709470, 79721610, 79721630, 80409523, 80409525, 80409532]",78632782.0,20260812
Calb1,9,20,0.7970254421234131,1295040,"[78591330, 78591332, 78591338, 78591340, 78591342, 78632766, 78632778, 78632780, 79721509, 79721610, 79721630, 79721740, 80409525, 80409527, 80409532]","[71717640, 78591326, 78591328, 78591334, 78591336, 78591384, 78632776, 79709470, 80409523]",78632782.0,20260812
Calb1,9,21,0.8222233057022095,1295040,"[71717640, 78591326, 78591328, 78591332, 78591336, 78591340, 78591342, 78591384, 78632780, 79709470, 79721509, 79721610, 79721740, 80409525, 80409532]","[78591330, 78591334, 78591338, 78632766, 78632776, 78632778, 79556672, 80409523, 80409527]",78632782.0,20260812
Calb1,9,22,0.8016447424888611,1295040,"[78591328, 78591332, 78591334, 78591338, 78591340, 78591342, 78591384, 78632776, 79556672, 79721509, 79721610, 79721630, 79721740, 80409523, 80409525]","[71717640, 78591326, 78591336, 78632766, 78632778, 78632780, 79709470, 80409527, 80409532]",78632782.0,20260812
Calb1,9,23,0.8230742812156677,1295040,"[78591326, 78591330, 78591332, 78591338, 78591340, 78591342, 78591384, 78632778, 78632780, 79709470, 79721610, 79721740, 80409523, 80409525, 80409532]","[78591328, 78591334, 78591336, 78632766, 78632776, 79556672, 79721509, 79721630, 80409527]",78632782.0,20260812
Calb1,9,24,0.8122397065162659,1295040,"[71717640, 78591328, 78591330, 78591332, 78591334, 78591338, 78591384, 78632766, 78632778, 78632780, 79709470, 79721509, 79721740, 80409523, 80409532]","[78591326, 78591336, 78591340, 78632776, 79556672, 79721610, 79721630, 80409525, 80409527]",78632782.0,20260812
Calb1,9,25,0.8130500316619873,1295040,"[71717640, 78591326, 78591328, 78591332, 78591336, 78591340, 78591342, 78591384, 78632766, 78632776, 78632778, 79721509, 79721610, 80409523, 80409532]","[78591330, 78591334, 78591338, 78632780, 79709470, 79721630, 79721740, 80409525, 80409527]",78632782.0,20260812
Calb1,9,26,0.8078135251998901,1295040,"[78591326, 78591328, 78591332, 78591336, 78591340, 78591342, 78632766, 78632778, 79556672, 79709470, 79721610, 79721630, 79721740, 80409523, 80409525]","[71717640, 78591330, 78591334, 78591338, 78591384, 78632776, 78632780, 79721509, 80409532]",78632782.0,20260812
Calb1,9,27,0.8214226961135864,1295040,"[71717640, 78591326, 78591328, 78591338, 78591342, 78632776, 78632778, 79556672, 79709470, 79721509, 79721610, 79721630, 79721740, 80409527, 80409532]","[78591330, 78591332, 78591334, 78591336, 78591340, 78591384, 78632766, 80409523, 80409525]",78632782.0,20260812
Calb1,9,28,0.8209818601608276,1295040,"[71717640, 78591328, 78591330, 78591332, 78591334, 78591342, 78632766, 78632776, 78632780, 79709470, 79721610, 79721630, 79721740, 80409525, 80409527]","[78591326, 78591336, 78591338, 78591384, 78632778, 79556672, 79721509, 80409523, 80409532]",78632782.0,20260812
Calb1,9,29,0.8256094455718994,1295040,"[78591326, 78591328, 78591330, 78591338, 78591340, 78591342, 78632766, 78632778, 78632780, 79556672, 79709470, 79721509, 79721630, 79721740, 80409532]","[71717640, 78591332, 78591334, 78591336, 78591384, 78632776, 80409523, 80409525, 80409527]",78632782.0,20260812
Calb1,9,30,0.8117551803588867,1295040,"[78591328, 78591330, 78591332, 78591334, 78591336, 78591342, 78591384, 78632778, 78632780, 79709470, 79721630, 79721740, 80409525, 80409527, 80409532]","[71717640, 78591326, 78591338, 78591340, 78632766, 79556672, 79721509, 79721610, 80409523]",78632782.0,20260812
Calb1,9,31,0.8066331148147583,1295040,"[78591330, 78591332, 78591334, 78591340, 78632766, 78632780, 79709470, 79721509, 79721610, 79721630, 79721740, 80409523, 80409525, 80409527, 80409532]","[71717640, 78591326, 78591328, 78591336, 78591338, 78591342, 78591384, 78632778, 79556672]",78632782.0,20260812
Calb1,9,32,0.8142186403274536,1295040,"[78591328, 78591330, 78591332, 78591334, 78591336, 78591342, 78591384, 78632766, 78632778, 78632780, 79556672, 79721509, 79721740, 80409527, 80409532]","[71717640, 78591326, 78591338, 78591340, 78632776, 79709470, 79721610, 79721630, 80409523]",78632782.0,20260812
Calb1,9,33,0.8196698427200317,1295040,"[78591328, 78591330, 78591332, 78591334, 78591338, 78632766, 78632778, 79556672, 79709470, 79721509, 79721610, 79721630, 79721740, 80409523, 80409527]","[71717640, 78591326, 78591336, 78591340, 78591342, 78591384, 78632776, 78632780, 80409525]",78632782.0,20260812
Calb1,9,34,0.8218937516212463,1295040,"[71717640, 78591328, 78591332, 78591336, 78591340, 78632776, 78632780, 79556672, 79709470, 79721610, 79721630, 79721740, 80409523, 80409527, 80409532]","[78591326, 78591330, 78591334, 78591338, 78591384, 78632766, 78632778, 79721509, 80409525]",78632782.0,20260812
Calb1,9,35,0.8269963264465332,1295040,"[71717640, 78591328, 78591330, 78591336, 78591338, 78591340, 78591342, 78591384, 78632766, 78632776, 78632778, 79709470, 79721630, 80409525, 80409532]","[78591326, 78591332, 78632780, 79556672, 79721509, 79721610, 79721740, 80409523, 80409527]",78632782.0,20260812
Calb1,9,36,0.8117436170578003,1295040,"[71717640, 78591330, 78591332, 78591338, 78591342, 78632776, 78632778, 78632780, 79556672, 79721610, 79721630, 80409523, 80409525, 80409527, 80409532]","[78591326, 78591328, 78591334, 78591336, 78591340, 78591384, 78632766, 79721509, 79721740]",78632782.0,20260812
Calb1,9,37,0.8068887591362,1295040,"[78591328, 78591334, 78591336, 78591338, 78591384, 78632778, 78632780, 79556672, 79721509, 79721630, 79721740, 80409523, 80409525, 80409527, 80409532]","[71717640, 78591326, 78591330, 78591332, 78591340, 78591342, 78632766, 78632776, 79721610]",78632782.0,20260812
Calb1,9,38,0.8143416047096252,1295040,"[78591328, 78591334, 78591336, 78591338, 78591340, 78632766, 78632776, 78632780, 79556672, 79721509, 79721610, 79721630, 80409523, 80409527, 80409532]","[71717640, 78591326, 78591330, 78591332, 78591342, 78591384, 78632778, 79709470, 79721740]",78632782.0,20260812
Calb1,9,39,0.810820460319519,1295040,"[78591326, 78591332, 78591336, 78591340, 78591342, 78632766, 78632778, 79709470, 79721509, 79721630, 79721740, 80409523, 80409525, 80409527, 80409532]","[71717640, 78591328, 78591330, 78591334, 78591338, 78591384, 78632780, 79556672, 79721610]",78632782.0,20260812
Calb1,9,40,0.8119945526123047,1295040,"[78591326, 78591328, 78591332, 78591334, 78591338, 78591340, 78591342, 78591384, 78632776, 78632778, 79556672, 79721509, 79721630, 79721740, 80409523]","[71717640, 78591330, 78591336, 78632766, 78632780, 79709470, 79721610, 80409525, 80409532]",78632782.0,20260812
Calb1,9,41,0.8082503080368042,1295040,"[71717640, 78591326, 78591328, 78591330, 78591334, 78591336, 78591384, 78632776, 78632778, 79556672, 79721509, 79721740, 80409523, 80409525, 80409527]","[78591332, 78591338, 78591340, 78591342, 78632766, 78632780, 79721610, 79721630, 80409532]",78632782.0,20260812
Calb1,9,42,0.8229876756668091,1295040,"[78591326, 78591328, 78591330, 78591334, 78591336, 78632776, 78632778, 78632780, 79721509, 79721630, 79721740, 80409523, 80409525, 80409527, 80409532]","[71717640, 78591338, 78591340, 78591342, 78591384, 78632766, 79556672, 79709470, 79721610]",78632782.0,20260812
Calb1,9,43,0.812644898891449,1295040,"[78591328, 78591330, 78591332, 78591336, 78591338, 78591340, 78591342, 78632776, 79556672, 79721509, 79721610, 79721630, 79721740, 80409525, 80409532]","[71717640, 78591326, 78591384, 78632766, 78632778, 78632780, 79709470, 80409523, 80409527]",78632782.0,20260812
Calb1,9,44,0.8224289417266846,1295040,"[78591326, 78591328, 78591330, 78591332, 78591336, 78591340, 78591384, 78632778, 79556672, 79709470, 79721509, 79721610, 79721740, 80409523, 80409527]","[71717640, 78591334, 78591338, 78591342, 78632766, 78632780, 79721630, 80409525, 80409532]",78632782.0,20260812
Calb1,9,45,0.8239405751228333,1295040,"[71717640, 78591326, 78591328, 78591332, 78591342, 78591384, 78632766, 78632776, 78632778, 78632780, 79556672, 79721509, 79721610, 79721630, 79721740]","[78591330, 78591334, 78591336, 78591338, 78591340, 79709470, 80409523, 80409525, 80409532]",78632782.0,20260812
Calb1,9,46,0.8181219100952148,1295040,"[71717640, 78591326, 78591328, 78591332, 78591334, 78591342, 78591384, 78632766, 78632776, 78632778, 78632780, 79556672, 79721610, 79721630, 80409523]","[78591330, 78591336, 78591338, 78591340, 79709470, 79721509, 80409525, 80409527, 80409532]",78632782.0,20260812
Calb1,9,47,0.8174955248832703,1295040,"[78591326, 78591328, 78591332, 78591334, 78591342, 78591384, 78632766, 78632778, 78632780, 79556672, 79709470, 79721610, 79721630, 80409527, 80409532]","[71717640, 78591330, 78591336, 78591338, 78591340, 78632776, 79721509, 79721740, 80409525]",78632782.0,20260812
Calb1,9,48,0.8138448596000671,1295040,"[78591326, 78591328, 78591332, 78591334, 78591336, 78591338, 78591384, 78632766, 78632780, 79721509, 79721610, 79721630, 80409523, 80409525, 80409532]","[71717640, 78591330, 78591342, 78632776, 78632778, 79556672, 79709470, 79721740, 80409527]",78632782.0,20260812
Calb1,9,49,0.822205662727356,1295040,"[71717640, 78591326, 78591328, 78591332, 78591334, 78591338, 78591340, 78632776, 78632780, 79721610, 79721630, 79721740, 80409523, 80409527, 80409532]","[78591330, 78591336, 78591342, 78632766, 78632778, 79556672, 79709470, 79721509, 80409525]",78632782.0,20260812
Calb1,9,50,0.8275977373123169,1295040,"[71717640, 78591334, 78591338, 78591340, 78591342, 78591384, 78632766, 79556672, 79721509, 79721610, 79721630, 80409523, 80409525, 80409527, 80409532]","[78591326, 78591328, 78591332, 78591336, 78632776, 78632778, 78632780, 79709470, 79721740]",78632782.0,20260812
Calb1,9,51,0.814925491809845,1295040,"[78591330, 78591334, 78591336, 78591338, 78591340, 78591342, 78591384, 78632766, 78632778, 79556672, 79721610, 79721630, 79721740, 80409525, 80409527]","[71717640, 78591326, 78591328, 78632776, 78632780, 79709470, 79721509, 80409523, 80409532]",78632782.0,20260812
Calb1,9,52,0.821669340133667,1295040,"[71717640, 78591326, 78591328, 78591332, 78591334, 78591338, 78591340, 78632766, 78632778, 79556672, 79709470, 79721610, 79721630, 79721740, 80409527]","[78591330, 78591336, 78591342, 78591384, 78632776, 78632780, 79721509, 80409525, 80409532]",78632782.0,20260812
Calb1,9,53,0.8194049000740051,1295040,"[78591326, 78591328, 78591332, 78591334, 78591338, 78591384, 78632776, 78632778, 78632780, 79556672, 79709470, 79721509, 79721610, 79721630, 80409532]","[71717640, 78591330, 78591340, 78591342, 78632766, 79721740, 80409523, 80409525, 80409527]",78632782.0,20260812
Calb1,9,54,0.8250426054000854,1295040,"[71717640, 78591326, 78591328, 78591330, 78591332, 78591338, 78591340, 78591342, 78591384, 78632778, 79709470, 79721610, 79721740, 80409525, 80409532]","[78591334, 78591336, 78632766, 78632776, 78632780, 79556672, 79721509, 79721630, 80409527]",78632782.0,20260812
Calb1,9,55,0.8331965208053589,1295040,"[71717640, 78591330, 78591336, 78591338, 78591342, 78591384, 78632776, 79709470, 79721509, 79721610, 79721630, 79721740, 80409523, 80409527, 80409532]","[78591326, 78591332, 78591334, 78591340, 78632766, 78632778, 78632780, 79556672, 80409525]",78632782.0,20260812
Calb1,9,56,0.82645583152771,1295040,"[71717640, 78591326, 78591334, 78591336, 78591338, 78591340, 78591342, 78632766, 78632776, 79556672, 79721630, 79721740, 80409523, 80409527, 80409532]","[78591328, 78591332, 78591384, 78632778, 78632780, 79709470, 79721509, 79721610, 80409525]",78632782.0,20260812
Calb1,9,57,0.8190352916717529,1295040,"[71717640, 78591328, 78591330, 78591334, 78591336, 78591338, 78632766, 78632780, 79556672, 79721610, 79721740, 80409523, 80409525, 80409527, 80409532]","[78591326, 78591332, 78591340, 78591342, 78591384, 78632778, 79709470, 79721509, 79721630]",78632782.0,20260812
Calb1,9,58,0.8231034874916077,1295040,"[78591330, 78591332, 78591336, 78591340, 78632766, 78632776, 78632778, 78632780, 79556672, 79709470, 79721630, 79721740, 80409525, 80409527, 80409532]","[71717640, 78591326, 78591328, 78591334, 78591338, 78591342, 79721509, 79721610, 80409523]",78632782.0,20260812
Calb1,9,59,0.8052883148193359,1295040,"[78591326, 78591332, 78591334, 78591336, 78591338, 78591340, 78591342, 78591384, 78632766, 78632776, 78632780, 79721630, 80409523, 80409525, 80409527]","[71717640, 78591328, 78591330, 78632778, 79556672, 79721509, 79721610, 79721740, 80409532]",78632782.0,20260812
Calb1,9,60,0.822594940662384,1295040,"[78591326, 78591328, 78591330, 78591332, 78591384, 78632776, 78632780, 79556672, 79721509, 79721610, 79721630, 79721740, 80409523, 80409525, 80409527]","[71717640, 78591336, 78591338, 78591340, 78591342, 78632766, 78632778, 79709470, 80409532]",78632782.0,20260812
Calb1,9,61,0.8183534145355225,1295040,"[78591326, 78591328, 78591334, 78591338, 78591340, 78591342, 78632776, 78632778, 78632780, 79721630, 79721740, 80409523, 80409525, 80409527, 80409532]","[71717640, 78591330, 78591332, 78591336, 78591384, 78632766, 79709470, 79721509, 79721610]",78632782.0,20260812
Calb1,9,62,0.8303448557853699,1295040,"[78591326, 78591330, 78591334, 78591336, 78591338, 78591340, 78591342, 78591384, 78632776, 78632778, 78632780, 79556672, 79721630, 80409523, 80409532]","[71717640, 78591328, 78591332, 78632766, 79709470, 79721509, 79721610, 79721740, 80409527]",78632782.0,20260812
Calb1,9,63,0.813450813293457,1295040,"[71717640, 78591326, 78591328, 78591330, 78591332, 78591336, 78591342, 78632766, 78632776, 78632778, 79709470, 79721509, 79721610, 80409525, 80409532]","[78591334, 78591338, 78591340, 78591384, 78632780, 79556672, 79721630, 79721740, 80409523]",78632782.0,20260812
Calb1,9,64,0.8183825016021729,1295040,"[78591326, 78591332, 78591336, 78591338, 78591340, 78591342, 78591384, 78632776, 78632778, 78632780, 79709470, 79721509, 79721610, 79721630, 80409527]","[71717640, 78591328, 78591330, 78591334, 78632766, 79556672, 79721740, 80409525, 80409532]",78632782.0,20260812
Calb1,9,65,0.817054033279419,1295040,"[71717640, 78591326, 78591328, 78591334, 78591338, 78591342, 78632776, 78632780, 79556672, 79709470, 79721509, 79721740, 80409523, 80409527, 80409532]","[78591330, 78591332, 78591336, 78591384, 78632766, 78632778, 79721610, 79721630, 80409525]",78632782.0,20260812
Calb1,9,66,0.8081096410751343,1295040,"[78591328, 78591330, 78591334, 78591338, 78591340, 78591384, 78632766, 78632776, 78632778, 78632780, 79556672, 79721509, 80409525, 80409527, 80409532]","[71717640, 78591326, 78591332, 78591336, 79709470, 79721610, 79721630, 79721740, 80409523]",78632782.0,20260812
Calb1,9,67,0.8054549694061279,1295040,"[71717640, 78591326, 78591328, 78591334, 78591384, 78632776, 78632780, 79556672, 79709470, 79721509, 79721610, 79721740, 80409523, 80409527, 80409532]","[78591330, 78591332, 78591336, 78591340, 78591342, 78632766, 78632778, 79721630, 80409525]",78632782.0,20260812
Calb1,9,68,0.8148330450057983,1295040,"[71717640, 78591330, 78591332, 78591334, 78591338, 78591340, 78591384, 78632778, 78632780, 79556672, 79709470, 79721740, 80409525, 80409527, 80409532]","[78591326, 78591328, 78591336, 78591342, 78632766, 78632776, 79721509, 79721610, 80409523]",78632782.0,20260812
Calb1,9,69,0.8230314254760742,1295040,"[71717640, 78591326, 78591328, 78591330, 78591334, 78591336, 78591340, 78591342, 78632778, 78632780, 79556672, 79721740, 80409525, 80409527, 80409532]","[78591332, 78591338, 78632766, 78632776, 79709470, 79721509, 79721610, 79721630, 80409523]",78632782.0,20260812
Calb1,9,70,0.8243992924690247,1295040,"[78591328, 78591336, 78591338, 78591342, 78591384, 78632766, 78632778, 79556672, 79721509, 79721610, 79721630, 79721740, 80409523, 80409525, 80409527]","[71717640, 78591330, 78591332, 78591334, 78591340, 78632776, 78632780, 79709470, 80409532]",78632782.0,20260812
Calb1,9,71,0.8255764245986938,1295040,"[71717640, 78591330, 78591336, 78591338, 78591384, 78632766, 78632778, 78632780, 79556672, 79721509, 79721610, 79721740, 80409525, 80409527, 80409532]","[78591326, 78591328, 78591332, 78591334, 78591340, 78632776, 79709470, 79721630, 80409523]",78632782.0,20260812
Calb1,9,72,0.8388844728469849,1295040,"[71717640, 78591326, 78591328, 78591340, 78591342, 78591384, 78632766, 78632776, 78632778, 78632780, 79556672, 79721509, 79721740, 80409523, 80409527]","[78591330, 78591332, 78591334, 78591336, 78591338, 79709470, 79721610, 79721630, 80409525]",78632782.0,20260812
Calb1,9,73,0.8114259243011475,1295040,"[78591328, 78591332, 78591334, 78591338, 78591340, 78591342, 78632766, 79556672, 79709470, 79721610, 79721630, 80409523, 80409525, 80409527, 80409532]","[78591326, 78591330, 78591336, 78591384, 78632776, 78632778, 78632780, 79721509, 79721740]",78632782.0,20260812
Calb1,9,74,0.8243157863616943,1295040,"[78591326, 78591328, 78591330, 78591332, 78591342, 78591384, 78632776, 79556672, 79721610, 79721630, 79721740, 80409523, 80409525, 80409527, 80409532]","[71717640, 78591334, 78591336, 78591338, 78591340, 78632766, 78632780, 79709470, 79721509]",78632782.0,20260812
Calb1,9,75,0.826457142829895,1295040,"[78591326, 78591330, 78591332, 78591334, 78591336, 78591338, 78591384, 78632766, 78632776, 78632780, 79556672, 79721610, 79721630, 79721740, 80409525]","[71717640, 78591328, 78591340, 78591342, 78632778, 79709470, 79721509, 80409527, 80409532]",78632782.0,20260812
Calb1,9,76,0.8214593529701233,1295040,"[71717640, 78591326, 78591328, 78591330, 78591332, 78591334, 78591342, 78591384, 78632766, 78632776, 78632780, 79709470, 79721630, 79721740, 80409525]","[78591336, 78591338, 78591340, 78632778, 79556672, 79721509, 79721610, 80409527, 80409532]",78632782.0,20260812
Calb1,9,77,0.8246827721595764,1295040,"[71717640, 78591326, 78591332, 78591336, 78591338, 78591384, 78632778, 78632780, 79556672, 79721630, 79721740, 80409523, 80409525, 80409527, 80409532]","[78591328, 78591330, 78591334, 78591340, 78591342, 78632766, 78632776, 79709470, 79721509]",78632782.0,20260812
Calb1,9,78,0.8228631019592285,1295040,"[71717640, 78591330, 78591332, 78591336, 78591338, 78591340, 78632766, 78632778, 78632780, 79556672, 79721509, 79721610, 79721740, 80409527, 80409532]","[78591326, 78591328, 78591334, 78591342, 78591384, 79709470, 79721630, 80409523, 80409525]",78632782.0,20260812
Calb1,9,79,0.8258374929428101,1295040,"[71717640, 78591334, 78591336, 78591338, 78591340, 78591342, 78591384, 78632766, 78632776, 78632778, 78632780, 79721610, 79721630, 79721740, 80409532]","[78591326, 78591328, 78591330, 78591332, 79556672, 79709470, 79721509, 80409523, 80409525]",78632782.0,20260812
Calb1,9,80,0.8270843029022217,1295040,"[78591326, 78591328, 78591330, 78591332, 78591334, 78591338, 78591342, 78591384, 78632766, 78632776, 79721610, 80409523, 80409525, 80409527, 80409532]","[78591336, 78591340, 78632778, 78632780, 79556672, 79709470, 79721509, 79721630, 79721740]",78632782.0,20260812
Calb1,9,81,0.8112528920173645,1295040,"[78591328, 78591330, 78591332, 78591334, 78591338, 78591340, 78591342, 78591384, 78632766, 78632778, 79709470, 79721509, 79721630, 79721740, 80409525]","[71717640, 78591336, 78632776, 78632780, 79556672, 79721610, 80409523, 80409527, 80409532]",78632782.0,20260812
Calb1,9,82,0.822652280330658,1295040,"[71717640, 78591326, 78591334, 78591336, 78591338, 78591342, 78591384, 78632776, 78632778, 78632780, 79556672, 79709470, 79721610, 79721740, 80409532]","[78591328, 78591330, 78591332, 78591340, 78632766, 79721509, 80409523, 80409525, 80409527]",78632782.0,20260812
Calb1,9,83,0.8232502937316895,1295040,"[71717640, 78591328, 78591330, 78591332, 78591334, 78591338, 78591384, 78632766, 78632778, 79556672, 79721610, 79721630, 80409523, 80409525, 80409527]","[78591326, 78591336, 78591340, 78591342, 78632776, 78632780, 79721509, 79721740, 80409532]",78632782.0,20260812
Calb1,9,84,0.7902685403823853,1295040,"[78591328, 78591332, 78591334, 78591340, 78591342, 78591384, 78632780, 79709470, 79721509, 79721610, 79721630, 79721740, 80409523, 80409525, 80409532]","[71717640, 78591326, 78591330, 78591336, 78632766, 78632776, 78632778, 79556672, 80409527]",78632782.0,20260812
Calb1,9,85,0.8293294906616211,1295040,"[71717640, 78591328, 78591330, 78591334, 78591336, 78591338, 78591340, 78591342, 78591384, 78632766, 78632776, 78632780, 80409523, 80409527, 80409532]","[78591326, 78591332, 78632778, 79556672, 79709470, 79721509, 79721630, 79721740, 80409525]",78632782.0,20260812
Calb1,9,86,0.8089007139205933,1295040,"[78591326, 78591328, 78591332, 78591334, 78591336, 78591338, 78591342, 78591384, 78632766, 78632778, 79556672, 79721509, 79721610, 80409523, 80409532]","[71717640, 78591330, 78591340, 78632780, 79709470, 79721630, 79721740, 80409525, 80409527]",78632782.0,20260812
Calb1,9,87,0.8204097747802734,1295040,"[71717640, 78591328, 78591332, 78591334, 78591336, 78591338, 78591340, 78591342, 78591384, 78632766, 79709470, 79721509, 79721610, 79721630, 80409527]","[78591326, 78632776, 78632778, 78632780, 79556672, 79721740, 80409523, 80409525, 80409532]",78632782.0,20260812
Calb1,9,88,0.8256299495697021,1295040,"[78591330, 78591334, 78591336, 78591338, 78591340, 78591342, 78632766, 78632778, 78632780, 79556672, 79709470, 79721509, 79721630, 80409523, 80409532]","[71717640, 78591328, 78591332, 78591384, 78632776, 79721610, 79721740, 80409525, 80409527]",78632782.0,20260812
Calb1,9,89,0.8229542970657349,1295040,"[71717640, 78591326, 78591330, 78591332, 78591334, 78591336, 78591338, 78632766, 78632776, 78632778, 78632780, 79556672, 79721610, 80409523, 80409532]","[78591328, 78591340, 78591342, 78591384, 79709470, 79721509, 79721630, 79721740, 80409527]",78632782.0,20260812
Calb1,9,90,0.8023483157157898,1295040,"[71717640, 78591332, 78591336, 78591338, 78591342, 78632766, 78632778, 79556672, 79709470, 79721630, 79721740, 80409523, 80409525, 80409527, 80409532]","[78591328, 78591330, 78591334, 78591340, 78591384, 78632776, 78632780, 79721509, 79721610]",78632782.0,20260812
Calb1,9,91,0.7962595224380493,1295040,"[78591326, 78591328, 78591332, 78591334, 78591336, 78591338, 78591340, 78591342, 78632766, 78632776, 78632780, 79556672, 79721630, 80409525, 80409532]","[71717640, 78591330, 78591384, 78632778, 79721509, 79721610, 79721740, 80409523, 80409527]",78632782.0,20260812
Calb1,9,92,0.8334759473800659,1295040,"[78591328, 78591330, 78591332, 78591336, 78591384, 78632766, 78632776, 78632778, 79556672, 79709470, 79721610, 79721630, 80409523, 80409527, 80409532]","[71717640, 78591326, 78591334, 78591340, 78591342, 78632780, 79721509, 79721740, 80409525]",78632782.0,20260812
Calb1,9,93,0.813402533531189,1295040,"[78591330, 78591332, 78591336, 78591338, 78591340, 78591342, 78591384, 78632766, 78632778, 78632780, 79556672, 79721509, 79721610, 79721630, 80409523]","[71717640, 78591326, 78591334, 78632776, 79709470, 79721740, 80409525, 80409527, 80409532]",78632782.0,20260812
Calb1,9,94,0.8236689567565918,1295040,"[71717640, 78591328, 78591330, 78591332, 78591334, 78591336, 78591342, 78591384, 78632766, 78632776, 79556672, 79709470, 79721740, 80409523, 80409532]","[78591326, 78591338, 78591340, 78632778, 78632780, 79721509, 79721610, 79721630, 80409525]",78632782.0,20260812
Calb1,9,95,0.791608452796936,1295040,"[78591330, 78591334, 78591338, 78591340, 78591342, 78591384, 78632778, 78632780, 79721509, 79721610, 79721630, 79721740, 80409525, 80409527, 80409532]","[71717640, 78591326, 78591328, 78591332, 78591336, 78632766, 78632776, 79556672, 80409523]",78632782.0,20260812
Calb1,9,96,0.8096924424171448,1295040,"[71717640, 78591326, 78591328, 78591336, 78591338, 78591342, 78632766, 78632776, 78632778, 78632780, 79721610, 79721630, 79721740, 80409523, 80409525]","[78591330, 78591332, 78591334, 78591340, 78591384, 79556672, 79721509, 80409527, 80409532]",78632782.0,20260812
Calb1,9,97,0.8207037448883057,1295040,"[71717640, 78591328, 78591334, 78591338, 78591340, 78591342, 78591384, 78632776, 78632778, 78632780, 79556672, 79709470, 80409523, 80409525, 80409532]","[78591326, 78591330, 78591332, 78591336, 78632766, 79721509, 79721610, 79721630, 80409527]",78632782.0,20260812
Calb1,9,98,0.809360682964325,1295040,"[78591332, 78591340, 78591342, 78591384, 78632766, 78632780, 79556672, 79709470, 79721509, 79721610, 79721740, 80409523, 80409525, 80409527, 80409532]","[71717640, 78591326, 78591328, 78591330, 78591334, 78591336, 78591338, 78632776, 79721630]",78632782.0,20260812
Calb1,9,99,0.7892099618911743,1295040,"[71717640, 78591326, 78591328, 78591330, 78591336, 78591340, 78591342, 78632766, 78632778, 79556672, 79709470, 79721509, 79721740, 80409523, 80409525]","[78591332, 78591334, 78591384, 78632776, 78632780, 79721610, 79721630, 80409527, 80409532]",78632782.0,20260812
Calb1,10,0,0.8158750534057617,1295040,"[78591332, 78591334, 78591336, 78591342, 78591384, 78632766, 78632776, 78632780, 79556672, 79709470, 79721509, 79721610, 79721630, 79721740, 80409527]","[71717640, 78591326, 78591328, 78591330, 78591338, 78591340, 78632778, 80409523, 80409525, 80409532]",78632782.0,20260812
Calb1,10,1,0.8206921815872192,1295040,"[71717640, 78591332, 78591334, 78591336, 78591338, 78591340, 78591342, 78591384, 78632778, 79709470, 79721610, 79721630, 79721740, 80409527, 80409532]","[78591326, 78591328, 78591330, 78632766, 78632776, 78632780, 79556672, 79721509, 80409523, 80409525]",78632782.0,20260812
Calb1,10,2,0.8324315547943115,1295040,"[71717640, 78591336, 78591338, 78591340, 78591342, 78632766, 78632776, 78632778, 78632780, 79556672, 79721509, 79721610, 79721630, 79721740, 80409527]","[78591326, 78591328, 78591330, 78591332, 78591334, 78591384, 79709470, 80409523, 80409525, 80409532]",78632782.0,20260812
Calb1,10,3,0.8278927206993103,1295040,"[78591328, 78591330, 78591336, 78591338, 78591340, 78591342, 78632776, 78632778, 78632780, 79709470, 79721509, 79721610, 79721740, 80409527, 80409532]","[71717640, 78591326, 78591332, 78591334, 78591384, 78632766, 79556672, 79721630, 80409523, 80409525]",78632782.0,20260812
Calb1,10,4,0.8304672241210938,1295040,"[71717640, 78591326, 78591328, 78591330, 78591334, 78591338, 78591340, 78632766, 78632778, 78632780, 79709470, 79721509, 79721630, 80409523, 80409532]","[78591332, 78591336, 78591342, 78591384, 78632776, 79556672, 79721610, 79721740, 80409525, 80409527]",78632782.0,20260812
Calb1,10,5,0.8280270099639893,1295040,"[71717640, 78591328, 78591330, 78591332, 78591334, 78591336, 78591340, 78591342, 78632778, 78632780, 79709470, 79721509, 79721610, 80409527, 80409532]","[78591326, 78591338, 78591384, 78632766, 78632776, 79556672, 79721630, 79721740, 80409523, 80409525]",78632782.0,20260812
Calb1,10,6,0.8300027847290039,1295040,"[78591330, 78591332, 78591334, 78591336, 78591338, 78591342, 78591384, 78632776, 78632778, 78632780, 79709470, 79721610, 80409523, 80409525, 80409532]","[71717640, 78591326, 78591328, 78591340, 78632766, 79556672, 79721509, 79721630, 79721740, 80409527]",78632782.0,20260812
Calb1,10,7,0.8234831690788269,1295040,"[71717640, 78591326, 78591328, 78591332, 78591336, 78591338, 78591340, 78591384, 78632776, 78632778, 78632780, 79556672, 79721610, 80409525, 80409527]","[78591330, 78591334, 78591342, 78632766, 79709470, 79721509, 79721630, 79721740, 80409523, 80409532]",78632782.0,20260812
Calb1,10,8,0.830734133720398,1295040,"[78591326, 78591328, 78591330, 78591332, 78591334, 78591338, 78591342, 78632776, 79709470, 79721509, 79721610, 79721740, 80409523, 80409525, 80409527]","[71717640, 78591336, 78591340, 78591384, 78632766, 78632778, 78632780, 79556672, 79721630, 80409532]",78632782.0,20260812
Calb1,10,9,0.8219152092933655,1295040,"[71717640, 78591330, 78591332, 78591336, 78591340, 78591342, 78591384, 78632778, 78632780, 79709470, 79721630, 80409523, 80409525, 80409527, 80409532]","[78591326, 78591328, 78591334, 78591338, 78632766, 78632776, 79556672, 79721509, 79721610, 79721740]",78632782.0,20260812
Calb1,10,10,0.817604124546051,1295040,"[78591326, 78591328, 78591330, 78591338, 78591340, 78591384, 78632776, 78632780, 79556672, 79721509, 79721610, 79721630, 79721740, 80409523, 80409532]","[71717640, 78591332, 78591334, 78591336, 78591342, 78632766, 78632778, 79709470, 80409525, 80409527]",78632782.0,20260812
Calb1,10,11,0.8124836087226868,1295040,"[71717640, 78591326, 78591328, 78591330, 78591334, 78591336, 78591340, 78632766, 78632776, 78632778, 79556672, 79709470, 79721740, 80409523, 80409532]","[78591332, 78591338, 78591342, 78591384, 78632780, 79721509, 79721610, 79721630, 80409525, 80409527]",78632782.0,20260812
Calb1,10,12,0.827018141746521,1295040,"[71717640, 78591326, 78591334, 78591338, 78591340, 78591384, 78632766, 78632778, 79556672, 79709470, 79721509, 79721610, 79721630, 80409527, 80409532]","[78591328, 78591330, 78591332, 78591336, 78591342, 78632776, 78632780, 79721740, 80409523, 80409525]",78632782.0,20260812
Calb1,10,13,0.834553062915802,1295040,"[71717640, 78591332, 78591336, 78591338, 78591384, 78632766, 78632776, 78632778, 78632780, 79556672, 79721509, 79721610, 79721630, 80409525, 80409527]","[78591326, 78591328, 78591330, 78591334, 78591340, 78591342, 79709470, 79721740, 80409523, 80409532]",78632782.0,20260812
Calb1,10,14,0.8227286338806152,1295040,"[78591326, 78591332, 78591336, 78591338, 78591340, 78591342, 78591384, 78632766, 78632776, 78632778, 78632780, 79556672, 79721630, 80409523, 80409527]","[71717640, 78591328, 78591330, 78591334, 79709470, 79721509, 79721610, 79721740, 80409525, 80409532]",78632782.0,20260812
Calb1,10,15,0.8183115124702454,1295040,"[71717640, 78591326, 78591334, 78591336, 78591338, 78591384, 78632766, 78632780, 79709470, 79721509, 79721610, 80409523, 80409525, 80409527, 80409532]","[78591328, 78591330, 78591332, 78591340, 78591342, 78632776, 78632778, 79556672, 79721630, 79721740]",78632782.0,20260812
Calb1,10,16,0.8343274593353271,1295040,"[78591326, 78591328, 78591330, 78591334, 78591336, 78591338, 78591342, 78632778, 78632780, 79556672, 79721509, 79721610, 79721740, 80409523, 80409527]","[71717640, 78591332, 78591340, 78591384, 78632766, 78632776, 79709470, 79721630, 80409525, 80409532]",78632782.0,20260812
Calb1,10,17,0.8288130760192871,1295040,"[78591326, 78591328, 78591332, 78591334, 78591336, 78591338, 78632778, 78632780, 79556672, 79721610, 79721630, 79721740, 80409523, 80409527, 80409532]","[71717640, 78591330, 78591340, 78591342, 78591384, 78632766, 78632776, 79709470, 79721509, 80409525]",78632782.0,20260812
Calb1,10,18,0.8110494613647461,1295040,"[71717640, 78591326, 78591334, 78591336, 78591340, 78591342, 78632766, 78632778, 79556672, 79709470, 79721610, 79721630, 79721740, 80409523, 80409525]","[78591328, 78591330, 78591332, 78591338, 78591384, 78632776, 78632780, 79721509, 80409527, 80409532]",78632782.0,20260812
Calb1,10,19,0.8371257781982422,1295040,"[71717640, 78591326, 78591328, 78591336, 78591338, 78591340, 78591342, 78591384, 78632780, 79721630, 79721740, 80409523, 80409525, 80409527, 80409532]","[78591330, 78591332, 78591334, 78632766, 78632776, 78632778, 79556672, 79709470, 79721509, 79721610]",78632782.0,20260812
Calb1,10,20,0.8313931226730347,1295040,"[71717640, 78591326, 78591328, 78591330, 78591332, 78591334, 78591336, 78591338, 78591384, 78632780, 79709470, 79721509, 79721610, 79721630, 80409525]","[78591340, 78591342, 78632766, 78632776, 78632778, 79556672, 79721740, 80409523, 80409527, 80409532]",78632782.0,20260812
Calb1,10,21,0.8240150213241577,1295040,"[71717640, 78591326, 78591332, 78591334, 78591336, 78591338, 78591342, 78591384, 78632776, 78632778, 79709470, 79721509, 79721630, 79721740, 80409523]","[78591328, 78591330, 78591340, 78632766, 78632780, 79556672, 79721610, 80409525, 80409527, 80409532]",78632782.0,20260812
Calb1,10,22,0.838770866394043,1295040,"[71717640, 78591326, 78591330, 78591332, 78591334, 78591338, 78591340, 78632766, 78632776, 78632778, 79721509, 79721740, 80409525, 80409527, 80409532]","[78591328, 78591336, 78591342, 78591384, 78632780, 79556672, 79709470, 79721610, 79721630, 80409523]",78632782.0,20260812
Calb1,10,23,0.8327866196632385,1295040,"[71717640, 78591326, 78591328, 78591332, 78591336, 78591384, 78632776, 78632778, 78632780, 79556672, 79709470, 79721509, 79721610, 79721630, 80409532]","[78591330, 78591334, 78591338, 78591340, 78591342, 78632766, 79721740, 80409523, 80409525, 80409527]",78632782.0,20260812
Calb1,10,24,0.834944486618042,1295040,"[78591326, 78591328, 78591330, 78591334, 78591336, 78591342, 78632780, 79709470, 79721509, 79721630, 79721740, 80409523, 80409525, 80409527, 80409532]","[71717640, 78591332, 78591338, 78591340, 78591384, 78632766, 78632776, 78632778, 79556672, 79721610]",78632782.0,20260812
Calb1,10,25,0.8258069157600403,1295040,"[78591336, 78591338, 78591340, 78591342, 78632766, 78632778, 78632780, 79556672, 79709470, 79721509, 79721610, 79721630, 80409523, 80409525, 80409527]","[71717640, 78591326, 78591328, 78591330, 78591332, 78591334, 78591384, 78632776, 79721740, 80409532]",78632782.0,20260812
Calb1,10,26,0.8340128064155579,1295040,"[71717640, 78591326, 78591330, 78591332, 78591338, 78591342, 78632766, 78632776, 78632780, 79556672, 79721610, 79721630, 79721740, 80409523, 80409532]","[78591328, 78591334, 78591336, 78591340, 78591384, 78632778, 79709470, 79721509, 80409525, 80409527]",78632782.0,20260812
Calb1,10,27,0.8085343837738037,1295040,"[71717640, 78591326, 78591334, 78591336, 78591338, 78591340, 78591342, 78591384, 78632766, 78632776, 78632780, 79556672, 79709470, 80409525, 80409527]","[78591328, 78591330, 78591332, 78632778, 79721509, 79721610, 79721630, 79721740, 80409523, 80409532]",78632782.0,20260812
Calb1,10,28,0.8147211074829102,1295040,"[78591326, 78591328, 78591330, 78591336, 78591340, 78632766, 78632776, 78632778, 79709470, 79721509, 79721610, 79721630, 80409523, 80409525, 80409532]","[71717640, 78591332, 78591334, 78591338, 78591342, 78591384, 78632780, 79556672, 79721740, 80409527]",78632782.0,20260812
Calb1,10,29,0.8243366479873657,1295040,"[71717640, 78591332, 78591334, 78591338, 78591342, 78591384, 78632766, 78632776, 78632778, 79556672, 79709470, 79721509, 79721630, 80409523, 80409532]","[78591326, 78591328, 78591330, 78591336, 78591340, 78632780, 79721610, 79721740, 80409525, 80409527]",78632782.0,20260812
Calb1,10,30,0.830336332321167,1295040,"[78591328, 78591330, 78591332, 78591334, 78591336, 78591342, 78591384, 78632766, 78632780, 79556672, 79709470, 79721740, 80409523, 80409525, 80409527]","[71717640, 78591326, 78591338, 78591340, 78632776, 78632778, 79721509, 79721610, 79721630, 80409532]",78632782.0,20260812
Calb1,10,31,0.8320895433425903,1295040,"[71717640, 78591334, 78591336, 78591338, 78591340, 78591342, 78632766, 78632776, 78632778, 79556672, 79709470, 79721509, 79721610, 79721630, 80409532]","[78591326, 78591328, 78591330, 78591332, 78591384, 78632780, 79721740, 80409523, 80409525, 80409527]",78632782.0,20260812
Calb1,10,32,0.8213096261024475,1295040,"[71717640, 78591332, 78591334, 78591336, 78591338, 78591340, 78591342, 78632766, 78632776, 78632778, 79709470, 79721740, 80409523, 80409525, 80409527]","[78591326, 78591328, 78591330, 78591384, 78632780, 79556672, 79721509, 79721610, 79721630, 80409532]",78632782.0,20260812
Calb1,10,33,0.8259904980659485,1295040,"[71717640, 78591326, 78591334, 78591336, 78591342, 78632766, 78632776, 78632778, 78632780, 79709470, 79721509, 79721630, 79721740, 80409523, 80409527]","[78591328, 78591330, 78591332, 78591338, 78591340, 78591384, 79556672, 79721610, 80409525, 80409532]",78632782.0,20260812
Calb1,10,34,0.8311535716056824,1295040,"[78591330, 78591332, 78591334, 78591336, 78591340, 78632766, 78632776, 78632778, 78632780, 79556672, 79709470, 79721509, 79721610, 79721740, 80409527]","[71717640, 78591326, 78591328, 78591338, 78591342, 78591384, 79721630, 80409523, 80409525, 80409532]",78632782.0,20260812
Calb1,10,35,0.8390206098556519,1295040,"[71717640, 78591336, 78591340, 78591342, 78591384, 78632766, 78632776, 78632780, 79709470, 79721610, 79721630, 79721740, 80409523, 80409527, 80409532]","[78591326, 78591328, 78591330, 78591332, 78591334, 78591338, 78632778, 79556672, 79721509, 80409525]",78632782.0,20260812
Calb1,10,36,0.8342114686965942,1295040,"[78591326, 78591330, 78591332, 78591336, 78591338, 78632766, 78632780, 79556672, 79721610, 79721630, 79721740, 80409523, 80409525, 80409527, 80409532]","[71717640, 78591328, 78591334, 78591340, 78591342, 78591384, 78632776, 78632778, 79709470, 79721509]",78632782.0,20260812
Calb1,10,37,0.8304381370544434,1295040,"[71717640, 78591326, 78591328, 78591330, 78591336, 78591338, 78591340, 78591342, 78591384, 79556672, 79709470, 79721610, 79721630, 79721740, 80409532]","[78591332, 78591334, 78632766, 78632776, 78632778, 78632780, 79721509, 80409523, 80409525, 80409527]",78632782.0,20260812
Calb1,10,38,0.8274942636489868,1295040,"[78591326, 78591328, 78591336, 78591340, 78591384, 78632766, 78632778, 79709470, 79721509, 79721610, 79721630, 79721740, 80409523, 80409527, 80409532]","[71717640, 78591330, 78591332, 78591334, 78591338, 78591342, 78632776, 78632780, 79556672, 80409525]",78632782.0,20260812
Calb1,10,39,0.8297677040100098,1295040,"[71717640, 78591326, 78591330, 78591334, 78591336, 78632778, 78632780, 79556672, 79709470, 79721509, 79721630, 79721740, 80409523, 80409525, 80409532]","[78591328, 78591332, 78591338, 78591340, 78591342, 78591384, 78632766, 78632776, 79721610, 80409527]",78632782.0,20260812
Calb1,10,40,0.831852376461029,1295040,"[71717640, 78591326, 78591330, 78591336, 78591338, 78591342, 78591384, 78632766, 78632778, 78632780, 79709470, 79721509, 79721740, 80409527, 80409532]","[78591328, 78591332, 78591334, 78591340, 78632776, 79556672, 79721610, 79721630, 80409523, 80409525]",78632782.0,20260812
Calb1,10,41,0.8252084255218506,1295040,"[78591326, 78591330, 78591332, 78591336, 78591338, 78591340, 78591342, 78591384, 78632766, 78632776, 78632780, 79721509, 79721630, 80409525, 80409527]","[71717640, 78591328, 78591334, 78632778, 79556672, 79709470, 79721610, 79721740, 80409523, 80409532]",78632782.0,20260812
Calb1,10,42,0.8343119621276855,1295040,"[78591326, 78591328, 78591332, 78591338, 78591340, 78632766, 78632776, 78632780, 79556672, 79709470, 79721610, 79721630, 79721740, 80409525, 80409527]","[71717640, 78591330, 78591334, 78591336, 78591342, 78591384, 78632778, 79721509, 80409523, 80409532]",78632782.0,20260812
Calb1,10,43,0.8364184498786926,1295040,"[71717640, 78591328, 78591330, 78591334, 78591336, 78591342, 78591384, 78632766, 78632778, 78632780, 79721509, 79721610, 79721740, 80409523, 80409532]","[78591326, 78591332, 78591338, 78591340, 78632776, 79556672, 79709470, 79721630, 80409525, 80409527]",78632782.0,20260812
Calb1,10,44,0.8197951912879944,1295040,"[71717640, 78591328, 78591332, 78591334, 78591338, 78591342, 78632766, 78632776, 78632778, 79556672, 79709470, 79721509, 79721610, 79721630, 80409527]","[78591326, 78591330, 78591336, 78591340, 78591384, 78632780, 79721740, 80409523, 80409525, 80409532]",78632782.0,20260812
Calb1,10,45,0.8257712125778198,1295040,"[78591326, 78591328, 78591330, 78591334, 78591384, 78632766, 78632778, 78632780, 79709470, 79721509, 79721610, 79721630, 79721740, 80409527, 80409532]","[71717640, 78591332, 78591336, 78591338, 78591340, 78591342, 78632776, 79556672, 80409523, 80409525]",78632782.0,20260812
Calb1,10,46,0.8118581771850586,1295040,"[78591328, 78591330, 78591332, 78591334, 78591338, 78591340, 78591342, 78591384, 78632766, 78632776, 78632778, 78632780, 79721610, 79721740, 80409525]","[71717640, 78591326, 78591336, 79556672, 79709470, 79721509, 79721630, 80409523, 80409527, 80409532]",78632782.0,20260812
Calb1,10,47,0.8378595113754272,1295040,"[71717640, 78591328, 78591336, 78591342, 78591384, 78632778, 78632780, 79556672, 79709470, 79721610, 79721630, 79721740, 80409523, 80409525, 80409527]","[78591326, 78591330, 78591332, 78591334, 78591338, 78591340, 78632766, 78632776, 79721509, 80409532]",78632782.0,20260812
Calb1,10,48,0.8303760886192322,1295040,"[71717640, 78591326, 78591334, 78591340, 78591342, 78591384, 78632778, 78632780, 79556672, 79721509, 79721630, 79721740, 80409523, 80409525, 80409527]","[78591328, 78591330, 78591332, 78591336, 78591338, 78632766, 78632776, 79709470, 79721610, 80409532]",78632782.0,20260812
Calb1,10,49,0.8212714195251465,1295040,"[71717640, 78591328, 78591330, 78591332, 78591334, 78591338, 78591340, 78591342, 78632780, 79709470, 79721610, 79721630, 79721740, 80409523, 80409525]","[78591326, 78591336, 78591384, 78632766, 78632776, 78632778, 79556672, 79721509, 80409527, 80409532]",78632782.0,20260812
Calb1,10,50,0.8237859010696411,1295040,"[78591326, 78591328, 78591330, 78591334, 78591338, 78591340, 78632766, 78632778, 79556672, 79721509, 79721610, 79721630, 80409523, 80409525, 80409532]","[71717640, 78591332, 78591336, 78591342, 78591384, 78632776, 78632780, 79709470, 79721740, 80409527]",78632782.0,20260812
Calb1,10,51,0.8157973885536194,1295040,"[78591328, 78591332, 78591334, 78591336, 78591338, 78591342, 78591384, 78632766, 78632776, 78632780, 79556672, 79709470, 79721610, 79721630, 79721740]","[71717640, 78591326, 78591330, 78591340, 78632778, 79721509, 80409523, 80409525, 80409527, 80409532]",78632782.0,20260812
Calb1,10,52,0.8345673680305481,1295040,"[71717640, 78591326, 78591330, 78591332, 78591338, 78591342, 78632766, 78632776, 78632778, 78632780, 79709470, 79721509, 79721740, 80409527, 80409532]","[78591328, 78591334, 78591336, 78591340, 78591384, 79556672, 79721610, 79721630, 80409523, 80409525]",78632782.0,20260812
Calb1,10,53,0.8241046667098999,1295040,"[78591326, 78591328, 78591334, 78591336, 78591338, 78591342, 78632776, 78632778, 78632780, 79556672, 79709470, 79721509, 79721610, 79721630, 80409525]","[71717640, 78591330, 78591332, 78591340, 78591384, 78632766, 79721740, 80409523, 80409527, 80409532]",78632782.0,20260812
Calb1,10,54,0.8284925222396851,1295040,"[71717640, 78591326, 78591330, 78591332, 78591334, 78591336, 78591338, 78591342, 78632776, 78632778, 79556672, 79709470, 79721509, 79721610, 80409532]","[78591328, 78591340, 78591384, 78632766, 78632780, 79721630, 79721740, 80409523, 80409525, 80409527]",78632782.0,20260812
Calb1,10,55,0.8137661814689636,1295040,"[71717640, 78591332, 78591334, 78591338, 78591342, 78591384, 78632766, 78632780, 79556672, 79709470, 79721740, 80409523, 80409525, 80409527, 80409532]","[78591326, 78591328, 78591330, 78591336, 78591340, 78632776, 78632778, 79721509, 79721610, 79721630]",78632782.0,20260812
Calb1,10,56,0.8312641382217407,1295040,"[78591328, 78591330, 78591334, 78591338, 78591342, 78632766, 78632776, 78632778, 78632780, 79556672, 79709470, 79721610, 79721740, 80409523, 80409527]","[71717640, 78591326, 78591332, 78591336, 78591340, 78591384, 79721509, 79721630, 80409525, 80409532]",78632782.0,20260812
Calb1,10,57,0.8283549547195435,1295040,"[78591328, 78591330, 78591334, 78591336, 78591338, 78591340, 78632766, 78632776, 78632778, 78632780, 79556672, 79721630, 80409523, 80409525, 80409527]","[71717640, 78591326, 78591332, 78591342, 78591384, 79709470, 79721509, 79721610, 79721740, 80409532]",78632782.0,20260812
Calb1,10,58,0.8250709772109985,1295040,"[71717640, 78591332, 78591334, 78591336, 78591338, 78591340, 78591342, 78632766, 78632776, 78632778, 78632780, 79721610, 79721740, 80409523, 80409527]","[78591326, 78591328, 78591330, 78591384, 79556672, 79709470, 79721509, 79721630, 80409525, 80409532]",78632782.0,20260812
Calb1,10,59,0.8237912654876709,1295040,"[78591328, 78591332, 78591334, 78591338, 78591340, 78591384, 78632766, 78632776, 78632780, 79556672, 79709470, 79721740, 80409523, 80409525, 80409527]","[71717640, 78591326, 78591330, 78591336, 78591342, 78632778, 79721509, 79721610, 79721630, 80409532]",78632782.0,20260812
Calb1,10,60,0.8416760563850403,1295040,"[78591328, 78591330, 78591334, 78591336, 78591342, 78591384, 78632778, 79556672, 79709470, 79721509, 79721610, 79721630, 80409523, 80409525, 80409527]","[71717640, 78591326, 78591332, 78591338, 78591340, 78632766, 78632776, 78632780, 79721740, 80409532]",78632782.0,20260812
Calb1,10,61,0.8168039321899414,1295040,"[78591328, 78591330, 78591332, 78591334, 78591336, 78591338, 78591340, 78591342, 78632766, 78632778, 78632780, 79556672, 79721509, 79721630, 80409532]","[71717640, 78591326, 78591384, 78632776, 79709470, 79721610, 79721740, 80409523, 80409525, 80409527]",78632782.0,20260812
Calb1,10,62,0.8389084935188293,1295040,"[78591328, 78591332, 78591336, 78591384, 78632766, 78632776, 78632778, 78632780, 79556672, 79721509, 79721630, 79721740, 80409523, 80409525, 80409527]","[71717640, 78591326, 78591330, 78591334, 78591338, 78591340, 78591342, 79709470, 79721610, 80409532]",78632782.0,20260812
Calb1,10,63,0.833400547504425,1295040,"[78591326, 78591328, 78591330, 78591332, 78591334, 78591336, 78591384, 78632776, 78632778, 78632780, 79556672, 79721509, 79721610, 79721630, 79721740]","[71717640, 78591338, 78591340, 78591342, 78632766, 79709470, 80409523, 80409525, 80409527, 80409532]",78632782.0,20260812
Calb1,10,64,0.816804826259613,1295040,"[71717640, 78591326, 78591332, 78591334, 78591336, 78591338, 78591384, 78632766, 79556672, 79709470, 79721509, 79721630, 79721740, 80409523, 80409527]","[78591328, 78591330, 78591340, 78591342, 78632776, 78632778, 78632780, 79721610, 80409525, 80409532]",78632782.0,20260812
Calb1,10,65,0.8281275033950806,1295040,"[71717640, 78591326, 78591328, 78591332, 78591334, 78591338, 78591340, 78591342, 78591384, 78632766, 78632780, 79721610, 79721740, 80409525, 80409527]","[78591330, 78591336, 78632776, 78632778, 79556672, 79709470, 79721509, 79721630, 80409523, 80409532]",78632782.0,20260812
Calb1,10,66,0.8354806900024414,1295040,"[71717640, 78591330, 78591332, 78591334, 78591336, 78591338, 78591340, 78591384, 78632776, 79556672, 79709470, 80409523, 80409525, 80409527, 80409532]","[78591326, 78591328, 78591342, 78632766, 78632778, 78632780, 79721509, 79721610, 79721630, 79721740]",78632782.0,20260812
Calb1,10,67,0.8175811767578125,1295040,"[78591328, 78591332, 78591338, 78591342, 78591384, 78632776, 78632780, 79556672, 79709470, 79721610, 79721630, 79721740, 80409525, 80409527, 80409532]","[71717640, 78591326, 78591330, 78591334, 78591336, 78591340, 78632766, 78632778, 79721509, 80409523]",78632782.0,20260812
Calb1,10,68,0.8372206687927246,1295040,"[71717640, 78591326, 78591334, 78591338, 78591342, 78632766, 78632776, 78632778, 79556672, 79709470, 79721509, 79721610, 79721630, 80409527, 80409532]","[78591328, 78591330, 78591332, 78591336, 78591340, 78591384, 78632780, 79721740, 80409523, 80409525]",78632782.0,20260812
Calb1,10,69,0.8327555060386658,1295040,"[78591326, 78591328, 78591336, 78591340, 78591342, 78632766, 78632776, 78632778, 78632780, 79721509, 79721610, 79721630, 80409523, 80409525, 80409527]","[71717640, 78591330, 78591332, 78591334, 78591338, 78591384, 79556672, 79709470, 79721740, 80409532]",78632782.0,20260812
Calb1,10,70,0.8280472159385681,1295040,"[78591326, 78591330, 78591332, 78591334, 78591336, 78591338, 78591340, 78591384, 78632776, 79721509, 79721610, 79721630, 80409523, 80409527, 80409532]","[71717640, 78591328, 78591342, 78632766, 78632778, 78632780, 79556672, 79709470, 79721740, 80409525]",78632782.0,20260812
Calb1,10,71,0.8394564390182495,1295040,"[71717640, 78591326, 78591328, 78591330, 78591334, 78591338, 78591342, 78591384, 79556672, 79709470, 79721610, 79721630, 80409523, 80409525, 80409527]","[78591332, 78591336, 78591340, 78632766, 78632776, 78632778, 78632780, 79721509, 79721740, 80409532]",78632782.0,20260812
Calb1,10,72,0.82651686668396,1295040,"[78591326, 78591328, 78591334, 78591336, 78591338, 78591342, 78632766, 78632780, 79709470, 79721610, 79721630, 79721740, 80409523, 80409525, 80409527]","[71717640, 78591330, 78591332, 78591340, 78591384, 78632776, 78632778, 79556672, 79721509, 80409532]",78632782.0,20260812
Calb1,10,73,0.8150848746299744,1295040,"[71717640, 78591326, 78591336, 78591338, 78591340, 78591342, 78632766, 78632776, 79556672, 79709470, 79721610, 79721630, 79721740, 80409523, 80409527]","[78591328, 78591330, 78591332, 78591334, 78591384, 78632778, 78632780, 79721509, 80409525, 80409532]",78632782.0,20260812
Calb1,10,74,0.8250303268432617,1295040,"[71717640, 78591328, 78591330, 78591332, 78591338, 78632766, 78632778, 78632780, 79556672, 79721509, 79721630, 80409523, 80409525, 80409527, 80409532]","[78591326, 78591334, 78591336, 78591340, 78591342, 78591384, 78632776, 79709470, 79721610, 79721740]",78632782.0,20260812
Calb1,10,75,0.8244710564613342,1295040,"[78591328, 78591330, 78591332, 78591338, 78591340, 78591342, 78591384, 78632766, 78632776, 78632778, 79556672, 79709470, 79721610, 79721740, 80409523]","[71717640, 78591326, 78591334, 78591336, 78632780, 79721509, 79721630, 80409525, 80409527, 80409532]",78632782.0,20260812
Calb1,10,76,0.8266733884811401,1295040,"[71717640, 78591328, 78591330, 78591332, 78591340, 78591384, 78632776, 78632778, 79556672, 79721509, 79721610, 79721630, 79721740, 80409523, 80409527]","[78591326, 78591334, 78591336, 78591338, 78591342, 78632766, 78632780, 79709470, 80409525, 80409532]",78632782.0,20260812
Calb1,10,77,0.835631787776947,1295040,"[71717640, 78591326, 78591328, 78591334, 78591336, 78591338, 78591340, 78591342, 78591384, 78632776, 78632778, 79721630, 79721740, 80409523, 80409532]","[78591330, 78591332, 78632766, 78632780, 79556672, 79709470, 79721509, 79721610, 80409525, 80409527]",78632782.0,20260812
Calb1,10,78,0.8236606121063232,1295040,"[71717640, 78591330, 78591332, 78591334, 78591338, 78591340, 78591342, 78591384, 78632766, 78632776, 78632780, 79556672, 79721509, 79721610, 79721740]","[78591326, 78591328, 78591336, 78632778, 79709470, 79721630, 80409523, 80409525, 80409527, 80409532]",78632782.0,20260812
Calb1,10,79,0.8386195302009583,1295040,"[71717640, 78591326, 78591328, 78591330, 78591334, 78591340, 78591342, 78591384, 78632778, 78632780, 79556672, 79709470, 79721610, 79721630, 80409523]","[78591332, 78591336, 78591338, 78632766, 78632776, 79721509, 79721740, 80409525, 80409527, 80409532]",78632782.0,20260812
Calb1,10,80,0.8135523200035095,1295040,"[71717640, 78591326, 78591332, 78591334, 78591336, 78591340, 78591384, 78632766, 78632776, 78632780, 79556672, 79709470, 79721509, 79721630, 80409525]","[78591328, 78591330, 78591338, 78591342, 78632778, 79721610, 79721740, 80409523, 80409527, 80409532]",78632782.0,20260812
Calb1,10,81,0.8350105881690979,1295040,"[71717640, 78591326, 78591330, 78591332, 78591336, 78591338, 78591384, 78632766, 78632776, 78632778, 78632780, 79556672, 79721610, 79721740, 80409532]","[78591328, 78591334, 78591340, 78591342, 79709470, 79721509, 79721630, 80409523, 80409525, 80409527]",78632782.0,20260812
Calb1,10,82,0.8220669627189636,1295040,"[78591326, 78591328, 78591332, 78591334, 78591336, 78591342, 78591384, 78632766, 78632778, 78632780, 79721509, 79721610, 80409523, 80409525, 80409532]","[71717640, 78591330, 78591338, 78591340, 78632776, 79556672, 79709470, 79721630, 79721740, 80409527]",78632782.0,20260812
Calb1,10,83,0.8308088183403015,1295040,"[71717640, 78591326, 78591328, 78591330, 78591332, 78591334, 78591342, 78591384, 78632776, 79721610, 79721630, 79721740, 80409525, 80409527, 80409532]","[78591336, 78591338, 78591340, 78632766, 78632778, 78632780, 79556672, 79709470, 79721509, 80409523]",78632782.0,20260812
Calb1,10,84,0.8219807744026184,1295040,"[78591328, 78591330, 78591332, 78591334, 78591338, 78591342, 78591384, 78632776, 79556672, 79709470, 79721610, 79721740, 80409523, 80409525, 80409532]","[71717640, 78591326, 78591336, 78591340, 78632766, 78632778, 78632780, 79721509, 79721630, 80409527]",78632782.0,20260812
Calb1,10,85,0.829149603843689,1295040,"[71717640, 78591332, 78591334, 78591338, 78591340, 78632766, 78632776, 78632780, 79556672, 79709470, 79721610, 79721630, 80409525, 80409527, 80409532]","[78591326, 78591328, 78591330, 78591336, 78591342, 78591384, 78632778, 79721509, 79721740, 80409523]",78632782.0,20260812
Calb1,10,86,0.8106783032417297,1295040,"[78591328, 78591330, 78591332, 78591334, 78591338, 78591340, 78591342, 78591384, 78632766, 78632776, 78632778, 79721509, 79721630, 80409527, 80409532]","[71717640, 78591326, 78591336, 78632780, 79556672, 79709470, 79721610, 79721740, 80409523, 80409525]",78632782.0,20260812
Calb1,10,87,0.8124712109565735,1295040,"[71717640, 78591326, 78591332, 78591334, 78591336, 78591338, 78591340, 78591342, 78632766, 78632780, 79709470, 79721610, 79721630, 80409527, 80409532]","[78591328, 78591330, 78591384, 78632776, 78632778, 79556672, 79721509, 79721740, 80409523, 80409525]",78632782.0,20260812
Calb1,10,88,0.8241939544677734,1295040,"[71717640, 78591328, 78591330, 78591332, 78591334, 78591336, 78591338, 78591340, 78591342, 78591384, 78632776, 78632778, 79556672, 79721630, 79721740]","[78591326, 78632766, 78632780, 79709470, 79721509, 79721610, 80409523, 80409525, 80409527, 80409532]",78632782.0,20260812
Calb1,10,89,0.8256899118423462,1295040,"[71717640, 78591330, 78591332, 78591338, 78591340, 78591342, 78591384, 78632766, 78632778, 78632780, 79709470, 79721610, 79721740, 80409525, 80409527]","[78591326, 78591328, 78591334, 78591336, 78632776, 79556672, 79721509, 79721630, 80409523, 80409532]",78632782.0,20260812
Calb1,10,90,0.8080139756202698,1295040,"[78591326, 78591328, 78591332, 78591334, 78591336, 78591338, 78591342, 78591384, 78632766, 78632776, 79709470, 79721509, 79721630, 79721740, 80409532]","[71717640, 78591330, 78591340, 78632778, 78632780, 79556672, 79721610, 80409523, 80409525, 80409527]",78632782.0,20260812
Calb1,10,91,0.8308651447296143,1295040,"[71717640, 78591326, 78591330, 78591334, 78591336, 78591338, 78591342, 78632766, 78632776, 78632778, 79709470, 79721610, 79721740, 80409525, 80409532]","[78591328, 78591332, 78591340, 78591384, 78632780, 79556672, 79721509, 79721630, 80409523, 80409527]",78632782.0,20260812
Calb1,10,92,0.8249461650848389,1295040,"[78591326, 78591330, 78591332, 78591336, 78591340, 78591384, 78632766, 78632778, 79709470, 79721509, 79721610, 79721630, 79721740, 80409527, 80409532]","[71717640, 78591328, 78591334, 78591338, 78591342, 78632776, 78632780, 79556672, 80409523, 80409525]",78632782.0,20260812
Calb1,10,93,0.8322492241859436,1295040,"[71717640, 78591326, 78591330, 78591334, 78591342, 78591384, 78632776, 79556672, 79709470, 79721509, 79721610, 79721740, 80409523, 80409525, 80409532]","[78591328, 78591332, 78591336, 78591338, 78591340, 78632766, 78632778, 78632780, 79721630, 80409527]",78632782.0,20260812
Calb1,10,94,0.8376756906509399,1295040,"[78591326, 78591328, 78591330, 78591332, 78591334, 78591342, 78632766, 78632776, 78632778, 79709470, 79721509, 79721630, 80409523, 80409527, 80409532]","[71717640, 78591336, 78591338, 78591340, 78591384, 78632780, 79556672, 79721610, 79721740, 80409525]",78632782.0,20260812
Calb1,10,95,0.8373959064483643,1295040,"[78591326, 78591330, 78591332, 78591334, 78591338, 78591340, 78632778, 78632780, 79556672, 79709470, 79721509, 79721610, 79721630, 79721740, 80409523]","[71717640, 78591328, 78591336, 78591342, 78591384, 78632766, 78632776, 80409525, 80409527, 80409532]",78632782.0,20260812
Calb1,10,96,0.8266475200653076,1295040,"[78591328, 78591330, 78591332, 78591334, 78591338, 78591342, 78591384, 78632766, 78632780, 79556672, 79709470, 79721509, 79721610, 80409525, 80409532]","[71717640, 78591326, 78591336, 78591340, 78632776, 78632778, 79721630, 79721740, 80409523, 80409527]",78632782.0,20260812
Calb1,10,97,0.8360958695411682,1295040,"[71717640, 78591328, 78591332, 78591340, 78591342, 78591384, 78632766, 79709470, 79721509, 79721610, 79721630, 79721740, 80409523, 80409525, 80409527]","[78591326, 78591330, 78591334, 78591336, 78591338, 78632776, 78632778, 78632780, 79556672, 80409532]",78632782.0,20260812
Calb1,10,98,0.8235911726951599,1295040,"[78591328, 78591332, 78591334, 78591336, 78591338, 78591340, 78591342, 78591384, 78632776, 78632778, 79556672, 79709470, 79721509, 79721610, 80409532]","[71717640, 78591326, 78591330, 78632766, 78632780, 79721630, 79721740, 80409523, 80409525, 80409527]",78632782.0,20260812
Calb1,10,99,0.8268197178840637,1295040,"[71717640, 78591330, 78591332, 78591336, 78591338, 78591340, 78632778, 78632780, 79556672, 79721509, 79721610, 79721630, 80409525, 80409527, 80409532]","[78591326, 78591328, 78591334, 78591342, 78591384, 78632766, 78632776, 79709470, 79721740, 80409523]",78632782.0,20260812
Cap1,1,0,0.6633622050285339,1295040,"[78590037, 78590690, 78590696, 78590698, 78590868, 78591080, 78633134, 78633136, 78633142, 78633144, 79724886, 79725649, 79725764, 80409534, 80409536]",[323396],,20260812
Cap1,1,1,0.7026838064193726,1295040,"[323396, 78590035, 78590696, 78590698, 78591080, 78633132, 78633134, 78633136, 78633144, 79724886, 79725726, 79725764, 80409536, 80409538, 80409540]",[79724888],,20260812
Cap1,1,2,0.7385439872741699,1295040,"[78590035, 78590690, 78590692, 78590694, 78590696, 78590868, 78633132, 78633134, 78633144, 79725649, 79725726, 80409534, 80409536, 80409538, 80409540]",[78590037],,20260812
Cap1,1,3,0.7028330564498901,1295040,"[78590037, 78590690, 78590696, 78590868, 78591080, 78633134, 78633136, 78633142, 79724888, 79725649, 79725764, 80409534, 80409536, 80409538, 80409540]",[78591250],,20260812
Cap1,1,4,0.6419450640678406,1295040,"[323396, 78590037, 78590690, 78590692, 78590694, 78590696, 78590868, 78633134, 78633136, 78633142, 78633144, 79724888, 79725764, 80409538, 80409540]",[79724886],,20260812
Cap1,1,5,0.6444873809814453,1295040,"[323396, 78590035, 78590690, 78590694, 78590696, 78590698, 78590868, 78591080, 78591250, 78633136, 78633142, 79724888, 79725649, 79725764, 80409534]",[80409538],,20260812
Cap1,1,6,0.6540274620056152,1295040,"[323396, 78590035, 78590037, 78590690, 78590696, 78590698, 78590868, 78633132, 78633134, 78633136, 78633144, 79725764, 80409534, 80409536, 80409538]",[79725649],,20260812
Cap1,1,7,0.738807737827301,1295040,"[78590037, 78590690, 78590868, 78591080, 78633132, 78633136, 78633144, 79724886, 79724888, 79725649, 79725726, 79725764, 80409534, 80409536, 80409538]",[78590692],,20260812
Cap1,1,8,0.7395924925804138,1295040,"[323396, 78590037, 78590690, 78590694, 78590698, 78590868, 78591080, 78591250, 78633136, 78633144, 79724888, 79725764, 80409536, 80409538, 80409540]",[78590692],,20260812
Cap1,1,9,0.7478387355804443,1295040,"[78590690, 78590692, 78590694, 78590698, 78590868, 78591250, 78633132, 78633136, 78633142, 78633144, 79724886, 79725649, 79725764, 80409534, 80409536]",[78590037],,20260812
Cap1,1,10,0.717825174331665,1295040,"[323396, 78590037, 78590694, 78590696, 78590698, 78590868, 78591250, 78633132, 78633134, 78633144, 79724886, 79725649, 79725726, 79725764, 80409534]",[78633136],,20260812
Cap1,1,11,0.7865821719169617,1295040,"[323396, 78590035, 78590037, 78590696, 78590868, 78591080, 78633132, 78633134, 78633136, 78633142, 79724886, 79725726, 79725764, 80409538, 80409540]",[78590698],,20260812
Cap1,1,12,0.7533305287361145,1295040,"[323396, 78590690, 78590692, 78590696, 78590698, 78591080, 78633134, 78633136, 78633142, 78633144, 79724888, 79725726, 79725764, 80409536, 80409538]",[78590035],,20260812
Cap1,1,13,0.6489249467849731,1295040,"[78590035, 78590037, 78590690, 78590696, 78591250, 78633132, 78633134, 78633136, 79724886, 79724888, 79725649, 79725726, 79725764, 80409536, 80409540]",[80409538],,20260812
Cap1,1,14,0.7204666137695312,1295040,"[323396, 78590035, 78590694, 78590696, 78591080, 78591250, 78633134, 78633136, 78633142, 78633144, 79724886, 79724888, 79725649, 79725726, 79725764]",[78633132],,20260812
Cap1,1,15,0.7018301486968994,1295040,"[323396, 78590037, 78590690, 78590698, 78590868, 78591250, 78633132, 78633134, 78633136, 78633142, 78633144, 79725649, 79725726, 80409534, 80409538]",[78591080],,20260812
Cap1,1,16,0.7152787446975708,1295040,"[78590037, 78590690, 78590692, 78590694, 78591250, 78633134, 78633136, 78633142, 78633144, 79724886, 79725649, 79725726, 79725764, 80409534, 80409540]",[78633132],,20260812
Cap1,1,17,0.7179131507873535,1295040,"[323396, 78590035, 78590690, 78590694, 78590696, 78590698, 78633132, 79724886, 79724888, 79725649, 79725764, 80409534, 80409536, 80409538, 80409540]",[78633136],,20260812
Cap1,1,18,0.6302233934402466,1295040,"[323396, 78590692, 78590694, 78590698, 78590868, 78591080, 78591250, 78633132, 78633136, 78633142, 78633144, 79724888, 80409534, 80409536, 80409538]",[79725726],,20260812
Cap1,1,19,0.7267045378684998,1295040,"[323396, 78590696, 78591080, 78633132, 78633134, 78633136, 78633144, 79724888, 79725649, 79725726, 79725764, 80409534, 80409536, 80409538, 80409540]",[78590690],,20260812
Cap1,1,20,0.726708710193634,1295040,"[323396, 78590037, 78590690, 78590692, 78590694, 78590698, 78591080, 78633136, 78633142, 78633144, 79724886, 79724888, 80409534, 80409536, 80409540]",[78633132],,20260812
Cap1,1,21,0.6968328356742859,1295040,"[323396, 78590037, 78590696, 78590868, 78633132, 78633134, 78633142, 78633144, 79724888, 79725726, 79725764, 80409534, 80409536, 80409538, 80409540]",[78591250],,20260812
Cap1,1,22,0.6615794897079468,1295040,"[78590037, 78590690, 78590692, 78590868, 78591080, 78591250, 78633132, 78633136, 78633142, 78633144, 79725649, 79725726, 80409536, 80409538, 80409540]",[323396],,20260812
Cap1,1,23,0.7017440795898438,1295040,"[323396, 78590035, 78590037, 78590690, 78590696, 78590698, 78590868, 78591080, 78591250, 78633136, 79724888, 79725649, 79725726, 79725764, 80409536]",[78633134],,20260812
Cap1,1,24,0.6992425918579102,1295040,"[78590035, 78590690, 78590694, 78590696, 78633132, 78633136, 78633142, 78633144, 79724886, 79724888, 79725649, 79725726, 79725764, 80409534, 80409540]",[78633134],,20260812
Cap1,1,25,0.6379184722900391,1295040,"[323396, 78590035, 78590690, 78590692, 78590694, 78590698, 78590868, 78591080, 78633136, 78633142, 79724888, 79725726, 79725764, 80409534, 80409540]",[79724886],,20260812
Cap1,1,26,0.7700488567352295,1295040,"[78590690, 78590692, 78590868, 78591080, 78633132, 78633134, 78633136, 78633142, 78633144, 79724888, 79725726, 79725764, 80409534, 80409538, 80409540]",[78590698],,20260812
Cap1,1,27,0.7436938881874084,1295040,"[78590037, 78590690, 78591080, 78633132, 78633134, 78633136, 78633142, 78633144, 79724888, 79725649, 79725726, 79725764, 80409536, 80409538, 80409540]",[78590035],,20260812
Cap1,1,28,0.7139456272125244,1295040,"[323396, 78590035, 78590037, 78590692, 78590694, 78590696, 78590698, 78591080, 78633132, 78633134, 78633144, 79724886, 79725764, 80409538, 80409540]",[78591250],,20260812
Cap1,1,29,0.651141881942749,1295040,"[323396, 78590037, 78590692, 78590694, 78590696, 78590698, 78590868, 78591080, 78633132, 78633142, 79724886, 79725649, 79725726, 80409534, 80409540]",[80409538],,20260812
Cap1,1,30,0.7352365255355835,1295040,"[78590037, 78590692, 78590694, 78591080, 78633132, 78633134, 78633136, 78633142, 78633144, 79724886, 79725649, 79725726, 79725764, 80409536, 80409538]",[78590868],,20260812
Cap1,1,31,0.6611205339431763,1295040,"[323396, 78590690, 78590692, 78590694, 78590696, 78590868, 78633134, 78633142, 78633144, 79724888, 79725649, 79725764, 80409536, 80409538, 80409540]",[80409534],,20260812
Cap1,1,32,0.6951638460159302,1295040,"[323396, 78590035, 78590037, 78590690, 78590694, 78590696, 78590698, 78590868, 78633136, 78633144, 79724886, 79725649, 80409534, 80409536, 80409538]",[78591080],,20260812
Cap1,1,33,0.7292245626449585,1295040,"[323396, 78590035, 78590690, 78590692, 78590696, 78590698, 78591080, 78591250, 78633134, 78633144, 79724888, 79725649, 80409536, 80409538, 80409540]",[78633132],,20260812
Cap1,1,34,0.7268708348274231,1295040,"[78590035, 78590037, 78590690, 78590692, 78590694, 78591080, 78591250, 78633132, 78633134, 78633136, 79724888, 79725649, 79725764, 80409534, 80409540]",[78633142],,20260812
Cap1,1,35,0.7228889465332031,1295040,"[78590037, 78590692, 78590694, 78590696, 78590698, 78590868, 78591250, 78633132, 78633136, 78633144, 79724886, 79724888, 79725649, 79725726, 80409538]",[78633142],,20260812
Cap1,1,36,0.6297047734260559,1295040,"[323396, 78590692, 78590694, 78591080, 78591250, 78633132, 78633136, 78633144, 79724886, 79724888, 79725649, 79725764, 80409536, 80409538, 80409540]",[79725726],,20260812
Cap1,1,37,0.7182180881500244,1295040,"[78590035, 78590037, 78590692, 78590694, 78590696, 78590698, 78591080, 78633134, 78633136, 78633144, 79724886, 79725764, 80409534, 80409538, 80409540]",[78591250],,20260812
Cap1,1,38,0.6286199688911438,1295040,"[78590035, 78590037, 78590690, 78590692, 78590696, 78590698, 78590868, 78633132, 78633142, 78633144, 79724886, 79724888, 79725649, 80409538, 80409540]",[79725726],,20260812
Cap1,1,39,0.7166483998298645,1295040,"[78590037, 78590690, 78590692, 78590694, 78590696, 78590698, 78590868, 78633132, 78633142, 78633144, 79725649, 79725764, 80409534, 80409538, 80409540]",[78591250],,20260812
Cap1,1,40,0.7820955514907837,1295040,"[323396, 78590035, 78590037, 78590690, 78590694, 78590696, 78591250, 78633134, 79724886, 79724888, 79725649, 80409534, 80409536, 80409538, 80409540]",[78590698],,20260812
Cap1,1,41,0.7541102170944214,1295040,"[78590690, 78590692, 78590694, 78590696, 78590698, 78590868, 78591080, 78633132, 78633136, 78633142, 78633144, 79724886, 79725726, 80409536, 80409540]",[78590035],,20260812
Cap1,1,42,0.6219049692153931,1295040,"[78590035, 78590037, 78590690, 78590694, 78590698, 78590868, 78591250, 78633134, 78633136, 78633144, 79724888, 79725649, 80409534, 80409538, 80409540]",[79725726],,20260812
Cap1,1,43,0.7787365317344666,1295040,"[323396, 78590037, 78590692, 78590696, 78591080, 78591250, 78633132, 78633136, 78633144, 79724888, 79725649, 79725764, 80409534, 80409536, 80409538]",[78590698],,20260812
Cap1,1,44,0.6517540216445923,1295040,"[323396, 78590035, 78590037, 78590690, 78590692, 78590694, 78590696, 78590868, 78591250, 78633142, 79724888, 79725726, 80409534, 80409538, 80409540]",[79725649],,20260812
Cap1,1,45,0.6435140371322632,1295040,"[323396, 78590035, 78590692, 78590696, 78590698, 78590868, 78591250, 78633132, 78633134, 78633136, 78633142, 78633144, 79725726, 80409534, 80409538]",[79724886],,20260812
Cap1,1,46,0.6556859612464905,1295040,"[323396, 78590035, 78590037, 78590694, 78590696, 78590698, 78590868, 78591250, 78633132, 78633134, 78633142, 78633144, 79725649, 80409536, 80409540]",[80409534],,20260812
Cap1,1,47,0.7592988014221191,1295040,"[323396, 78590037, 78590690, 78590692, 78590696, 78590698, 78633132, 78633134, 78633142, 79724886, 79724888, 79725649, 79725764, 80409536, 80409540]",[78590035],,20260812
Cap1,1,48,0.6385683417320251,1295040,"[323396, 78590037, 78590690, 78590692, 78590694, 78590696, 78633132, 78633134, 78633142, 78633144, 79724886, 79725649, 79725764, 80409534, 80409538]",[80409540],,20260812
Cap1,1,49,0.7226696014404297,1295040,"[323396, 78590690, 78590692, 78590694, 78590868, 78591080, 78633132, 78633144, 79724886, 79724888, 79725649, 79725764, 80409534, 80409538, 80409540]",[78633142],,20260812
Cap1,1,50,0.7506304979324341,1295040,"[78590690, 78590694, 78590698, 78590868, 78591080, 78633132, 78633134, 78633136, 78633142, 79724886, 79724888, 79725726, 79725764, 80409534, 80409540]",[78590037],,20260812
Cap1,1,51,0.7850978970527649,1295040,"[323396, 78590037, 78590690, 78590692, 78590694, 78590696, 78591250, 78633132, 78633134, 78633142, 79724886, 79725649, 79725764, 80409538, 80409540]",[78590698],,20260812
Cap1,1,52,0.7385393381118774,1295040,"[78590037, 78590692, 78590694, 78590696, 78590698, 78590868, 78591250, 78633136, 78633144, 79724886, 79725649, 79725726, 79725764, 80409538, 80409540]",[78590690],,20260812
Cap1,1,53,0.6423999071121216,1295040,"[323396, 78590690, 78590692, 78590694, 78590698, 78591250, 78633134, 78633136, 78633144, 79724886, 79724888, 79725649, 79725764, 80409534, 80409538]",[80409540],,20260812
Cap1,1,54,0.69017493724823,1295040,"[323396, 78590690, 78590692, 78590694, 78590696, 78591080, 78633136, 78633142, 78633144, 79724886, 79725649, 79725726, 79725764, 80409538, 80409540]",[78633134],,20260812
Cap1,1,55,0.7853760719299316,1295040,"[323396, 78590037, 78590690, 78590696, 78591250, 78633132, 78633134, 78633136, 78633144, 79724888, 79725649, 80409534, 80409536, 80409538, 80409540]",[78590698],,20260812
Cap1,1,56,0.7175552845001221,1295040,"[78590035, 78590690, 78590692, 78590696, 78590698, 78590868, 78591250, 78633132, 78633134, 78633136, 78633142, 79724888, 79725726, 79725764, 80409538]",[78591080],,20260812
Cap1,1,57,0.6264531016349792,1295040,"[323396, 78590035, 78590037, 78590690, 78590692, 78590694, 78590698, 78591250, 78633132, 78633134, 78633136, 79724888, 79725649, 79725764, 80409538]",[78633144],,20260812
Cap1,1,58,0.6900354623794556,1295040,"[323396, 78590035, 78590690, 78590692, 78590696, 78590868, 78591080, 78633132, 78633134, 78633142, 78633144, 79724888, 79725649, 80409534, 80409540]",[78590694],,20260812
Cap1,1,59,0.6643966436386108,1295040,"[78590035, 78590690, 78590692, 78590694, 78590696, 78590698, 78590868, 78591250, 78633134, 78633136, 78633142, 79725649, 79725726, 79725764, 80409540]",[323396],,20260812
Cap1,1,60,0.7506382465362549,1295040,"[78590037, 78590690, 78590694, 78590696, 78590698, 78590868, 78591080, 78591250, 78633132, 78633134, 78633142, 79725726, 80409534, 80409538, 80409540]",[78590035],,20260812
Cap1,1,61,0.6594014763832092,1295040,"[78590037, 78590690, 78590692, 78590694, 78590696, 78633134, 78633136, 78633142, 78633144, 79724886, 79725649, 79725726, 79725764, 80409534, 80409540]",[323396],,20260812
Cap1,1,62,0.6435694694519043,1295040,"[78590035, 78590037, 78590692, 78590698, 78591080, 78633132, 78633136, 78633142, 78633144, 79724888, 79725649, 79725726, 79725764, 80409534, 80409536]",[80409540],,20260812
Cap1,1,63,0.6898810267448425,1295040,"[78590035, 78590690, 78590694, 78590696, 78590868, 78633132, 78633134, 78633136, 78633144, 79724888, 79725649, 79725726, 80409534, 80409538, 80409540]",[80409536],,20260812
Cap1,1,64,0.6879861354827881,1295040,"[323396, 78590035, 78590690, 78590694, 78590696, 78591080, 78591250, 78633132, 78633136, 79724886, 79725649, 79725726, 79725764, 80409534, 80409540]",[80409536],,20260812
Cap1,1,65,0.6594443321228027,1295040,"[78590035, 78590037, 78590690, 78590692, 78590696, 78591080, 78591250, 78633132, 78633136, 78633142, 79724886, 79725649, 79725726, 80409536, 80409538]",[80409534],,20260812
Cap1,1,66,0.733629584312439,1295040,"[323396, 78590035, 78590037, 78590694, 78590696, 78590868, 78633132, 78633136, 78633142, 78633144, 79725649, 79725726, 80409534, 80409538, 80409540]",[78590692],,20260812
Cap1,1,67,0.7311041355133057,1295040,"[323396, 78590694, 78590696, 78590698, 78591080, 78591250, 78633134, 78633136, 78633142, 78633144, 79724886, 79724888, 79725649, 80409536, 80409538]",[78590690],,20260812
Cap1,1,68,0.7209508419036865,1295040,"[323396, 78590035, 78590037, 78590690, 78590692, 78590694, 78590696, 78633132, 78633136, 78633144, 79724886, 79725649, 80409534, 80409538, 80409540]",[78633142],,20260812
Cap1,1,69,0.6254727840423584,1295040,"[323396, 78590035, 78590037, 78590692, 78590696, 78590868, 78591250, 78633136, 78633142, 79724886, 79724888, 79725649, 79725726, 79725764, 80409534]",[78633144],,20260812
Cap1,1,70,0.6936213970184326,1295040,"[323396, 78590035, 78590692, 78590694, 78590698, 78591080, 78591250, 78633136, 78633142, 78633144, 79724886, 79724888, 79725649, 79725726, 80409540]",[78633134],,20260812
Cap1,1,71,0.6580231189727783,1295040,"[323396, 78590037, 78590690, 78590692, 78590694, 78590696, 78590868, 78591250, 78633134, 78633142, 78633144, 79724886, 79724888, 80409536, 80409538]",[80409534],,20260812
Cap1,1,72,0.6262655258178711,1295040,"[78590035, 78590037, 78590690, 78590692, 78590868, 78591080, 78633136, 78633142, 79724888, 79725726, 79725764, 80409534, 80409536, 80409538, 80409540]",[78633144],,20260812
Cap1,1,73,0.7230781316757202,1295040,"[323396, 78590690, 78590692, 78590694, 78590868, 78591080, 78633132, 78633136, 78633142, 78633144, 79725649, 79725764, 80409536, 80409538, 80409540]",[78591250],,20260812
Cap1,1,74,0.7169269919395447,1295040,"[78590035, 78590037, 78590692, 78590694, 78590696, 78590698, 78590868, 78591250, 78633134, 78633142, 79725649, 79725726, 79725764, 80409536, 80409538]",[78633136],,20260812
Cap1,1,75,0.7219662666320801,1295040,"[323396, 78590035, 78590037, 78590694, 78590698, 78591080, 78633132, 78633134, 78633144, 79724886, 79724888, 79725649, 79725726, 80409536, 80409540]",[78633142],,20260812
Cap1,1,76,0.6973414421081543,1295040,"[323396, 78590037, 78590692, 78590694, 78590696, 78590868, 78591080, 78633136, 78633142, 78633144, 79724886, 79725649, 79725764, 80409536, 80409540]",[78633134],,20260812
Cap1,1,77,0.7511453628540039,1295040,"[78590035, 78590690, 78590696, 78590698, 78590868, 78591080, 78591250, 78633132, 78633136, 78633142, 79724886, 79725649, 79725726, 80409538, 80409540]",[78590037],,20260812
Cap1,1,78,0.7263916730880737,1295040,"[323396, 78590690, 78590696, 78590698, 78590868, 78591080, 78591250, 78633132, 78633134, 79724888, 79725726, 79725764, 80409536, 80409538, 80409540]",[78633142],,20260812
Cap1,1,79,0.6519650220870972,1295040,"[78590035, 78590037, 78590692, 78590694, 78590696, 78591080, 78633132, 78633134, 78633144, 79724886, 79724888, 79725726, 79725764, 80409536, 80409540]",[80409538],,20260812
Cap1,1,80,0.7303074598312378,1295040,"[323396, 78590035, 78590694, 78590696, 78590868, 78591080, 78591250, 78633132, 78633142, 79724888, 79725726, 80409534, 80409536, 80409538, 80409540]",[78590037],,20260812
Cap1,1,81,0.6829038858413696,1295040,"[323396, 78590037, 78590690, 78590692, 78590694, 78590868, 78591250, 78633132, 78633134, 78633136, 79724886, 79725649, 79725764, 80409538, 80409540]",[80409536],,20260812
Cap1,1,82,0.7010154724121094,1295040,"[323396, 78590035, 78590690, 78590692, 78590696, 78633132, 78633134, 78633136, 78633142, 78633144, 79724888, 79725764, 80409534, 80409538, 80409540]",[78591250],,20260812
Cap1,1,83,0.6469649076461792,1295040,"[323396, 78590690, 78590694, 78590696, 78590698, 78633134, 78633136, 78633142, 78633144, 79724888, 79725649, 79725726, 80409534, 80409538, 80409540]",[79724886],,20260812
Cap1,1,84,0.7064242959022522,1295040,"[323396, 78590035, 78590694, 78590696, 78590698, 78633132, 78633142, 78633144, 79724888, 79725649, 79725726, 80409534, 80409536, 80409538, 80409540]",[78591080],,20260812
Cap1,1,85,0.6886805891990662,1295040,"[323396, 78590035, 78590694, 78590696, 78590698, 78590868, 78591080, 78633134, 78633136, 78633142, 78633144, 79724886, 79724888, 79725764, 80409534]",[80409536],,20260812
Cap1,1,86,0.740043580532074,1295040,"[323396, 78590035, 78590037, 78590696, 78590698, 78591080, 78591250, 78633132, 78633136, 79724886, 79724888, 79725649, 79725726, 79725764, 80409536]",[78590692],,20260812
Cap1,1,87,0.714532196521759,1295040,"[323396, 78590037, 78590690, 78590692, 78590696, 78590698, 78590868, 78633134, 78633136, 78633142, 78633144, 79724888, 79725649, 79725726, 80409536]",[78591080],,20260812
Cap1,1,88,0.6616513729095459,1295040,"[78590692, 78590694, 78590696, 78590868, 78591250, 78633132, 78633134, 78633136, 78633142, 78633144, 79725726, 80409534, 80409536, 80409538, 80409540]",[323396],,20260812
Cap1,1,89,0.6480581760406494,1295040,"[78590035, 78590037, 78590690, 78590692, 78590696, 78590698, 78591250, 78633134, 78633142, 78633144, 79724886, 79725649, 79725726, 80409534, 80409536]",[80409538],,20260812
Cap1,1,90,0.6900879144668579,1295040,"[78590035, 78590692, 78590694, 78590698, 78591250, 78633132, 78633134, 78633136, 78633144, 79724886, 79724888, 79725649, 79725726, 80409534, 80409538]",[80409536],,20260812
Cap1,1,91,0.6838208436965942,1295040,"[323396, 78590037, 78590690, 78590694, 78591250, 78633132, 78633134, 78633136, 78633144, 79724886, 79724888, 79725649, 79725726, 79725764, 80409538]",[80409536],,20260812
Cap1,1,92,0.7656352519989014,1295040,"[323396, 78590690, 78590692, 78590694, 78590696, 78591080, 78633132, 78633142, 79724886, 79725649, 79725726, 79725764, 80409536, 80409538, 80409540]",[78590698],,20260812
Cap1,1,93,0.6996539831161499,1295040,"[323396, 78590035, 78590690, 78590692, 78590694, 78590698, 78591080, 78633134, 78633136, 78633142, 78633144, 79725649, 80409534, 80409538, 80409540]",[79724888],,20260812
Cap1,1,94,0.6529756188392639,1295040,"[78590035, 78590037, 78590694, 78590698, 78591080, 78591250, 78633134, 78633136, 78633142, 78633144, 79724886, 79725726, 79725764, 80409536, 80409538]",[79725649],,20260812
Cap1,1,95,0.6515365839004517,1295040,"[78590035, 78590037, 78590692, 78590694, 78590696, 78590698, 78590868, 78591080, 78591250, 78633134, 78633136, 78633142, 78633144, 79724886, 80409536]",[79725649],,20260812
Cap1,1,96,0.6424998044967651,1295040,"[78590035, 78590037, 78590690, 78590692, 78590694, 78590696, 78590698, 78591080, 78633136, 78633142, 78633144, 79724888, 79725649, 79725764, 80409538]",[79724886],,20260812
Cap1,1,97,0.6614651679992676,1295040,"[78590035, 78590690, 78590692, 78590696, 78590698, 78591080, 78633136, 78633144, 79724886, 79724888, 79725649, 79725726, 79725764, 80409536, 80409538]",[80409534],,20260812
Cap1,1,98,0.6539542078971863,1295040,"[323396, 78590035, 78590690, 78590692, 78590694, 78590696, 78590698, 78591080, 78591250, 78633134, 79724886, 79725726, 80409534, 80409538, 80409540]",[79725764],,20260812
Cap1,1,99,0.7132924199104309,1295040,"[323396, 78590035, 78590037, 78590692, 78590696, 78590698, 78590868, 78633132, 78633134, 79724886, 79724888, 79725726, 79725764, 80409536, 80409538]",[78633136],,20260812
Cap1,2,0,0.7620216608047485,1295040,"[78590035, 78590690, 78590696, 78590698, 78590868, 78591250, 78633132, 78633134, 78633136, 78633144, 79724886, 79724888, 79725726, 79725764, 80409540]","[80409534, 80409538]",,20260812
Cap1,2,1,0.8189449310302734,1295040,"[323396, 78590035, 78590037, 78590694, 78590696, 78590698, 78591080, 78591250, 78633132, 78633134, 78633142, 79725649, 79725726, 79725764, 80409540]","[78590690, 78633136]",,20260812
Cap1,2,2,0.8461835980415344,1295040,"[323396, 78590035, 78590037, 78590690, 78590692, 78590696, 78590868, 78591250, 78633134, 78633144, 79724888, 79725649, 79725726, 79725764, 80409538]","[78590698, 78633132]",,20260812
Cap1,2,3,0.7723564505577087,1295040,"[78590035, 78590692, 78590698, 78591250, 78633132, 78633134, 78633136, 78633142, 79724886, 79724888, 79725726, 79725764, 80409534, 80409536, 80409540]","[323396, 80409538]",,20260812
Cap1,2,4,0.7907280921936035,1295040,"[78590690, 78590696, 78590698, 78591080, 78591250, 78633132, 78633134, 78633136, 79724888, 79725649, 79725764, 80409534, 80409536, 80409538, 80409540]","[78590692, 79725726]",,20260812
Cap1,2,5,0.8116656541824341,1295040,"[323396, 78590037, 78590690, 78590694, 78590696, 78590698, 78591250, 78633132, 78633136, 78633142, 79724886, 79724888, 79725726, 79725764, 80409534]","[78590692, 80409536]",,20260812
Cap1,2,6,0.7902987003326416,1295040,"[323396, 78590035, 78590692, 78590694, 78591080, 78633134, 78633136, 78633142, 78633144, 79724888, 79725649, 79725764, 80409534, 80409536, 80409540]","[78590690, 79725726]",,20260812
Cap1,2,7,0.8274221420288086,1295040,"[323396, 78590690, 78590692, 78590694, 78590696, 78590698, 78590868, 78591080, 78633134, 78633142, 78633144, 79724886, 79724888, 79725649, 80409534]","[78591250, 78633132]",,20260812
Cap1,2,8,0.7942416071891785,1295040,"[78590035, 78590690, 78590692, 78590696, 78590698, 78590868, 78591250, 78633132, 78633134, 78633136, 78633142, 78633144, 79724886, 80409538, 80409540]","[79724888, 80409536]",,20260812
Cap1,2,9,0.8010402321815491,1295040,"[323396, 78590037, 78590690, 78590698, 78590868, 78591080, 78591250, 78633142, 78633144, 79724886, 79724888, 79725649, 79725764, 80409534, 80409540]","[78633132, 80409536]",,20260812
Cap1,2,10,0.782494843006134,1295040,"[323396, 78590035, 78590037, 78590690, 78590694, 78590868, 78591080, 78633132, 78633136, 78633142, 78633144, 79725649, 79725726, 79725764, 80409536]","[79724888, 80409538]",,20260812
Cap1,2,11,0.7610683441162109,1295040,"[78590035, 78590694, 78590696, 78590698, 78590868, 78591250, 78633134, 78633136, 78633144, 79724886, 79724888, 79725726, 79725764, 80409534, 80409540]","[79725649, 80409538]",,20260812
Cap1,2,12,0.7639520168304443,1295040,"[323396, 78590035, 78590037, 78590690, 78590692, 78590696, 78590698, 78590868, 78591250, 78633132, 78633134, 79724886, 80409536, 80409538, 80409540]","[79725649, 79725764]",,20260812
Cap1,2,13,0.8244093656539917,1295040,"[78590035, 78590037, 78590692, 78590696, 78591080, 78591250, 78633132, 78633136, 78633142, 79725649, 79725726, 79725764, 80409536, 80409538, 80409540]","[78590690, 78590694]",,20260812
Cap1,2,14,0.7955865859985352,1295040,"[323396, 78590690, 78590692, 78590694, 78590696, 78590698, 78591080, 78591250, 78633132, 78633136, 78633144, 79724886, 79725764, 80409534, 80409536]","[78633134, 79724888]",,20260812
Cap1,2,15,0.8089935779571533,1295040,"[323396, 78590035, 78590037, 78590690, 78590696, 78590698, 78591080, 78591250, 78633134, 78633136, 78633142, 78633144, 79724886, 79725764, 80409540]","[78590692, 79725649]",,20260812
Cap1,2,16,0.8279355764389038,1295040,"[78590035, 78590037, 78590692, 78590694, 78590698, 78590868, 78591250, 78633132, 78633144, 79724886, 79724888, 79725764, 80409534, 80409538, 80409540]","[78590696, 78633136]",,20260812
Cap1,2,17,0.7979580163955688,1295040,"[323396, 78590690, 78590692, 78590694, 78590696, 78590698, 78591080, 78591250, 78633132, 79724886, 79725649, 79725726, 80409536, 80409538, 80409540]","[78633142, 80409534]",,20260812
Cap1,2,18,0.7416998147964478,1295040,"[323396, 78590035, 78590690, 78590694, 78590696, 78590698, 78590868, 78591250, 78633132, 78633136, 79724886, 79725726, 79725764, 80409534, 80409536]","[78633144, 80409540]",,20260812
Cap1,2,19,0.7878605127334595,1295040,"[323396, 78590035, 78590692, 78590696, 78590698, 78590868, 78591250, 78633132, 78633134, 78633142, 78633144, 79724886, 79724888, 79725764, 80409538]","[78591080, 80409540]",,20260812
Cap1,2,20,0.7803956270217896,1295040,"[78590035, 78590037, 78590690, 78590692, 78590694, 78590698, 78633132, 78633134, 78633136, 78633142, 78633144, 79725649, 79725726, 79725764, 80409534]","[79724886, 79724888]",,20260812
Cap1,2,21,0.8311690092086792,1295040,"[78590037, 78590694, 78590696, 78590868, 78633132, 78633134, 78633136, 78633144, 79725649, 79725726, 79725764, 80409534, 80409536, 80409538, 80409540]","[78590690, 78590692]",,20260812
Cap1,2,22,0.8158292770385742,1295040,"[78590035, 78590692, 78590694, 78590696, 78590868, 78591080, 78591250, 78633134, 78633142, 78633144, 79724886, 79725649, 79725726, 80409538, 80409540]","[78590690, 78633136]",,20260812
Cap1,2,23,0.8336470127105713,1295040,"[323396, 78590035, 78590690, 78590692, 78590694, 78590868, 78591080, 78591250, 78633134, 78633136, 78633142, 78633144, 79725764, 80409534, 80409536]","[78590698, 79724888]",,20260812
Cap1,2,24,0.7615118026733398,1295040,"[78590035, 78590037, 78590690, 78590694, 78590696, 78590698, 78591080, 78591250, 78633134, 78633142, 78633144, 79724888, 79725764, 80409538, 80409540]","[79724886, 80409534]",,20260812
Cap1,2,25,0.8354579210281372,1295040,"[323396, 78590037, 78590694, 78590696, 78590698, 78590868, 78591080, 78633136, 78633142, 79724886, 79725649, 79725764, 80409536, 80409538, 80409540]","[78590692, 78633132]",,20260812
Cap1,2,26,0.8054498434066772,1295040,"[323396, 78590694, 78590696, 78590868, 78591080, 78591250, 78633132, 78633134, 78633136, 78633142, 78633144, 79724888, 79725649, 79725726, 80409540]","[78590690, 80409534]",,20260812
Cap1,2,27,0.8087409734725952,1295040,"[323396, 78590037, 78590690, 78590692, 78590696, 78590868, 78591080, 78591250, 78633132, 78633144, 79724888, 79725649, 79725764, 80409536, 80409538]","[78590035, 79724886]",,20260812
Cap1,2,28,0.7753880620002747,1295040,"[323396, 78590690, 78590696, 78590868, 78591080, 78591250, 78633132, 78633134, 78633136, 78633142, 79724886, 79724888, 79725649, 80409534, 80409540]","[80409536, 80409538]",,20260812
Cap1,2,29,0.8049272298812866,1295040,"[78590035, 78590037, 78590692, 78590694, 78590696, 78590698, 78591250, 78633136, 78633144, 79724886, 79724888, 79725649, 79725726, 79725764, 80409534]","[78590868, 80409540]",,20260812
Cap1,2,30,0.7970876097679138,1295040,"[78590690, 78590692, 78590694, 78590698, 78590868, 78591080, 78591250, 78633132, 78633134, 78633136, 79724888, 79725649, 79725764, 80409534, 80409540]","[78633142, 79724886]",,20260812
Cap1,2,31,0.749711275100708,1295040,"[78590035, 78590037, 78590690, 78590694, 78590696, 78590868, 78591080, 78591250, 78633134, 78633142, 79724886, 79724888, 79725726, 79725764, 80409538]","[78633144, 79725649]",,20260812
Cap1,2,32,0.798319935798645,1295040,"[323396, 78590035, 78590037, 78590690, 78590694, 78590698, 78633132, 78633136, 78633142, 78633144, 79724888, 79725649, 80409534, 80409538, 80409540]","[78590696, 79725726]",,20260812
Cap1,2,33,0.7978478074073792,1295040,"[323396, 78590035, 78590037, 78590690, 78590692, 78590694, 78590696, 78590698, 78590868, 78591250, 78633144, 79724888, 79725649, 80409534, 80409536]","[78633142, 79724886]",,20260812
Cap1,2,34,0.8275589942932129,1295040,"[323396, 78590035, 78590037, 78590690, 78590694, 78591080, 78633132, 78633136, 79724886, 79724888, 79725726, 80409534, 80409536, 80409538, 80409540]","[78590698, 79725764]",,20260812
Cap1,2,35,0.7583308219909668,1295040,"[323396, 78590037, 78590692, 78590694, 78590698, 78590868, 78591080, 78591250, 78633132, 78633134, 78633136, 78633144, 79725726, 79725764, 80409538]","[79725649, 80409540]",,20260812
Cap1,2,36,0.7584440112113953,1295040,"[323396, 78590037, 78590690, 78590692, 78590696, 78590868, 78591080, 78633134, 78633136, 78633144, 79725649, 79725726, 80409534, 80409536, 80409538]","[79725764, 80409540]",,20260812
Cap1,2,37,0.8273795247077942,1295040,"[78590035, 78590692, 78590694, 78590698, 78590868, 78591250, 78633132, 78633134, 78633136, 78633142, 78633144, 79724886, 79724888, 79725764, 80409536]","[78590696, 78591080]",,20260812
Cap1,2,38,0.8091517090797424,1295040,"[78590035, 78590690, 78590694, 78590696, 78590698, 78591080, 78633134, 78633136, 78633142, 78633144, 79724886, 79724888, 79725649, 79725764, 80409536]","[78590692, 80409534]",,20260812
Cap1,2,39,0.8063580989837646,1295040,"[78590690, 78590692, 78590694, 78590698, 78590868, 78591080, 78591250, 78633136, 78633142, 79724886, 79725649, 79725726, 80409536, 80409538, 80409540]","[78633132, 79725764]",,20260812
Cap1,2,40,0.8168019652366638,1295040,"[78590035, 78590037, 78590690, 78590692, 78590694, 78590696, 78590868, 78591080, 78633132, 78633136, 79724888, 79725649, 79725726, 80409536, 80409540]","[78633134, 78633142]",,20260812
Cap1,2,41,0.8436565399169922,1295040,"[323396, 78590037, 78590690, 78590694, 78633132, 78633134, 78633136, 78633144, 79724888, 79725649, 79725764, 80409534, 80409536, 80409538, 80409540]","[78590698, 78590868]",,20260812
Cap1,2,42,0.8154684901237488,1295040,"[323396, 78590692, 78590694, 78590696, 78590868, 78591080, 78633132, 78633134, 78633136, 78633142, 79724886, 79724888, 80409534, 80409536, 80409538]","[78590035, 78633144]",,20260812
Cap1,2,43,0.7717849016189575,1295040,"[78590035, 78590690, 78590692, 78590694, 78590696, 78590698, 78590868, 78591080, 78591250, 78633132, 78633134, 78633142, 80409534, 80409536, 80409540]","[323396, 79725649]",,20260812
Cap1,2,44,0.7970407009124756,1295040,"[78590035, 78590037, 78590694, 78590696, 78590698, 78590868, 78633132, 78633136, 78633142, 79724886, 79724888, 79725726, 79725764, 80409534, 80409540]","[78591250, 79725649]",,20260812
Cap1,2,45,0.8075295686721802,1295040,"[78590690, 78590692, 78590694, 78590696, 78590698, 78591080, 78633132, 78633134, 78633142, 79724886, 79725649, 79725726, 79725764, 80409536, 80409540]","[323396, 78590868]",,20260812
Cap1,2,46,0.8273844718933105,1295040,"[78590037, 78590690, 78590692, 78590698, 78590868, 78591250, 78633132, 78633136, 79724886, 79725649, 79725726, 80409534, 80409536, 80409538, 80409540]","[78590035, 78590694]",,20260812
Cap1,2,47,0.8156523704528809,1295040,"[323396, 78590037, 78590690, 78590698, 78591080, 78633132, 78633136, 78633142, 78633144, 79724886, 79725649, 79725726, 80409534, 80409538, 80409540]","[78590692, 79724888]",,20260812
Cap1,2,48,0.8309347033500671,1295040,"[78590692, 78591250, 78633132, 78633134, 78633136, 78633142, 78633144, 79724886, 79724888, 79725649, 79725726, 79725764, 80409534, 80409536, 80409538]","[78590035, 78590690]",,20260812
Cap1,2,49,0.8233920931816101,1295040,"[323396, 78590037, 78590690, 78590694, 78590698, 78633134, 78633144, 79724886, 79724888, 79725649, 79725726, 79725764, 80409534, 80409538, 80409540]","[78590035, 78590692]",,20260812
Cap1,2,50,0.8440958857536316,1295040,"[78590035, 78590037, 78590690, 78590694, 78590696, 78590868, 78591250, 78633132, 78633134, 78633136, 79724886, 79725726, 79725764, 80409534, 80409538]","[78590698, 78633142]",,20260812
Cap1,2,51,0.8372207880020142,1295040,"[323396, 78590037, 78590690, 78590694, 78590868, 78591250, 78633132, 78633134, 78633136, 78633144, 79724886, 79724888, 79725649, 80409536, 80409538]","[78590698, 78591080]",,20260812
Cap1,2,52,0.8235020041465759,1295040,"[78590035, 78590692, 78590698, 78590868, 78591080, 78633136, 78633142, 78633144, 79724886, 79724888, 79725649, 79725764, 80409534, 80409536, 80409538]","[78590696, 78591250]",,20260812
Cap1,2,53,0.8075817227363586,1295040,"[323396, 78590035, 78590037, 78590698, 78590868, 78591080, 78591250, 78633132, 78633134, 78633142, 78633144, 79724888, 79725649, 79725726, 80409536]","[78590696, 79725764]",,20260812
Cap1,2,54,0.82063889503479,1295040,"[78590037, 78590690, 78590692, 78590694, 78590698, 78591250, 78633132, 78633134, 78633142, 78633144, 79724886, 79725649, 79725764, 80409534, 80409540]","[78590696, 78633136]",,20260812
Cap1,2,55,0.8106505870819092,1295040,"[78590035, 78590690, 78590692, 78590696, 78590868, 78633132, 78633134, 78633136, 79724886, 79724888, 79725649, 79725726, 79725764, 80409538, 80409540]","[78591250, 78633142]",,20260812
Cap1,2,56,0.8014724850654602,1295040,"[323396, 78590035, 78590037, 78590690, 78590696, 78590868, 78633134, 78633136, 78633144, 79724888, 79725726, 79725764, 80409534, 80409538, 80409540]","[78590694, 78591080]",,20260812
Cap1,2,57,0.8277418613433838,1295040,"[323396, 78590037, 78590692, 78590694, 78590868, 78591080, 78591250, 78633132, 79724888, 79725649, 79725726, 80409534, 80409536, 80409538, 80409540]","[78590035, 78633142]",,20260812
Cap1,2,58,0.797278106212616,1295040,"[323396, 78590037, 78590690, 78590694, 78590696, 78590698, 78590868, 78591250, 78633132, 78633134, 78633136, 79724888, 79725649, 79725764, 80409534]","[78591080, 78633142]",,20260812
Cap1,2,59,0.7846176624298096,1295040,"[323396, 78590035, 78590037, 78590690, 78590868, 78591250, 78633132, 78633134, 78633142, 79725649, 79725726, 79725764, 80409536, 80409538, 80409540]","[78590692, 78591080]",,20260812
Cap1,2,60,0.7930282354354858,1295040,"[323396, 78590035, 78590037, 78590690, 78590692, 78590694, 78590696, 78590698, 78590868, 78633132, 79724888, 79725764, 80409534, 80409536, 80409540]","[78633136, 79725726]",,20260812
Cap1,2,61,0.7916722893714905,1295040,"[323396, 78590035, 78590037, 78590692, 78590694, 78590868, 78591080, 78633132, 78633134, 78633142, 78633144, 79725649, 79725764, 80409534, 80409540]","[78591250, 79724886]",,20260812
Cap1,2,62,0.8107183575630188,1295040,"[323396, 78590037, 78590690, 78590696, 78590698, 78590868, 78633134, 78633136, 78633142, 79724886, 79724888, 79725649, 79725726, 79725764, 80409538]","[78590035, 80409534]",,20260812
Cap1,2,63,0.8065254092216492,1295040,"[323396, 78590690, 78590692, 78590694, 78590696, 78591250, 78633134, 78633144, 79724888, 79725649, 79725726, 79725764, 80409534, 80409536, 80409538]","[78590035, 80409540]",,20260812
Cap1,2,64,0.8213796615600586,1295040,"[323396, 78590690, 78590692, 78590696, 78590868, 78591250, 78633132, 78633134, 78633144, 79724886, 79724888, 79725649, 79725764, 80409536, 80409540]","[78590694, 78633142]",,20260812
Cap1,2,65,0.7676187753677368,1295040,"[323396, 78590037, 78590690, 78590692, 78590696, 78590868, 78591080, 78591250, 78633132, 78633134, 78633136, 79724886, 79725649, 79725726, 80409540]","[79725764, 80409534]",,20260812
Cap1,2,66,0.77630215883255,1295040,"[323396, 78590035, 78590037, 78590690, 78590692, 78590696, 78590698, 78590868, 78591080, 78633132, 78633134, 78633144, 79725726, 80409534, 80409538]","[78591250, 80409540]",,20260812
Cap1,2,67,0.8015924692153931,1295040,"[323396, 78590690, 78590692, 78590694, 78590696, 78591080, 78591250, 78633132, 78633136, 79724886, 79724888, 79725726, 80409536, 80409538, 80409540]","[78633142, 79725764]",,20260812
Cap1,2,68,0.7577283382415771,1295040,"[78590035, 78590037, 78590690, 78590696, 78590698, 78590868, 78591080, 78591250, 78633132, 78633134, 79724888, 79725726, 79725764, 80409534, 80409536]","[79725649, 80409540]",,20260812
Cap1,2,69,0.8112273216247559,1295040,"[78590035, 78590690, 78590692, 78590694, 78590698, 78591250, 78633142, 78633144, 79724886, 79724888, 79725764, 80409534, 80409536, 80409538, 80409540]","[78590696, 78633132]",,20260812
Cap1,2,70,0.8099498748779297,1295040,"[78590037, 78590690, 78590692, 78590698, 78590868, 78591080, 78633132, 78633134, 78633136, 78633144, 79725726, 79725764, 80409534, 80409536, 80409540]","[78590696, 79724888]",,20260812
Cap1,2,71,0.8386117815971375,1295040,"[78590035, 78590690, 78590694, 78590698, 78590868, 78591080, 78633134, 78633136, 78633142, 79724886, 79725726, 79725764, 80409534, 80409536, 80409540]","[78590692, 78590696]",,20260812
Cap1,2,72,0.8092767000198364,1295040,"[323396, 78590035, 78590037, 78590694, 78590696, 78591080, 78633142, 78633144, 79724888, 79725649, 79725726, 79725764, 80409534, 80409536, 80409538]","[78633132, 78633134]",,20260812
Cap1,2,73,0.7960482835769653,1295040,"[78590035, 78590037, 78590690, 78590694, 78590696, 78590698, 78591080, 78591250, 78633132, 78633134, 78633142, 79724888, 79725764, 80409534, 80409536]","[78633136, 79724886]",,20260812
Cap1,2,74,0.7631758451461792,1295040,"[323396, 78590035, 78590690, 78590692, 78590694, 78590696, 78590698, 78590868, 78591080, 78591250, 78633142, 79724886, 79724888, 80409534, 80409538]","[79725764, 80409540]",,20260812
Cap1,2,75,0.8227666020393372,1295040,"[323396, 78590035, 78590037, 78590690, 78590692, 78590694, 78590696, 78590698, 78590868, 78591250, 78633144, 79725726, 80409534, 80409536, 80409540]","[78633136, 78633142]",,20260812
Cap1,2,76,0.8176382780075073,1295040,"[78590037, 78590696, 78590698, 78590868, 78591080, 78633132, 78633134, 78633136, 78633144, 79724888, 79725726, 80409534, 80409536, 80409538, 80409540]","[78590690, 78591250]",,20260812
Cap1,2,77,0.8042194843292236,1295040,"[323396, 78590035, 78590692, 78590694, 78590696, 78590698, 78590868, 78591250, 78633132, 78633136, 78633142, 78633144, 79725726, 79725764, 80409536]","[78590690, 80409538]",,20260812
Cap1,2,78,0.8060654401779175,1295040,"[323396, 78590035, 78590690, 78590692, 78590696, 78590698, 78591250, 78633132, 78633142, 78633144, 79724886, 79725726, 80409534, 80409536, 80409540]","[78590694, 79724888]",,20260812
Cap1,2,79,0.8331100940704346,1295040,"[323396, 78590035, 78590690, 78590694, 78590868, 78591080, 78633132, 78633134, 78633142, 78633144, 79725726, 79725764, 80409534, 80409536, 80409538]","[78590698, 78633136]",,20260812
Cap1,2,80,0.8005768060684204,1295040,"[78590035, 78590037, 78590698, 78590868, 78591080, 78591250, 78633134, 78633136, 78633142, 78633144, 79724886, 79724888, 79725764, 80409534, 80409536]","[78590692, 80409540]",,20260812
Cap1,2,81,0.8344302177429199,1295040,"[323396, 78590037, 78590692, 78590696, 78590698, 78590868, 78591250, 78633132, 78633136, 78633142, 78633144, 79724886, 79724888, 80409534, 80409540]","[78590035, 78591080]",,20260812
Cap1,2,82,0.744869589805603,1295040,"[323396, 78590037, 78590690, 78590868, 78591250, 78633132, 78633134, 78633136, 78633142, 79724886, 79724888, 79725649, 80409534, 80409536, 80409538]","[78633144, 80409540]",,20260812
Cap1,2,83,0.8198716640472412,1295040,"[323396, 78590035, 78590037, 78590692, 78590696, 78590868, 78591250, 78633136, 78633142, 78633144, 79724888, 79725649, 79725726, 80409534, 80409538]","[78590694, 78591080]",,20260812
Cap1,2,84,0.8390520215034485,1295040,"[323396, 78590035, 78590692, 78590694, 78590868, 78591080, 78633132, 78633134, 78633136, 78633142, 79724886, 79725726, 79725764, 80409534, 80409538]","[78590698, 78591250]",,20260812
Cap1,2,85,0.7927510142326355,1295040,"[323396, 78590035, 78590037, 78590690, 78590696, 78590698, 78590868, 78591080, 78591250, 78633136, 78633144, 79724886, 79724888, 79725764, 80409534]","[78590694, 79725649]",,20260812
Cap1,2,86,0.7800368666648865,1295040,"[323396, 78590035, 78590037, 78590690, 78590696, 78590698, 78590868, 78591250, 78633134, 78633142, 79724888, 79725649, 80409534, 80409536, 80409540]","[78590694, 79725726]",,20260812
Cap1,2,87,0.7514010667800903,1295040,"[78590035, 78590037, 78590690, 78590692, 78590696, 78590698, 78590868, 78591080, 78591250, 78633132, 78633134, 79724888, 79725649, 80409536, 80409540]","[78633144, 79724886]",,20260812
Cap1,2,88,0.8252484798431396,1295040,"[78590037, 78590690, 78590694, 78590696, 78590868, 78591080, 78591250, 78633142, 78633144, 79724888, 79725649, 79725726, 79725764, 80409534, 80409538]","[78590035, 78633136]",,20260812
Cap1,2,89,0.7718600630760193,1295040,"[78590035, 78590037, 78590690, 78590692, 78590698, 78590868, 78633134, 78633136, 78633142, 79724888, 79725649, 79725726, 79725764, 80409534, 80409538]","[80409536, 80409540]",,20260812
Cap1,2,90,0.7939239740371704,1295040,"[78590690, 78590694, 78590696, 78590698, 78590868, 78591250, 78633132, 78633134, 78633136, 79724886, 79725726, 79725764, 80409534, 80409536, 80409538]","[78633142, 80409540]",,20260812
Cap1,2,91,0.7983832359313965,1295040,"[323396, 78590035, 78590692, 78590696, 78590868, 78591080, 78591250, 78633136, 78633142, 78633144, 79724888, 79725649, 79725726, 80409536, 80409540]","[78590690, 79724886]",,20260812
Cap1,2,92,0.8345634937286377,1295040,"[323396, 78590690, 78590692, 78590696, 78590698, 78591250, 78633132, 78633134, 78633142, 78633144, 79724886, 79725649, 79725726, 79725764, 80409536]","[78590868, 78591080]",,20260812
Cap1,2,93,0.8249874114990234,1295040,"[323396, 78590035, 78590690, 78590692, 78590868, 78591080, 78591250, 78633134, 78633144, 79724886, 79725649, 79725764, 80409534, 80409536, 80409540]","[78590696, 78633136]",,20260812
Cap1,2,94,0.8045014142990112,1295040,"[78590694, 78590696, 78590868, 78591080, 78591250, 78633132, 78633134, 78633136, 78633142, 79724886, 79724888, 79725764, 80409534, 80409536, 80409540]","[78590690, 80409538]",,20260812
Cap1,2,95,0.8253560066223145,1295040,"[323396, 78590037, 78590690, 78590868, 78591250, 78633134, 78633136, 78633142, 79724886, 79724888, 79725726, 79725764, 80409536, 80409538, 80409540]","[78590692, 78590696]",,20260812
Cap1,2,96,0.7792134284973145,1295040,"[323396, 78590035, 78590037, 78590690, 78590696, 78590868, 78591250, 78633132, 78633142, 79724886, 79724888, 79725649, 80409534, 80409536, 80409540]","[78591080, 80409538]",,20260812
Cap1,2,97,0.8072698712348938,1295040,"[323396, 78590037, 78590692, 78590696, 78590868, 78591250, 78633132, 78633134, 78633136, 78633142, 79724886, 79724888, 79725649, 79725764, 80409536]","[78590690, 80409540]",,20260812
Cap1,2,98,0.8121587634086609,1295040,"[323396, 78590037, 78590692, 78590868, 78591080, 78591250, 78633136, 78633142, 78633144, 79724886, 79725649, 79725726, 79725764, 80409534, 80409540]","[78590694, 79724888]",,20260812
Cap1,2,99,0.8264700770378113,1295040,"[323396, 78590035, 78590037, 78590696, 78590698, 78590868, 78591080, 78591250, 78633134, 78633136, 79724888, 79725726, 79725764, 80409534, 80409540]","[78590692, 78590694]",,20260812
Cap1,3,0,0.8610479831695557,1295040,"[323396, 78590037, 78590690, 78590694, 78590698, 78590868, 78591080, 78591250, 78633132, 78633134, 78633142, 79724888, 79725649, 80409536, 80409538]","[78590035, 78590692, 79724886]",,20260812
Cap1,3,1,0.8543953895568848,1295040,"[78590035, 78590037, 78590690, 78590698, 78591080, 78633132, 78633134, 78633136, 78633142, 79724888, 79725649, 79725726, 79725764, 80409538, 80409540]","[78590694, 78590696, 80409536]",,20260812
Cap1,3,2,0.8550902009010315,1295040,"[323396, 78590037, 78590694, 78590698, 78591250, 78633132, 78633144, 79724886, 79724888, 79725649, 79725726, 79725764, 80409534, 80409538, 80409540]","[78590035, 78633142, 80409536]",,20260812
Cap1,3,3,0.8538059592247009,1295040,"[323396, 78590035, 78590037, 78590692, 78590696, 78590868, 78591080, 78633136, 78633144, 79724886, 79724888, 79725726, 79725764, 80409534, 80409536]","[78590698, 78633134, 79725649]",,20260812
Cap1,3,4,0.8321915864944458,1295040,"[78590035, 78590690, 78590692, 78590868, 78633132, 78633134, 78633136, 78633142, 78633144, 79725649, 79725726, 79725764, 80409534, 80409536, 80409540]","[78591250, 79724886, 80409538]",,20260812
Cap1,3,5,0.8357937932014465,1295040,"[323396, 78590035, 78590037, 78590690, 78590696, 78590698, 78590868, 78633132, 78633136, 78633142, 78633144, 79724886, 79725764, 80409536, 80409538]","[78591080, 78633134, 80409540]",,20260812
Cap1,3,6,0.8718154430389404,1295040,"[323396, 78590037, 78590690, 78590692, 78590694, 78590696, 78633132, 78633144, 79724886, 79724888, 79725649, 79725726, 80409534, 80409536, 80409538]","[78590698, 78591250, 78633142]",,20260812
Cap1,3,7,0.8831503391265869,1295040,"[78590035, 78590037, 78590696, 78591080, 78591250, 78633132, 78633142, 78633144, 79724886, 79725649, 79725764, 80409534, 80409536, 80409538, 80409540]","[78590692, 78590694, 78590698]",,20260812
Cap1,3,8,0.8225893974304199,1295040,"[78590035, 78590037, 78590690, 78590694, 78590696, 78590698, 78590868, 78633132, 78633136, 79724886, 79724888, 80409534, 80409536, 80409538, 80409540]","[78590692, 78591080, 79725764]",,20260812
Cap1,3,9,0.8158945441246033,1295040,"[323396, 78590035, 78590037, 78590692, 78590868, 78591080, 78633132, 78633134, 78633136, 78633142, 78633144, 79724886, 79724888, 80409536, 80409540]","[78590694, 78591250, 80409538]",,20260812
Cap1,3,10,0.8588346242904663,1295040,"[78590035, 78590037, 78590690, 78590692, 78590696, 78591080, 78633132, 78633134, 78633136, 78633144, 79724888, 79725649, 79725726, 80409534, 80409536]","[78590698, 78591250, 80409540]",,20260812
Cap1,3,11,0.8402366042137146,1295040,"[78590035, 78590690, 78590692, 78590694, 78590868, 78591080, 78591250, 78633144, 79724888, 79725649, 79725726, 79725764, 80409534, 80409536, 80409540]","[323396, 78590696, 78633136]",,20260812
Cap1,3,12,0.8309956192970276,1295040,"[78590035, 78590037, 78590690, 78590694, 78590696, 78590868, 78591080, 78633136, 78633144, 79724888, 79725649, 80409534, 80409536, 80409538, 80409540]","[323396, 78633132, 79724886]",,20260812
Cap1,3,13,0.8457707166671753,1295040,"[323396, 78590035, 78590037, 78590690, 78590694, 78590696, 78590868, 78633132, 78633134, 78633144, 79724886, 79724888, 79725726, 79725764, 80409538]","[78591080, 78591250, 79725649]",,20260812
Cap1,3,14,0.8202040195465088,1295040,"[78590035, 78590037, 78590690, 78590694, 78590696, 78591080, 78591250, 78633132, 78633134, 78633144, 79724886, 79724888, 79725649, 79725726, 80409534]","[323396, 79725764, 80409538]",,20260812
Cap1,3,15,0.8485519886016846,1295040,"[323396, 78590035, 78590037, 78590694, 78590696, 78590698, 78590868, 78591080, 78591250, 78633134, 78633142, 79724886, 79724888, 79725649, 79725764]","[78633132, 78633136, 80409540]",,20260812
Cap1,3,16,0.8286072015762329,1295040,"[78590694, 78590696, 78590698, 78590868, 78633132, 78633134, 78633136, 78633144, 79724886, 79724888, 79725649, 79725726, 79725764, 80409536, 80409538]","[78590692, 78591080, 78633142]",,20260812
Cap1,3,17,0.8193922638893127,1295040,"[78590035, 78590037, 78590690, 78590694, 78590696, 78590698, 78590868, 78591250, 78633132, 78633134, 78633136, 78633144, 79724888, 79725764, 80409538]","[79724886, 80409536, 80409540]",,20260812
Cap1,3,18,0.8523728847503662,1295040,"[78590692, 78590694, 78590696, 78590868, 78591250, 78633132, 78633134, 78633136, 78633142, 79724886, 79724888, 79725649, 79725764, 80409536, 80409540]","[78590035, 78591080, 79725726]",,20260812
Cap1,3,19,0.8480297923088074,1295040,"[78590035, 78590694, 78590696, 78590698, 78590868, 78591080, 78633132, 78633134, 78633142, 78633144, 79724886, 79725649, 80409534, 80409536, 80409538]","[78590692, 78591250, 79725726]",,20260812
Cap1,3,20,0.8515480160713196,1295040,"[78590037, 78590694, 78590696, 78590868, 78591080, 78633134, 78633136, 78633144, 79724886, 79724888, 79725649, 79725726, 80409534, 80409536, 80409540]","[78633132, 78633142, 80409538]",,20260812
Cap1,3,21,0.8528030514717102,1295040,"[323396, 78590035, 78590690, 78590696, 78590868, 78591080, 78591250, 78633132, 78633134, 78633136, 78633142, 78633144, 79725649, 79725764, 80409536]","[78590698, 79724888, 80409540]",,20260812
Cap1,3,22,0.8267034292221069,1295040,"[78590035, 78590690, 78590692, 78590696, 78590868, 78591250, 78633132, 78633134, 78633136, 78633144, 79724888, 79725726, 80409534, 80409538, 80409540]","[323396, 79724886, 80409536]",,20260812
Cap1,3,23,0.8718149065971375,1295040,"[323396, 78590037, 78590690, 78590692, 78590694, 78590868, 78591080, 78633134, 78633136, 78633142, 79724886, 79724888, 79725726, 79725764, 80409534]","[78590035, 78590698, 79725649]",,20260812
Cap1,3,24,0.8393852710723877,1295040,"[323396, 78590035, 78590692, 78590696, 78590698, 78590868, 78591080, 78633132, 78633136, 78633142, 78633144, 79724886, 79724888, 79725764, 80409538]","[78590690, 78590694, 78591250]",,20260812
Cap1,3,25,0.8615334033966064,1295040,"[323396, 78590035, 78590690, 78590692, 78590696, 78590868, 78591250, 78633134, 78633136, 79724886, 79725649, 79725726, 79725764, 80409534, 80409536]","[78590698, 79724888, 80409538]",,20260812
Cap1,3,26,0.8161220550537109,1295040,"[323396, 78590690, 78590692, 78590694, 78590696, 78590868, 78633132, 78633134, 78633136, 78633142, 79724886, 79724888, 79725649, 80409536, 80409540]","[79725726, 79725764, 80409534]",,20260812
Cap1,3,27,0.8551762104034424,1295040,"[78590690, 78590692, 78590694, 78591080, 78633132, 78633134, 78633136, 78633142, 78633144, 79724888, 79725649, 79725726, 79725764, 80409536, 80409538]","[78590035, 78590037, 80409540]",,20260812
Cap1,3,28,0.867149829864502,1295040,"[323396, 78590037, 78590696, 78590698, 78591080, 78591250, 78633134, 78633142, 78633144, 79725649, 79725726, 79725764, 80409534, 80409536, 80409538]","[78590035, 78590694, 78633132]",,20260812
Cap1,3,29,0.8421944379806519,1295040,"[323396, 78590035, 78590694, 78590698, 78590868, 78591080, 78633134, 78633142, 78633144, 79724886, 79725649, 79725764, 80409534, 80409538, 80409540]","[78633132, 79725726, 80409536]",,20260812
Cap1,3,30,0.8394174575805664,1295040,"[323396, 78590694, 78590696, 78590698, 78591250, 78633136, 78633142, 79724886, 79724888, 79725649, 79725726, 79725764, 80409536, 80409538, 80409540]","[78590037, 78633144, 80409534]",,20260812
Cap1,3,31,0.8454204797744751,1295040,"[78590690, 78590692, 78590694, 78590696, 78590868, 78591250, 78633142, 78633144, 79724886, 79725649, 79725726, 79725764, 80409534, 80409536, 80409538]","[323396, 78591080, 78633134]",,20260812
Cap1,3,32,0.8352351188659668,1295040,"[78590037, 78590692, 78590696, 78590698, 78591080, 78633134, 78633136, 78633142, 79724888, 79725649, 79725764, 80409534, 80409536, 80409538, 80409540]","[323396, 78590690, 78633144]",,20260812
Cap1,3,33,0.8471817970275879,1295040,"[323396, 78590037, 78590690, 78590692, 78590698, 78590868, 78633136, 78633144, 79725649, 79725726, 79725764, 80409534, 80409536, 80409538, 80409540]","[78590035, 78591250, 79724886]",,20260812
Cap1,3,34,0.8186581134796143,1295040,"[323396, 78590035, 78590037, 78590690, 78590692, 78590696, 78590698, 78591080, 78633132, 78633142, 79724888, 79725649, 79725726, 80409538, 80409540]","[78591250, 79725764, 80409536]",,20260812
Cap1,3,35,0.8740418553352356,1295040,"[78590037, 78590692, 78590696, 78590868, 78591250, 78633132, 78633134, 78633136, 78633142, 78633144, 79724886, 79724888, 79725649, 80409536, 80409540]","[78590690, 78590694, 78591080]",,20260812
Cap1,3,36,0.8607568144798279,1295040,"[323396, 78590035, 78590692, 78590694, 78590696, 78590868, 78591080, 78591250, 78633142, 78633144, 79724886, 79725649, 80409536, 80409538, 80409540]","[78590698, 78633134, 78633136]",,20260812
Cap1,3,37,0.866558313369751,1295040,"[323396, 78590690, 78590696, 78590698, 78590868, 78591080, 78633134, 78633142, 79724886, 79724888, 79725726, 80409534, 80409536, 80409538, 80409540]","[78590035, 78590037, 78633144]",,20260812
Cap1,3,38,0.8469154238700867,1295040,"[323396, 78590035, 78590690, 78590692, 78590694, 78590696, 78590698, 78591080, 78591250, 78633132, 78633144, 79724886, 79725649, 80409534, 80409536]","[78633134, 78633136, 79725726]",,20260812
Cap1,3,39,0.8628321886062622,1295040,"[323396, 78590690, 78590694, 78590698, 78591250, 78633134, 78633136, 79724886, 79724888, 79725649, 79725726, 79725764, 80409534, 80409538, 80409540]","[78590037, 78590696, 78591080]",,20260812
Cap1,3,40,0.8427619338035583,1295040,"[323396, 78590692, 78590694, 78590698, 78590868, 78591080, 78633134, 78633144, 79724886, 79725649, 79725764, 80409534, 80409536, 80409538, 80409540]","[78590696, 79724888, 79725726]",,20260812
Cap1,3,41,0.8630219101905823,1295040,"[323396, 78590035, 78590037, 78590692, 78590696, 78590698, 78633134, 78633136, 78633142, 78633144, 79724886, 79724888, 79725726, 79725764, 80409536]","[78590868, 78591250, 78633132]",,20260812
Cap1,3,42,0.8696000576019287,1295040,"[78590035, 78590037, 78590690, 78590692, 78590694, 78590696, 78590868, 78591250, 78633132, 78633134, 78633136, 78633142, 78633144, 79724886, 80409536]","[78590698, 78591080, 80409534]",,20260812
Cap1,3,43,0.8424705266952515,1295040,"[323396, 78590690, 78590694, 78590696, 78590698, 78590868, 78633132, 78633136, 78633142, 79724886, 79724888, 79725649, 79725764, 80409536, 80409540]","[78590692, 78591080, 78591250]",,20260812
Cap1,3,44,0.8392198085784912,1295040,"[78590692, 78590694, 78590698, 78590868, 78591080, 78591250, 78633132, 78633136, 78633142, 79724886, 79724888, 79725649, 79725764, 80409534, 80409540]","[78590696, 78633144, 80409536]",,20260812
Cap1,3,45,0.863013744354248,1295040,"[323396, 78590037, 78590690, 78590692, 78590698, 78591080, 78633132, 78633142, 79724886, 79725649, 79725726, 79725764, 80409536, 80409538, 80409540]","[78590035, 78633134, 78633136]",,20260812
Cap1,3,46,0.8167130351066589,1295040,"[323396, 78590037, 78590690, 78590692, 78590696, 78591080, 78591250, 78633132, 78633134, 78633136, 78633142, 79725649, 79725726, 80409534, 80409536]","[79724888, 80409538, 80409540]",,20260812
Cap1,3,47,0.8077596426010132,1295040,"[78590035, 78590037, 78590692, 78590694, 78590696, 78590698, 78590868, 78633132, 78633134, 78633142, 79724886, 79724888, 79725649, 79725726, 80409536]","[79725764, 80409538, 80409540]",,20260812
Cap1,3,48,0.812677264213562,1295040,"[78590035, 78590690, 78590692, 78590694, 78590696, 78590698, 78590868, 78591250, 78633132, 78633134, 78633142, 79725649, 79725726, 79725764, 80409540]","[78633144, 80409534, 80409536]",,20260812
Cap1,3,49,0.8517533540725708,1295040,"[323396, 78590035, 78590037, 78590690, 78590698, 78590868, 78591080, 78591250, 78633144, 79724886, 79724888, 79725649, 79725726, 80409536, 80409540]","[78590692, 78633142, 80409534]",,20260812
Cap1,3,50,0.8238921165466309,1295040,"[78590690, 78590692, 78590694, 78590696, 78590698, 78591080, 78591250, 78633134, 78633136, 78633142, 78633144, 79724888, 79725649, 79725726, 80409534]","[79725764, 80409536, 80409540]",,20260812
Cap1,3,51,0.8679147958755493,1295040,"[323396, 78590035, 78590692, 78590698, 78590868, 78591250, 78633132, 78633136, 78633142, 79724886, 79724888, 79725649, 79725764, 80409534, 80409540]","[78590690, 78591080, 80409536]",,20260812
Cap1,3,52,0.857494592666626,1295040,"[323396, 78590690, 78590692, 78590694, 78590696, 78591080, 78591250, 78633132, 78633134, 78633136, 78633142, 78633144, 79724888, 79725726, 80409536]","[78590037, 78590868, 80409534]",,20260812
Cap1,3,53,0.847608208656311,1295040,"[323396, 78590035, 78590690, 78590692, 78590694, 78590698, 78590868, 78591250, 78633136, 79724886, 79725649, 79725726, 80409534, 80409536, 80409538]","[78633132, 78633144, 79724888]",,20260812
Cap1,3,54,0.8590599298477173,1295040,"[78590037, 78590692, 78590694, 78590696, 78591080, 78591250, 78633132, 78633134, 78633136, 78633142, 79724888, 79725649, 79725764, 80409536, 80409538]","[78590690, 78590698, 78590868]",,20260812
Cap1,3,55,0.8628056049346924,1295040,"[78590694, 78590696, 78590698, 78590868, 78591080, 78633132, 78633136, 78633142, 78633144, 79724888, 79725764, 80409534, 80409536, 80409538, 80409540]","[78590037, 78591250, 79724886]",,20260812
Cap1,3,56,0.8630660772323608,1295040,"[78590035, 78590698, 78590868, 78591080, 78591250, 78633132, 78633142, 78633144, 79724886, 79724888, 79725649, 79725726, 79725764, 80409538, 80409540]","[78590037, 78590694, 80409534]",,20260812
Cap1,3,57,0.8569673299789429,1295040,"[323396, 78590037, 78590692, 78590694, 78590696, 78590698, 78591250, 78633132, 78633136, 78633144, 79724886, 79725726, 79725764, 80409536, 80409540]","[78590035, 78590690, 79725649]",,20260812
Cap1,3,58,0.8525751829147339,1295040,"[323396, 78590035, 78590690, 78590696, 78590698, 78591080, 78633134, 78633136, 79724888, 79725649, 79725726, 79725764, 80409534, 80409536, 80409538]","[78590868, 78591250, 80409540]",,20260812
Cap1,3,59,0.8709530830383301,1295040,"[78590035, 78590037, 78590692, 78590694, 78590868, 78591080, 78633134, 78633136, 78633144, 79724886, 79724888, 79725649, 79725726, 80409534, 80409540]","[78590690, 78590698, 80409538]",,20260812
Cap1,3,60,0.8223453164100647,1295040,"[78590035, 78590690, 78590694, 78590696, 78590698, 78590868, 78591080, 78633134, 78633136, 79724886, 79724888, 79725649, 80409534, 80409536, 80409540]","[78633142, 78633144, 79725726]",,20260812
Cap1,3,61,0.8678978681564331,1295040,"[323396, 78590035, 78590692, 78590696, 78590698, 78590868, 78591250, 78633134, 78633142, 79724888, 79725649, 79725764, 80409536, 80409538, 80409540]","[78590037, 78590690, 78633136]",,20260812
Cap1,3,62,0.8445294499397278,1295040,"[323396, 78590694, 78590696, 78590698, 78591080, 78591250, 78633132, 78633136, 78633142, 78633144, 79724886, 79725726, 80409534, 80409536, 80409538]","[78590692, 79724888, 80409540]",,20260812
Cap1,3,63,0.820134162902832,1295040,"[323396, 78590035, 78590037, 78590690, 78590692, 78590694, 78590868, 78591080, 78633132, 78633136, 79724886, 79725649, 80409534, 80409536, 80409538]","[78591250, 79725726, 79725764]",,20260812
Cap1,3,64,0.8322227597236633,1295040,"[323396, 78590035, 78590690, 78590694, 78590696, 78590698, 78590868, 78633132, 78633142, 79724886, 79724888, 80409534, 80409536, 80409538, 80409540]","[78591080, 79725649, 79725764]",,20260812
Cap1,3,65,0.8537896275520325,1295040,"[323396, 78590035, 78590037, 78590696, 78590868, 78591250, 78633132, 78633142, 78633144, 79724888, 79725649, 79725726, 79725764, 80409534, 80409538]","[78590690, 78591080, 80409540]",,20260812
Cap1,3,66,0.8511320352554321,1295040,"[323396, 78590035, 78590037, 78590696, 78590698, 78590868, 78591080, 78591250, 78633136, 78633142, 79724886, 79724888, 79725649, 80409536, 80409540]","[78590690, 78633134, 80409534]",,20260812
Cap1,3,67,0.8373427391052246,1295040,"[323396, 78590035, 78590037, 78590690, 78590696, 78590698, 78591080, 78591250, 78633132, 78633136, 79724888, 79725726, 80409534, 80409536, 80409538]","[78590868, 78633144, 79725764]",,20260812
Cap1,3,68,0.8337290287017822,1295040,"[323396, 78590035, 78590690, 78590692, 78590694, 78590696, 78590868, 78633132, 78633134, 78633136, 79724886, 79724888, 79725726, 79725764, 80409540]","[78633142, 78633144, 80409538]",,20260812
Cap1,3,69,0.8339923620223999,1295040,"[78590037, 78590690, 78590692, 78590698, 78591080, 78591250, 78633134, 78633136, 78633144, 79724886, 79724888, 79725764, 80409536, 80409538, 80409540]","[78633132, 79725649, 79725726]",,20260812
Cap1,3,70,0.8527599573135376,1295040,"[78590035, 78590690, 78590692, 78590694, 78590698, 78590868, 78633132, 78633144, 79724886, 79724888, 79725726, 80409534, 80409536, 80409538, 80409540]","[78591080, 78633142, 79725649]",,20260812
Cap1,3,71,0.8744847774505615,1295040,"[323396, 78590696, 78590698, 78590868, 78591250, 78633132, 78633136, 78633142, 79724886, 79725649, 79725726, 79725764, 80409536, 80409538, 80409540]","[78590035, 78590690, 78591080]",,20260812
Cap1,3,72,0.8371424674987793,1295040,"[323396, 78590035, 78590037, 78590692, 78590694, 78591080, 78633134, 78633136, 78633142, 78633144, 79724886, 79725649, 79725726, 79725764, 80409536]","[78633132, 80409534, 80409538]",,20260812
Cap1,3,73,0.8613777160644531,1295040,"[323396, 78590035, 78590690, 78590694, 78590698, 78590868, 78591080, 78591250, 78633134, 78633142, 79725649, 79725726, 79725764, 80409538, 80409540]","[78590037, 79724888, 80409536]",,20260812
Cap1,3,74,0.8343615531921387,1295040,"[323396, 78590035, 78590037, 78590692, 78590698, 78590868, 78591080, 78633134, 78633142, 78633144, 79724888, 79725649, 79725726, 79725764, 80409536]","[78633132, 79724886, 80409538]",,20260812
Cap1,3,75,0.8094971179962158,1295040,"[323396, 78590037, 78590690, 78590694, 78590696, 78590698, 78590868, 78591080, 78633132, 78633136, 78633144, 79724886, 79724888, 79725764, 80409536]","[79725649, 80409534, 80409540]",,20260812
Cap1,3,76,0.8482561707496643,1295040,"[78590035, 78590037, 78590692, 78590694, 78590696, 78590698, 78591080, 78633132, 78633134, 78633136, 78633142, 79724888, 79725726, 80409538, 80409540]","[78590690, 78590868, 80409536]",,20260812
Cap1,3,77,0.8459898233413696,1295040,"[323396, 78590035, 78590037, 78590696, 78590698, 78590868, 78591250, 78633132, 78633136, 79725649, 79725726, 79725764, 80409534, 80409538, 80409540]","[78590694, 78633142, 78633144]",,20260812
Cap1,3,78,0.8476986885070801,1295040,"[323396, 78590690, 78590692, 78590694, 78590696, 78590868, 78591250, 78633134, 79724886, 79725726, 79725764, 80409534, 80409536, 80409538, 80409540]","[78590037, 78633136, 78633144]",,20260812
Cap1,3,79,0.8844486474990845,1295040,"[323396, 78590035, 78590037, 78590690, 78590692, 78590694, 78590868, 78633132, 78633136, 79724888, 79725764, 80409534, 80409536, 80409538, 80409540]","[78590696, 78590698, 78591250]",,20260812
Cap1,3,80,0.8596446514129639,1295040,"[78590692, 78590694, 78590696, 78590868, 78591250, 78633132, 78633136, 78633144, 79724886, 79725649, 79725726, 79725764, 80409534, 80409536, 80409538]","[78590690, 78590698, 78633134]",,20260812
Cap1,3,81,0.8479670882225037,1295040,"[323396, 78590037, 78590690, 78590692, 78590694, 78590696, 78591080, 78591250, 78633132, 78633142, 78633144, 79724886, 79725649, 79725726, 80409538]","[78590035, 79724888, 79725764]",,20260812
Cap1,3,82,0.8466187715530396,1295040,"[323396, 78590035, 78590690, 78590694, 78590696, 78590698, 78590868, 78591250, 78633134, 78633142, 78633144, 79724886, 79724888, 79725726, 80409534]","[78590692, 79725764, 80409536]",,20260812
Cap1,3,83,0.8328913450241089,1295040,"[323396, 78590037, 78590692, 78590694, 78590698, 78590868, 78591080, 78633132, 78633136, 78633142, 79725649, 79725764, 80409534, 80409538, 80409540]","[78633134, 79724888, 79725726]",,20260812
Cap1,3,84,0.881879448890686,1295040,"[323396, 78590037, 78590690, 78590694, 78590868, 78591080, 78633132, 78633136, 79724886, 79724888, 79725764, 80409534, 80409536, 80409538, 80409540]","[78590696, 78590698, 78591250]",,20260812
Cap1,3,85,0.8590818643569946,1295040,"[323396, 78590037, 78590694, 78590696, 78590698, 78590868, 78591080, 78591250, 78633134, 79724886, 79724888, 79725649, 80409534, 80409536, 80409540]","[78590035, 78633142, 79725764]",,20260812
Cap1,3,86,0.8539595603942871,1295040,"[323396, 78590037, 78590690, 78590698, 78591080, 78633134, 78633136, 78633142, 78633144, 79724886, 79724888, 79725649, 79725764, 80409536, 80409538]","[78590035, 78590696, 78591250]",,20260812
Cap1,3,87,0.8551865816116333,1295040,"[78590037, 78590690, 78590692, 78590694, 78590698, 78590868, 78591080, 78591250, 78633132, 78633134, 79724886, 79724888, 79725649, 80409536, 80409538]","[78590035, 78633136, 79725726]",,20260812
Cap1,3,88,0.8482174873352051,1295040,"[323396, 78590035, 78590690, 78590696, 78590698, 78590868, 78591080, 78633132, 78633134, 78633136, 79724886, 79725649, 79725726, 79725764, 80409538]","[78590692, 78633142, 80409534]",,20260812
Cap1,3,89,0.8447088599205017,1295040,"[323396, 78590037, 78590690, 78590698, 78590868, 78591250, 78633132, 78633134, 78633136, 78633144, 79724886, 79725649, 79725764, 80409534, 80409538]","[78590035, 78590692, 80409540]",,20260812
Cap1,3,90,0.8558940887451172,1295040,"[323396, 78590035, 78590037, 78590692, 78590694, 78590698, 78591250, 78633132, 78633136, 78633144, 79724888, 79725649, 79725726, 79725764, 80409536]","[78590868, 78633142, 80409534]",,20260812
Cap1,3,91,0.8560960292816162,1295040,"[323396, 78590035, 78590037, 78590690, 78590692, 78590698, 78590868, 78591080, 78633132, 78633136, 78633142, 78633144, 79724886, 79725764, 80409536]","[78590696, 78633134, 79724888]",,20260812
Cap1,3,92,0.8521069288253784,1295040,"[323396, 78590037, 78590690, 78590692, 78590694, 78590696, 78590868, 78591080, 78591250, 78633134, 78633144, 79724886, 79725649, 79725726, 80409534]","[78633136, 78633142, 80409538]",,20260812
Cap1,3,93,0.8388568162918091,1295040,"[78590035, 78590692, 78590698, 78590868, 78591080, 78591250, 78633134, 78633136, 78633142, 79724886, 79724888, 79725649, 79725764, 80409534, 80409538]","[323396, 78590696, 80409540]",,20260812
Cap1,3,94,0.8631614446640015,1295040,"[323396, 78590037, 78590690, 78590692, 78590696, 78590698, 78590868, 78591080, 78633132, 79725649, 79725726, 80409534, 80409536, 80409538, 80409540]","[78590035, 78591250, 78633134]",,20260812
Cap1,3,95,0.8516799211502075,1295040,"[323396, 78590035, 78590692, 78590696, 78591250, 78633132, 78633134, 78633136, 78633144, 79724886, 79725726, 79725764, 80409534, 80409536, 80409540]","[78590868, 79724888, 80409538]",,20260812
Cap1,3,96,0.8454296588897705,1295040,"[323396, 78590037, 78590690, 78590694, 78590868, 78591250, 78633132, 78633134, 78633136, 78633142, 78633144, 79724886, 79725726, 80409538, 80409540]","[78590692, 79725649, 80409536]",,20260812
Cap1,3,97,0.847896158695221,1295040,"[78590037, 78590690, 78590696, 78590698, 78590868, 78591250, 78633132, 78633134, 78633136, 78633142, 78633144, 79724886, 79725726, 80409534, 80409536]","[78590035, 78591080, 80409540]",,20260812
Cap1,3,98,0.8250060677528381,1295040,"[78590035, 78590037, 78590692, 78590696, 78590868, 78591080, 78591250, 78633132, 78633134, 78633136, 78633142, 78633144, 79725649, 80409534, 80409540]","[323396, 79724888, 79725764]",,20260812
Cap1,3,99,0.8392655849456787,1295040,"[323396, 78590035, 78590694, 78590696, 78590698, 78591080, 78591250, 78633136, 78633142, 79724886, 79724888, 79725649, 79725764, 80409536, 80409540]","[78590690, 78590868, 78633134]",,20260812
Cap1,4,0,0.8919713497161865,1295040,"[323396, 78590035, 78590690, 78590694, 78590696, 78590698, 78590868, 78591080, 78591250, 78633132, 78633142, 79725649, 79725726, 80409536, 80409540]","[78590037, 78590692, 78633134, 79725764]",,20260812
Cap1,4,1,0.8809736371040344,1295040,"[323396, 78590035, 78590037, 78590694, 78590698, 78591250, 78633132, 78633134, 78633144, 79724886, 79725649, 79725726, 79725764, 80409534, 80409540]","[78590690, 78590692, 78633142, 80409536]",,20260812
Cap1,4,2,0.8652580976486206,1295040,"[323396, 78590035, 78590037, 78590696, 78591080, 78633132, 78633136, 78633142, 79724886, 79724888, 79725649, 79725764, 80409534, 80409536, 80409540]","[78590690, 78590868, 78633134, 80409538]",,20260812
Cap1,4,3,0.8794549107551575,1295040,"[78590690, 78590692, 78590698, 78591080, 78591250, 78633132, 78633134, 78633136, 78633142, 78633144, 79724888, 79725649, 79725764, 80409536, 80409540]","[78590035, 78590037, 79724886, 80409538]",,20260812
Cap1,4,4,0.8533158302307129,1295040,"[323396, 78590035, 78590037, 78590690, 78590692, 78590694, 78590696, 78590698, 78591080, 78633132, 79724886, 79724888, 79725649, 80409534, 80409540]","[78633134, 78633144, 79725764, 80409536]",,20260812
Cap1,4,5,0.8698892593383789,1295040,"[78590035, 78590037, 78590692, 78590694, 78590696, 78590698, 78590868, 78591080, 78591250, 78633144, 79724888, 79725764, 80409534, 80409536, 80409538]","[78633132, 78633136, 79725649, 80409540]",,20260812
Cap1,4,6,0.8672705292701721,1295040,"[323396, 78590035, 78590037, 78590698, 78591080, 78591250, 78633132, 78633136, 78633142, 79724886, 79724888, 79725649, 79725764, 80409534, 80409538]","[78590690, 79725726, 80409536, 80409540]",,20260812
Cap1,4,7,0.8616706132888794,1295040,"[323396, 78590035, 78590690, 78590692, 78590698, 78591080, 78591250, 78633132, 78633134, 78633136, 78633144, 79724886, 79725649, 79725764, 80409538]","[78633142, 79724888, 79725726, 80409534]",,20260812
Cap1,4,8,0.8688434362411499,1295040,"[323396, 78590035, 78590692, 78590694, 78590868, 78591080, 78591250, 78633132, 78633134, 78633142, 79724888, 79725764, 80409536, 80409538, 80409540]","[78590037, 78633136, 79725649, 80409534]",,20260812
Cap1,4,9,0.8441469669342041,1295040,"[78590037, 78590692, 78590694, 78590696, 78590698, 78591080, 78591250, 78633132, 78633136, 78633142, 79724886, 79724888, 79725726, 79725764, 80409534]","[323396, 78633144, 79725649, 80409538]",,20260812
Cap1,4,10,0.8711541891098022,1295040,"[78590037, 78590694, 78590696, 78590868, 78591080, 78591250, 78633132, 78633134, 78633142, 79724886, 79725649, 79725764, 80409536, 80409538, 80409540]","[323396, 78590692, 78633136, 79725726]",,20260812
Cap1,4,11,0.843798816204071,1295040,"[323396, 78590035, 78590037, 78590694, 78590696, 78590698, 78590868, 78591250, 78633132, 78633134, 78633142, 79724888, 79725649, 79725764, 80409538]","[79724886, 80409534, 80409536, 80409540]",,20260812
Cap1,4,12,0.8950533866882324,1295040,"[323396, 78590035, 78590037, 78590690, 78590692, 78590696, 78590868, 78591250, 78633132, 78633136, 78633142, 78633144, 79724886, 79725649, 80409540]","[78590694, 78590698, 78591080, 79724888]",,20260812
Cap1,4,13,0.8828631639480591,1295040,"[78590690, 78590694, 78590696, 78590698, 78590868, 78633136, 78633144, 79724886, 79724888, 79725649, 79725726, 80409534, 80409536, 80409538, 80409540]","[78591250, 78633132, 78633134, 79725764]",,20260812
Cap1,4,14,0.8684046268463135,1295040,"[78590035, 78590037, 78590868, 78591080, 78591250, 78633132, 78633134, 78633136, 78633142, 79724888, 79725649, 79725726, 80409534, 80409538, 80409540]","[78590690, 78590694, 78633144, 79725764]",,20260812
Cap1,4,15,0.8677104711532593,1295040,"[78590035, 78590692, 78590694, 78590696, 78591080, 78633132, 78633142, 78633144, 79724886, 79724888, 79725726, 79725764, 80409534, 80409536, 80409538]","[78590037, 78590690, 78633136, 80409540]",,20260812
Cap1,4,16,0.8620689511299133,1295040,"[78590035, 78590692, 78590696, 78590698, 78590868, 78591250, 78633132, 78633134, 78633136, 78633142, 79724886, 79725649, 80409534, 80409536, 80409538]","[78590690, 78633144, 79725764, 80409540]",,20260812
Cap1,4,17,0.8778306245803833,1295040,"[78590037, 78590690, 78590694, 78590698, 78590868, 78591080, 78591250, 78633136, 78633142, 78633144, 79724886, 79724888, 79725726, 79725764, 80409536]","[78590035, 78590692, 78633132, 80409540]",,20260812
Cap1,4,18,0.8714911937713623,1295040,"[78590035, 78590037, 78590690, 78590696, 78590698, 78590868, 78591080, 78633134, 78633136, 78633142, 78633144, 79724888, 79725649, 80409536, 80409538]","[323396, 78590694, 78633132, 80409540]",,20260812
Cap1,4,19,0.8773372173309326,1295040,"[323396, 78590035, 78590694, 78590696, 78590698, 78590868, 78633132, 78633136, 78633142, 79724886, 79725649, 79725726, 79725764, 80409536, 80409538]","[78590692, 78591250, 78633134, 78633144]",,20260812
Cap1,4,20,0.8736423254013062,1295040,"[78590037, 78590690, 78590696, 78590698, 78590868, 78591080, 78591250, 78633134, 78633136, 79724886, 79724888, 79725649, 79725726, 80409534, 80409536]","[78590035, 78633142, 80409538, 80409540]",,20260812
Cap1,4,21,0.8603294491767883,1295040,"[78590035, 78590692, 78590694, 78590696, 78590698, 78590868, 78591080, 78591250, 78633132, 78633134, 78633144, 79724888, 79725726, 80409534, 80409538]","[323396, 78633136, 79725649, 79725764]",,20260812
Cap1,4,22,0.8768525123596191,1295040,"[323396, 78590035, 78590690, 78590692, 78590694, 78590696, 78590698, 78633134, 78633142, 78633144, 79724886, 79725726, 79725764, 80409534, 80409540]","[78591250, 79724888, 79725649, 80409536]",,20260812
Cap1,4,23,0.8907100558280945,1295040,"[323396, 78590035, 78590037, 78590690, 78590692, 78590694, 78590698, 78591250, 78633132, 78633136, 78633144, 79724888, 80409534, 80409536, 80409540]","[78590696, 78590868, 78633142, 79725764]",,20260812
Cap1,4,24,0.8818967938423157,1295040,"[323396, 78590035, 78590696, 78590868, 78591080, 78591250, 78633132, 78633136, 78633144, 79724886, 79725649, 79725726, 79725764, 80409534, 80409536]","[78590037, 78590694, 78590698, 79724888]",,20260812
Cap1,4,25,0.8906433582305908,1295040,"[323396, 78590035, 78590037, 78590690, 78590694, 78590868, 78591250, 78633132, 78633134, 78633136, 79724886, 79724888, 79725726, 80409534, 80409536]","[78590696, 78590698, 78591080, 80409540]",,20260812
Cap1,4,26,0.8679561614990234,1295040,"[323396, 78590035, 78590037, 78590694, 78591080, 78591250, 78633132, 78633136, 79724888, 79725649, 79725726, 80409534, 80409536, 80409538, 80409540]","[78590690, 78590868, 78633142, 78633144]",,20260812
Cap1,4,27,0.8559963703155518,1295040,"[78590037, 78590694, 78590698, 78591250, 78633132, 78633134, 78633136, 78633142, 78633144, 79724886, 79725649, 79725764, 80409534, 80409538, 80409540]","[323396, 78590696, 79724888, 79725726]",,20260812
Cap1,4,28,0.8878904581069946,1295040,"[78590035, 78590037, 78590696, 78590698, 78590868, 78591250, 78633132, 78633136, 78633142, 79724886, 79725649, 79725726, 80409534, 80409536, 80409540]","[78590690, 78590692, 78633134, 79724888]",,20260812
Cap1,4,29,0.8750234246253967,1295040,"[323396, 78590035, 78590694, 78590696, 78590698, 78590868, 78591080, 78633136, 78633142, 79724886, 79724888, 79725649, 79725726, 79725764, 80409540]","[78591250, 78633134, 80409534, 80409538]",,20260812
Cap1,4,30,0.8774462938308716,1295040,"[323396, 78590690, 78590694, 78590696, 78590698, 78590868, 78591080, 78633132, 78633136, 78633144, 79724886, 79725649, 80409536, 80409538, 80409540]","[78590035, 78591250, 79724888, 79725764]",,20260812
Cap1,4,31,0.8711637854576111,1295040,"[78590035, 78590037, 78590690, 78590694, 78590698, 78590868, 78591080, 78591250, 78633132, 78633136, 78633144, 79724886, 79725764, 80409534, 80409538]","[78590692, 78633134, 79725726, 80409536]",,20260812
Cap1,4,32,0.8951752185821533,1295040,"[323396, 78590690, 78590694, 78590696, 78591080, 78633132, 78633134, 78633136, 78633142, 78633144, 79724886, 79725649, 79725726, 79725764, 80409540]","[78590035, 78590037, 78591250, 80409538]",,20260812
Cap1,4,33,0.8619926571846008,1295040,"[78590035, 78590037, 78590692, 78590696, 78590868, 78591080, 78591250, 78633132, 78633134, 78633144, 79724886, 79724888, 79725649, 79725764, 80409538]","[78633136, 79725726, 80409534, 80409536]",,20260812
Cap1,4,34,0.8422530293464661,1295040,"[78590037, 78590694, 78590696, 78590698, 78591250, 78633132, 78633134, 78633136, 78633142, 78633144, 79724886, 79724888, 79725764, 80409534, 80409538]","[78590692, 78591080, 79725726, 80409540]",,20260812
Cap1,4,35,0.8592216372489929,1295040,"[78590035, 78590692, 78590694, 78590698, 78590868, 78591080, 78633136, 78633142, 78633144, 79724886, 79724888, 79725649, 80409534, 80409536, 80409540]","[323396, 78633132, 79725726, 80409538]",,20260812
Cap1,4,36,0.8847530484199524,1295040,"[323396, 78590692, 78590694, 78590696, 78591250, 78633136, 78633142, 78633144, 79724886, 79725649, 79725726, 79725764, 80409534, 80409536, 80409538]","[78590035, 78590868, 78591080, 78633134]",,20260812
Cap1,4,37,0.876829206943512,1295040,"[323396, 78590037, 78590690, 78590692, 78590694, 78590698, 78590868, 78633134, 78633136, 79724886, 79724888, 79725649, 79725726, 80409536, 80409538]","[78590035, 78591250, 79725764, 80409534]",,20260812
Cap1,4,38,0.883967399597168,1295040,"[323396, 78590037, 78590690, 78590694, 78590698, 78591250, 78633132, 78633134, 78633142, 79724886, 79724888, 79725726, 79725764, 80409538, 80409540]","[78590868, 78591080, 78633136, 79725649]",,20260812
Cap1,4,39,0.8620845079421997,1295040,"[323396, 78590035, 78590037, 78590690, 78590696, 78590698, 78591080, 78591250, 78633134, 78633136, 78633144, 79724886, 79724888, 79725764, 80409540]","[78590694, 79725649, 79725726, 80409536]",,20260812
Cap1,4,40,0.8852435946464539,1295040,"[323396, 78590037, 78590690, 78590868, 78591250, 78633134, 78633136, 78633142, 78633144, 79724888, 79725764, 80409534, 80409536, 80409538, 80409540]","[78590692, 78590694, 78633132, 79725649]",,20260812
Cap1,4,41,0.8792887330055237,1295040,"[323396, 78590035, 78590690, 78590692, 78590694, 78590698, 78590868, 78591250, 78633134, 78633142, 78633144, 79724888, 79725764, 80409534, 80409536]","[78590696, 78591080, 78633132, 79724886]",,20260812
Cap1,4,42,0.8680589199066162,1295040,"[78590037, 78590694, 78590696, 78590868, 78591250, 78633132, 78633134, 78633136, 78633144, 79724886, 79725649, 79725726, 79725764, 80409534, 80409538]","[323396, 78590035, 78590692, 80409540]",,20260812
Cap1,4,43,0.8734385371208191,1295040,"[323396, 78590035, 78590692, 78590694, 78590868, 78591080, 78591250, 78633134, 78633144, 79724888, 79725649, 79725726, 79725764, 80409536, 80409538]","[78590037, 78590696, 78633136, 79724886]",,20260812
Cap1,4,44,0.8671994209289551,1295040,"[323396, 78590035, 78590692, 78590696, 78590698, 78590868, 78591080, 78633132, 78633144, 79724886, 79725649, 79725726, 80409534, 80409536, 80409540]","[78590690, 78590694, 78591250, 78633142]",,20260812
Cap1,4,45,0.877108633518219,1295040,"[323396, 78590035, 78590690, 78590696, 78590868, 78591080, 78591250, 78633134, 78633136, 78633142, 79724886, 79724888, 80409536, 80409538, 80409540]","[78590037, 78590692, 79725726, 80409534]",,20260812
Cap1,4,46,0.8865715861320496,1295040,"[323396, 78590035, 78590037, 78590692, 78590694, 78590698, 78590868, 78591080, 78633132, 78633136, 78633142, 78633144, 79724888, 79725726, 80409538]","[78590690, 78590696, 78591250, 79724886]",,20260812
Cap1,4,47,0.8869531750679016,1295040,"[323396, 78590035, 78590690, 78590694, 78590698, 78633132, 78633136, 78633142, 78633144, 79724888, 79725649, 79725726, 80409534, 80409536, 80409540]","[78590696, 78590868, 78591080, 80409538]",,20260812
Cap1,4,48,0.8676286935806274,1295040,"[323396, 78590035, 78590692, 78590694, 78590696, 78590698, 78591080, 78633134, 78633142, 78633144, 79724886, 79724888, 79725764, 80409536, 80409538]","[78590690, 78590868, 78633132, 80409534]",,20260812
Cap1,4,49,0.8625876903533936,1295040,"[323396, 78590035, 78590037, 78590690, 78590696, 78590698, 78590868, 78591080, 78591250, 78633134, 78633144, 79725649, 79725764, 80409534, 80409538]","[78633132, 79724886, 79725726, 80409536]",,20260812
Cap1,4,50,0.8972940444946289,1295040,"[323396, 78590690, 78590694, 78590696, 78590698, 78590868, 78633134, 78633136, 78633144, 79724886, 79724888, 79725649, 79725726, 79725764, 80409534]","[78590035, 78590037, 78591080, 78591250]",,20260812
Cap1,4,51,0.8790615200996399,1295040,"[78590035, 78590037, 78590698, 78590868, 78591080, 78591250, 78633132, 78633134, 78633136, 78633142, 79724886, 79725649, 80409534, 80409536, 80409540]","[323396, 78590692, 78590696, 79724888]",,20260812
Cap1,4,52,0.8750618696212769,1295040,"[323396, 78590035, 78590037, 78590696, 78590868, 78591080, 78633134, 78633144, 79724886, 79724888, 79725649, 79725726, 80409534, 80409536, 80409540]","[78590690, 78591250, 78633136, 78633142]",,20260812
Cap1,4,53,0.8876093626022339,1295040,"[78590035, 78590037, 78590690, 78590868, 78591080, 78591250, 78633132, 78633142, 78633144, 79724886, 79725649, 79725764, 80409534, 80409538, 80409540]","[323396, 78590694, 78590698, 79725726]",,20260812
Cap1,4,54,0.8683152794837952,1295040,"[323396, 78590035, 78590037, 78590690, 78590692, 78590694, 78590696, 78590698, 78591080, 78633132, 78633142, 78633144, 79724886, 79724888, 80409534]","[78590868, 78633134, 80409538, 80409540]",,20260812
Cap1,4,55,0.8698427081108093,1295040,"[323396, 78590035, 78590690, 78590694, 78590868, 78591250, 78633132, 78633134, 78633136, 79724886, 79724888, 79725764, 80409536, 80409538, 80409540]","[78590692, 78590696, 79725649, 79725726]",,20260812
Cap1,4,56,0.8863563537597656,1295040,"[78590035, 78590037, 78590692, 78590694, 78591250, 78633132, 78633134, 78633136, 78633142, 78633144, 79724886, 79725726, 80409534, 80409536, 80409538]","[78590690, 78590698, 79724888, 80409540]",,20260812
Cap1,4,57,0.8819336891174316,1295040,"[323396, 78590035, 78590690, 78590692, 78590698, 78590868, 78591250, 78633134, 78633136, 78633144, 79724886, 79725726, 79725764, 80409534, 80409540]","[78591080, 78633132, 79724888, 79725649]",,20260812
Cap1,4,58,0.8713968992233276,1295040,"[323396, 78590035, 78590037, 78590694, 78590868, 78633134, 78633136, 78633142, 79724886, 79724888, 79725726, 79725764, 80409536, 80409538, 80409540]","[78590690, 78633132, 78633144, 80409534]",,20260812
Cap1,4,59,0.8699332475662231,1295040,"[78590035, 78590037, 78590690, 78590694, 78590696, 78591080, 78591250, 78633132, 78633142, 79724886, 79725649, 79725726, 79725764, 80409534, 80409536]","[323396, 78590698, 80409538, 80409540]",,20260812
Cap1,4,60,0.8690968155860901,1295040,"[78590037, 78590690, 78590698, 78590868, 78591080, 78591250, 78633132, 78633134, 78633136, 78633144, 79724886, 79725726, 80409534, 80409536, 80409540]","[78590035, 79724888, 79725649, 80409538]",,20260812
Cap1,4,61,0.870673418045044,1295040,"[323396, 78590035, 78590037, 78590690, 78590692, 78590694, 78590696, 78590698, 78591250, 78633144, 79724888, 79725726, 80409534, 80409536, 80409540]","[78633134, 78633136, 79724886, 79725764]",,20260812
Cap1,4,62,0.8804726004600525,1295040,"[323396, 78590035, 78590037, 78590692, 78590694, 78590696, 78633132, 78633136, 78633142, 79724888, 79725649, 79725726, 80409534, 80409536, 80409540]","[78590698, 78633134, 79725764, 80409538]",,20260812
Cap1,4,63,0.8556810021400452,1295040,"[323396, 78590035, 78590690, 78590692, 78590694, 78590696, 78590868, 78633132, 78633142, 78633144, 79724886, 79724888, 79725764, 80409534, 80409540]","[78633134, 79725649, 79725726, 80409536]",,20260812
Cap1,4,64,0.8734099864959717,1295040,"[78590035, 78590692, 78590694, 78590868, 78591080, 78591250, 78633132, 78633134, 79724886, 79725649, 79725726, 79725764, 80409534, 80409538, 80409540]","[78590690, 78633136, 78633144, 80409536]",,20260812
Cap1,4,65,0.8659448623657227,1295040,"[323396, 78590037, 78590690, 78590694, 78590696, 78590868, 78591250, 78633132, 78633134, 78633142, 79724886, 79724888, 79725649, 80409538, 80409540]","[78590692, 78633136, 79725726, 79725764]",,20260812
Cap1,4,66,0.8784594535827637,1295040,"[323396, 78590037, 78590692, 78590694, 78590698, 78590868, 78591080, 78633134, 78633136, 78633142, 78633144, 79724886, 79724888, 80409534, 80409538]","[78590690, 78633132, 80409536, 80409540]",,20260812
Cap1,4,67,0.8695887327194214,1295040,"[323396, 78590035, 78590696, 78591080, 78591250, 78633132, 78633142, 78633144, 79724886, 79724888, 79725726, 79725764, 80409536, 80409538, 80409540]","[78590037, 78590694, 78590868, 79725649]",,20260812
Cap1,4,68,0.8851259350776672,1295040,"[323396, 78590035, 78590037, 78590696, 78591080, 78591250, 78633142, 79724886, 79725649, 79725726, 79725764, 80409534, 80409536, 80409538, 80409540]","[78590692, 78633132, 78633136, 78633144]",,20260812
Cap1,4,69,0.8794613480567932,1295040,"[323396, 78590690, 78590692, 78590694, 78590696, 78591250, 78633134, 78633136, 78633144, 79724886, 79724888, 79725649, 79725726, 79725764, 80409534]","[78590698, 78591080, 78633142, 80409540]",,20260812
Cap1,4,70,0.8788774609565735,1295040,"[78590690, 78590692, 78590694, 78590696, 78590698, 78591080, 78633132, 78633134, 78633136, 78633142, 78633144, 79724888, 79725764, 80409536, 80409540]","[323396, 78590868, 78591250, 79724886]",,20260812
Cap1,4,71,0.8739178776741028,1295040,"[78590035, 78590037, 78590690, 78590692, 78590868, 78591250, 78633132, 78633142, 78633144, 79724886, 79725764, 80409534, 80409536, 80409538, 80409540]","[78590694, 78633134, 79724888, 79725649]",,20260812
Cap1,4,72,0.8697798848152161,1295040,"[323396, 78590035, 78590692, 78590696, 78590698, 78590868, 78591080, 78633136, 79724888, 79725726, 79725764, 80409534, 80409536, 80409538, 80409540]","[78590694, 78633134, 78633142, 78633144]",,20260812
Cap1,4,73,0.8582699298858643,1295040,"[78590035, 78590037, 78590690, 78590692, 78590694, 78590698, 78591080, 78633142, 78633144, 79724886, 79724888, 79725649, 79725726, 79725764, 80409540]","[323396, 78633132, 80409534, 80409538]",,20260812
Cap1,4,74,0.8561356067657471,1295040,"[78590035, 78590037, 78590690, 78590696, 78590698, 78590868, 78591250, 78633132, 78633134, 78633144, 79724888, 79725726, 80409536, 80409538, 80409540]","[78590692, 78591080, 79724886, 80409534]",,20260812
Cap1,4,75,0.8824092745780945,1295040,"[323396, 78590037, 78590692, 78591080, 78591250, 78633134, 78633136, 78633144, 79724886, 79724888, 79725649, 80409534, 80409536, 80409538, 80409540]","[78590690, 78590694, 78590696, 78633132]",,20260812
Cap1,4,76,0.8693941235542297,1295040,"[78590035, 78590037, 78590690, 78590692, 78590694, 78591080, 78591250, 78633132, 78633144, 79724886, 79725649, 79725726, 79725764, 80409534, 80409536]","[323396, 78590696, 78633134, 79724888]",,20260812
Cap1,4,77,0.897158682346344,1295040,"[323396, 78590037, 78590690, 78590692, 78591250, 78633132, 78633134, 78633136, 78633142, 78633144, 79725649, 79725726, 80409536, 80409538, 80409540]","[78590698, 78590868, 78591080, 79724886]",,20260812
Cap1,4,78,0.8787426352500916,1295040,"[323396, 78590035, 78590694, 78590696, 78590698, 78590868, 78591250, 78633134, 78633144, 79724886, 79724888, 79725649, 80409536, 80409538, 80409540]","[78590690, 78633136, 78633142, 79725764]",,20260812
Cap1,4,79,0.8668727278709412,1295040,"[323396, 78590037, 78590690, 78590692, 78590694, 78590696, 78590698, 78590868, 78591250, 78633134, 78633136, 79725649, 79725726, 79725764, 80409540]","[78590035, 78633132, 79724886, 80409534]",,20260812
Cap1,4,80,0.871659517288208,1295040,"[78590690, 78590692, 78590694, 78590696, 78590868, 78591080, 78591250, 78633134, 78633142, 78633144, 79724886, 79724888, 79725649, 79725726, 80409538]","[78590037, 78633132, 78633136, 80409536]",,20260812
Cap1,4,81,0.8706482648849487,1295040,"[323396, 78590035, 78590037, 78590692, 78590696, 78591080, 78591250, 78633132, 78633134, 78633136, 78633144, 79724886, 79725764, 80409536, 80409538]","[78590690, 78590868, 79724888, 80409540]",,20260812
Cap1,4,82,0.873865008354187,1295040,"[78590035, 78590690, 78590692, 78590694, 78591080, 78591250, 78633132, 78633134, 78633136, 79724886, 79724888, 79725649, 79725726, 80409534, 80409540]","[78590037, 78590698, 78633142, 78633144]",,20260812
Cap1,4,83,0.8713799715042114,1295040,"[78590035, 78590037, 78590692, 78590694, 78590696, 78590868, 78591080, 78633132, 78633136, 78633142, 79724886, 79725649, 79725726, 79725764, 80409540]","[323396, 78591250, 80409534, 80409536]",,20260812
Cap1,4,84,0.8713512420654297,1295040,"[323396, 78590035, 78590037, 78590692, 78590694, 78590696, 78590698, 78590868, 78591250, 78633132, 78633134, 78633144, 79725764, 80409534, 80409536]","[78590690, 78633136, 79724886, 79725649]",,20260812
Cap1,4,85,0.8727805614471436,1295040,"[78590690, 78590692, 78590696, 78590698, 78590868, 78591080, 78633132, 78633136, 79724886, 79724888, 79725726, 80409534, 80409536, 80409538, 80409540]","[323396, 78590037, 78590694, 78633144]",,20260812
Cap1,4,86,0.8382168412208557,1295040,"[78590037, 78590690, 78590694, 78590696, 78590698, 78590868, 78633134, 78633136, 78633142, 79724886, 79724888, 79725649, 79725764, 80409534, 80409540]","[78590692, 78591080, 79725726, 80409538]",,20260812
Cap1,4,87,0.8858962059020996,1295040,"[78590035, 78590037, 78590692, 78590694, 78590696, 78590868, 78633134, 78633136, 78633144, 79724886, 79724888, 79725764, 80409534, 80409538, 80409540]","[78590690, 78590698, 78633142, 79725726]",,20260812
Cap1,4,88,0.8722222447395325,1295040,"[323396, 78590690, 78590692, 78590694, 78590698, 78590868, 78591080, 78633132, 78633134, 78633142, 79724886, 79725649, 79725726, 79725764, 80409536]","[78590037, 78633136, 80409538, 80409540]",,20260812
Cap1,4,89,0.8694510459899902,1295040,"[323396, 78590035, 78590694, 78590696, 78590698, 78590868, 78591080, 78591250, 78633132, 78633134, 79724888, 80409534, 80409536, 80409538, 80409540]","[78590690, 78633136, 79725649, 79725726]",,20260812
Cap1,4,90,0.8769957423210144,1295040,"[78590035, 78590692, 78590694, 78590696, 78590698, 78633134, 78633136, 78633142, 78633144, 79724888, 79725649, 79725726, 79725764, 80409534, 80409536]","[78590690, 78591080, 79724886, 80409540]",,20260812
Cap1,4,91,0.8876831531524658,1295040,"[323396, 78590035, 78590037, 78590690, 78590694, 78590696, 78590868, 78633132, 78633136, 78633142, 79724888, 79725726, 80409534, 80409536, 80409538]","[78590692, 78590698, 78591250, 78633144]",,20260812
Cap1,4,92,0.8667920827865601,1295040,"[323396, 78590035, 78590690, 78590692, 78590698, 78590868, 78591080, 78591250, 78633132, 78633136, 78633142, 79724886, 79725649, 79725764, 80409534]","[78590037, 78633134, 79725726, 80409540]",,20260812
Cap1,4,93,0.8664083480834961,1295040,"[323396, 78590690, 78590694, 78590696, 78590868, 78591080, 78633132, 78633136, 78633142, 78633144, 79725726, 79725764, 80409534, 80409538, 80409540]","[78590037, 79724886, 79724888, 79725649]",,20260812
Cap1,4,94,0.8609945774078369,1295040,"[78590037, 78590690, 78590694, 78590698, 78591080, 78633132, 78633136, 78633142, 78633144, 79724886, 79724888, 79725649, 80409536, 80409538, 80409540]","[323396, 78590692, 79725726, 79725764]",,20260812
Cap1,4,95,0.8791176676750183,1295040,"[78590037, 78590692, 78590694, 78590698, 78590868, 78591080, 78633134, 78633136, 78633142, 78633144, 79724886, 79725649, 80409534, 80409536, 80409538]","[78590035, 78590690, 79725726, 80409540]",,20260812
Cap1,4,96,0.8593018054962158,1295040,"[78590035, 78590037, 78590692, 78590694, 78590696, 78590698, 78590868, 78591080, 78633134, 78633142, 78633144, 79724888, 79725649, 79725764, 80409538]","[323396, 78633136, 79725726, 80409540]",,20260812
Cap1,4,97,0.8803515434265137,1295040,"[323396, 78590035, 78590690, 78590694, 78590868, 78591080, 78591250, 78633134, 78633136, 78633142, 78633144, 79724888, 79725726, 80409536, 80409540]","[78590037, 78590692, 80409534, 80409538]",,20260812
Cap1,4,98,0.8853696584701538,1295040,"[323396, 78590037, 78590690, 78590694, 78590698, 78633134, 78633136, 78633142, 78633144, 79725649, 79725726, 79725764, 80409534, 80409536, 80409538]","[78590692, 78590696, 78591250, 79724888]",,20260812
Cap1,4,99,0.8563624620437622,1295040,"[78590035, 78590690, 78590692, 78590694, 78590696, 78591080, 78591250, 78633132, 78633136, 78633142, 79724886, 79724888, 79725649, 79725764, 80409540]","[323396, 78633134, 80409534, 80409538]",,20260812
Cap1,5,0,0.8879948854446411,1295040,"[323396, 78590035, 78590037, 78590696, 78590698, 78591250, 78633132, 78633136, 78633142, 78633144, 79724886, 79725649, 80409534, 80409536, 80409540]","[78590690, 78590692, 78590868, 79724888, 79725726]",,20260812
Cap1,5,1,0.8999682664871216,1295040,"[323396, 78590035, 78590692, 78590694, 78590696, 78590698, 78590868, 78591250, 78633136, 78633144, 79725649, 80409534, 80409536, 80409538, 80409540]","[78590690, 78591080, 78633132, 79724888, 79725764]",,20260812
Cap1,5,2,0.9052670001983643,1295040,"[78590035, 78590037, 78590690, 78590692, 78590694, 78590696, 78591080, 78591250, 78633132, 78633134, 78633144, 80409534, 80409536, 80409538, 80409540]","[78590698, 78590868, 78633142, 79724886, 79724888]",,20260812
Cap1,5,3,0.8772546648979187,1295040,"[323396, 78590035, 78590037, 78590690, 78590696, 78590868, 78591250, 78633132, 78633134, 78633136, 78633142, 78633144, 79725726, 80409538, 80409540]","[78591080, 79724888, 79725649, 79725764, 80409534]",,20260812
Cap1,5,4,0.8874223232269287,1295040,"[323396, 78590037, 78590692, 78590694, 78590696, 78590868, 78591080, 78591250, 78633136, 79724888, 79725649, 79725726, 80409534, 80409536, 80409538]","[78633134, 78633142, 79724886, 79725764, 80409540]",,20260812
Cap1,5,5,0.8968932628631592,1295040,"[323396, 78590035, 78590694, 78590868, 78591250, 78633134, 78633136, 78633142, 78633144, 79724886, 79725649, 79725764, 80409536, 80409538, 80409540]","[78590690, 78590698, 78591080, 79724888, 80409534]",,20260812
Cap1,5,6,0.9005756974220276,1295040,"[323396, 78590035, 78590690, 78590694, 78590698, 78591080, 78591250, 78633132, 78633134, 78633136, 78633142, 79724886, 79725649, 79725764, 80409540]","[78590696, 78590868, 79724888, 80409536, 80409538]",,20260812
Cap1,5,7,0.8889281153678894,1295040,"[323396, 78590035, 78590694, 78590698, 78590868, 78591250, 78633134, 78633136, 78633142, 78633144, 79725649, 79725764, 80409536, 80409538, 80409540]","[78590037, 78590692, 78591080, 78633132, 79725726]",,20260812
Cap1,5,8,0.8982157707214355,1295040,"[323396, 78590035, 78590037, 78590692, 78590696, 78590868, 78591080, 78633132, 78633134, 78633136, 78633142, 79724886, 79725649, 79725726, 79725764]","[78590698, 78591250, 78633144, 79724888, 80409536]",,20260812
Cap1,5,9,0.8848406076431274,1295040,"[323396, 78590035, 78590690, 78590692, 78590694, 78590696, 78590868, 78591080, 78591250, 78633132, 78633142, 79724888, 79725649, 80409534, 80409540]","[78590037, 78590698, 78633144, 79725764, 80409536]",,20260812
Cap1,5,10,0.8833200931549072,1295040,"[78590035, 78590037, 78590692, 78590694, 78590696, 78590868, 78591250, 78633132, 78633134, 78633136, 78633142, 79724888, 79725726, 79725764, 80409536]","[323396, 78590690, 78633144, 79724886, 80409540]",,20260812
Cap1,5,11,0.8997681140899658,1295040,"[323396, 78590694, 78590698, 78633132, 78633134, 78633136, 78633144, 79724886, 79724888, 79725649, 79725764, 80409534, 80409536, 80409538, 80409540]","[78590035, 78590037, 78590690, 78590692, 78633142]",,20260812
Cap1,5,12,0.8959367275238037,1295040,"[78590035, 78590692, 78590694, 78590868, 78591080, 78591250, 78633132, 78633134, 78633144, 79724886, 79724888, 79725726, 79725764, 80409534, 80409536]","[323396, 78590696, 78590698, 78633142, 79725649]",,20260812
Cap1,5,13,0.8979620933532715,1295040,"[323396, 78590035, 78590037, 78590692, 78590696, 78590698, 78591080, 78633134, 78633136, 79724886, 79725649, 79725726, 79725764, 80409534, 80409540]","[78590868, 78591250, 78633142, 79724888, 80409538]",,20260812
Cap1,5,14,0.90085768699646,1295040,"[323396, 78590037, 78590690, 78590692, 78590694, 78590696, 78590698, 78633132, 78633134, 78633136, 78633144, 79724886, 80409534, 80409536, 80409540]","[78590035, 78591080, 78591250, 78633142, 79724888]",,20260812
Cap1,5,15,0.8830806612968445,1295040,"[323396, 78590035, 78590037, 78590690, 78590696, 78590868, 78591250, 78633132, 78633142, 79724886, 79725726, 79725764, 80409534, 80409538, 80409540]","[78590694, 78591080, 78633134, 78633144, 79725649]",,20260812
Cap1,5,16,0.8981227278709412,1295040,"[78590690, 78590692, 78590694, 78590698, 78591080, 78633132, 78633134, 78633136, 78633144, 79724886, 79725726, 79725764, 80409536, 80409538, 80409540]","[323396, 78590035, 78591250, 78633142, 79724888]",,20260812
Cap1,5,17,0.8953386545181274,1295040,"[323396, 78590035, 78590692, 78590694, 78590698, 78591250, 78633132, 78633144, 79724886, 79725649, 79725726, 79725764, 80409536, 80409538, 80409540]","[78590037, 78590868, 78591080, 78633134, 80409534]",,20260812
Cap1,5,18,0.8957953453063965,1295040,"[78590035, 78590690, 78590692, 78590694, 78590868, 78591080, 78591250, 78633136, 79724886, 79724888, 79725649, 79725726, 80409534, 80409536, 80409538]","[78590696, 78633132, 78633134, 78633142, 79725764]",,20260812
Cap1,5,19,0.8875582218170166,1295040,"[78590037, 78590690, 78590692, 78590696, 78590698, 78591080, 78633132, 78633136, 79724886, 79724888, 79725649, 79725726, 79725764, 80409538, 80409540]","[78590035, 78590694, 78591250, 78633142, 78633144]",,20260812
Cap1,5,20,0.8929248452186584,1295040,"[78590035, 78590037, 78590690, 78590694, 78590698, 78590868, 78591080, 78633132, 78633134, 78633142, 79724886, 79724888, 79725764, 80409536, 80409538]","[78590692, 78591250, 78633136, 79725649, 80409540]",,20260812
Cap1,5,21,0.877192497253418,1295040,"[323396, 78590035, 78590692, 78590696, 78590868, 78591080, 78633136, 78633142, 78633144, 79724886, 79724888, 79725649, 80409534, 80409536, 80409540]","[78591250, 78633134, 79725726, 79725764, 80409538]",,20260812
Cap1,5,22,0.8934210538864136,1295040,"[323396, 78590035, 78590037, 78590694, 78590696, 78591250, 78633134, 78633142, 78633144, 79724886, 79724888, 79725649, 79725726, 79725764, 80409536]","[78590698, 78590868, 78633132, 80409538, 80409540]",,20260812
Cap1,5,23,0.8889477849006653,1295040,"[323396, 78590035, 78590037, 78590692, 78590868, 78591080, 78633134, 78633142, 79725649, 79725726, 79725764, 80409534, 80409536, 80409538, 80409540]","[78591250, 78633132, 78633136, 78633144, 79724888]",,20260812
Cap1,5,24,0.903200089931488,1295040,"[78590035, 78590690, 78590696, 78590698, 78590868, 78591080, 78591250, 78633132, 78633134, 78633136, 78633142, 78633144, 79725649, 80409538, 80409540]","[78590037, 78590692, 78590694, 79724886, 80409534]",,20260812
Cap1,5,25,0.8864009976387024,1295040,"[78590690, 78590692, 78590696, 78590698, 78590868, 78633132, 78633134, 78633136, 78633142, 78633144, 79724886, 79724888, 79725649, 80409534, 80409538]","[323396, 78590037, 78590694, 78591250, 79725726]",,20260812
Cap1,5,26,0.8969209790229797,1295040,"[323396, 78590035, 78590037, 78590696, 78590868, 78591080, 78591250, 78633132, 78633134, 78633144, 79724888, 79725726, 80409534, 80409536, 80409540]","[78590692, 78633136, 78633142, 79724886, 80409538]",,20260812
Cap1,5,27,0.8883563280105591,1295040,"[323396, 78590035, 78590037, 78590694, 78590696, 78590868, 78591250, 79724886, 79724888, 79725649, 79725726, 79725764, 80409534, 80409536, 80409540]","[78590692, 78591080, 78633132, 78633136, 78633142]",,20260812
Cap1,5,28,0.9009318947792053,1295040,"[323396, 78590037, 78590690, 78590698, 78591080, 78591250, 78633132, 78633134, 78633144, 79724886, 79725649, 79725726, 79725764, 80409536, 80409538]","[78590035, 78590694, 78590696, 78590868, 80409534]",,20260812
Cap1,5,29,0.8831433057785034,1295040,"[323396, 78590035, 78590692, 78590694, 78590868, 78591080, 78591250, 78633134, 78633136, 78633142, 79724886, 79724888, 79725764, 80409534, 80409538]","[78590696, 78633132, 78633144, 79725649, 80409536]",,20260812
Cap1,5,30,0.8965870141983032,1295040,"[323396, 78590035, 78590037, 78590690, 78590698, 78591080, 78591250, 78633136, 78633142, 78633144, 79724886, 79725764, 80409536, 80409538, 80409540]","[78590692, 78590696, 78633134, 79725649, 80409534]",,20260812
Cap1,5,31,0.9058274030685425,1295040,"[323396, 78590037, 78590692, 78590696, 78591080, 78633132, 78633136, 78633142, 78633144, 79724886, 79725649, 79725726, 80409536, 80409538, 80409540]","[78590035, 78590698, 78590868, 78591250, 79724888]",,20260812
Cap1,5,32,0.9038140773773193,1295040,"[78590035, 78590037, 78590690, 78590692, 78590696, 78591080, 78591250, 78633134, 79724886, 79725726, 79725764, 80409534, 80409536, 80409538, 80409540]","[78590694, 78590868, 78633142, 79724888, 79725649]",,20260812
Cap1,5,33,0.8945798873901367,1295040,"[323396, 78590037, 78590694, 78590696, 78590868, 78591080, 78591250, 78633132, 78633136, 78633142, 79724888, 79725764, 80409536, 80409538, 80409540]","[78590690, 78590698, 78633134, 78633144, 79724886]",,20260812
Cap1,5,34,0.8882443308830261,1295040,"[78590035, 78590037, 78590690, 78591080, 78591250, 78633132, 78633134, 78633136, 78633142, 78633144, 79724888, 79725649, 79725764, 80409536, 80409538]","[78590698, 79724886, 79725726, 80409534, 80409540]",,20260812
Cap1,5,35,0.8872474431991577,1295040,"[78590035, 78590037, 78590692, 78590696, 78591080, 78633132, 78633134, 78633142, 78633144, 79724886, 79724888, 79725649, 79725726, 80409536, 80409540]","[78590690, 78590698, 78590868, 78591250, 78633136]",,20260812
Cap1,5,36,0.8930782079696655,1295040,"[78590037, 78590690, 78590694, 78590698, 78633134, 78633142, 79724886, 79724888, 79725649, 79725726, 79725764, 80409534, 80409536, 80409538, 80409540]","[78590692, 78590696, 78591250, 78633136, 78633144]",,20260812
Cap1,5,37,0.8941761255264282,1295040,"[323396, 78590035, 78590690, 78590868, 78591080, 78591250, 78633134, 78633136, 78633142, 78633144, 79724886, 79724888, 79725726, 79725764, 80409538]","[78590037, 78590692, 78590694, 79725649, 80409540]",,20260812
Cap1,5,38,0.8786006569862366,1295040,"[78590037, 78590690, 78590692, 78590694, 78590696, 78590698, 78590868, 78591080, 78633134, 78633136, 78633144, 79724888, 80409536, 80409538, 80409540]","[78591250, 79724886, 79725649, 79725726, 80409534]",,20260812
Cap1,5,39,0.8954917192459106,1295040,"[323396, 78590037, 78590690, 78590692, 78590694, 78590698, 78590868, 78633132, 78633134, 78633136, 78633142, 79724888, 79725649, 79725764, 80409540]","[78590035, 78591080, 78591250, 78633144, 79724886]",,20260812
Cap1,5,40,0.8761867880821228,1295040,"[323396, 78590037, 78590690, 78590696, 78590698, 78590868, 78591250, 78633132, 78633134, 78633136, 78633142, 79724886, 79725649, 79725764, 80409538]","[78590692, 78590694, 78633144, 80409536, 80409540]",,20260812
Cap1,5,41,0.9057440757751465,1295040,"[323396, 78590037, 78590692, 78590696, 78590698, 78590868, 78633132, 78633136, 78633142, 78633144, 79725649, 79725726, 79725764, 80409534, 80409540]","[78590035, 78590690, 78590694, 79724888, 80409536]",,20260812
Cap1,5,42,0.9045611619949341,1295040,"[323396, 78590035, 78590037, 78590690, 78590692, 78590696, 78590698, 78591080, 78591250, 78633136, 78633144, 79724886, 79725649, 80409534, 80409538]","[78590694, 78590868, 78633132, 79724888, 80409536]",,20260812
Cap1,5,43,0.8770936727523804,1295040,"[323396, 78590035, 78590037, 78590692, 78590696, 78590698, 78590868, 78633132, 78633134, 78633142, 78633144, 79724886, 80409534, 80409538, 80409540]","[78590694, 78591080, 78591250, 78633136, 79724888]",,20260812
Cap1,5,44,0.8869300484657288,1295040,"[78590035, 78590037, 78590690, 78590692, 78590694, 78590696, 78590698, 78591080, 78633134, 78633142, 79724886, 79725649, 79725726, 80409536, 80409538]","[78590868, 78633136, 79725764, 80409534, 80409540]",,20260812
Cap1,5,45,0.893467903137207,1295040,"[323396, 78590035, 78590696, 78591080, 78591250, 78633132, 78633134, 78633136, 78633142, 79725649, 79725726, 79725764, 80409534, 80409536, 80409540]","[78590690, 78590694, 78590868, 79724886, 79724888]",,20260812
Cap1,5,46,0.8868615627288818,1295040,"[323396, 78590037, 78590690, 78590692, 78590694, 78590696, 78590698, 78591080, 78591250, 78633132, 78633134, 78633142, 80409534, 80409536, 80409538]","[78590035, 78633136, 78633144, 79725649, 79725764]",,20260812
Cap1,5,47,0.9023794531822205,1295040,"[78590037, 78590696, 78590868, 78591080, 78633132, 78633134, 78633136, 78633142, 78633144, 79724888, 79725649, 79725726, 80409536, 80409538, 80409540]","[323396, 78590692, 78590694, 78590698, 79724886]",,20260812
Cap1,5,48,0.8952712416648865,1295040,"[323396, 78590035, 78590692, 78590694, 78590868, 78591250, 78633132, 78633134, 78633136, 78633142, 79724888, 79725726, 79725764, 80409536, 80409540]","[78590037, 78590690, 78590698, 78591080, 80409534]",,20260812
Cap1,5,49,0.9031727910041809,1295040,"[78590694, 78590698, 78590868, 78591250, 78633132, 78633134, 78633136, 78633142, 78633144, 79724886, 79725726, 79725764, 80409534, 80409538, 80409540]","[78590035, 78590037, 78590690, 78590692, 78590696]",,20260812
Cap1,5,50,0.9077215194702148,1295040,"[78590035, 78590696, 78591080, 78591250, 78633132, 78633134, 78633136, 78633142, 78633144, 79724886, 79725649, 79725726, 79725764, 80409538, 80409540]","[78590037, 78590692, 78590694, 78590868, 79724888]",,20260812
Cap1,5,51,0.8923047780990601,1295040,"[323396, 78590037, 78590690, 78590694, 78590696, 78590868, 78591080, 78591250, 78633134, 78633136, 78633144, 79724886, 79725649, 79725726, 80409534]","[78590698, 78633132, 80409536, 80409538, 80409540]",,20260812
Cap1,5,52,0.8877363801002502,1295040,"[323396, 78590037, 78590690, 78590692, 78590694, 78590868, 78591080, 78591250, 78633144, 79724886, 79725649, 79725726, 79725764, 80409534, 80409540]","[78633132, 78633142, 79724888, 80409536, 80409538]",,20260812
Cap1,5,53,0.8829580545425415,1295040,"[78590035, 78590037, 78590692, 78590694, 78590696, 78590698, 78591250, 78633132, 78633134, 78633142, 79724888, 79725764, 80409536, 80409538, 80409540]","[323396, 78590690, 78591080, 78633144, 79725726]",,20260812
Cap1,5,54,0.8874176144599915,1295040,"[78590037, 78590690, 78590692, 78590694, 78590698, 78590868, 78591080, 78591250, 78633132, 78633144, 79725764, 80409534, 80409536, 80409538, 80409540]","[323396, 78590696, 78633134, 78633136, 79724888]",,20260812
Cap1,5,55,0.8905680179595947,1295040,"[78590037, 78590690, 78590692, 78590694, 78590696, 78590698, 78590868, 78591250, 78633132, 78633136, 79724886, 79725764, 80409536, 80409538, 80409540]","[78590035, 78633142, 79724888, 79725649, 80409534]",,20260812
Cap1,5,56,0.8951160907745361,1295040,"[323396, 78590035, 78590690, 78590696, 78591080, 78591250, 78633132, 78633134, 78633136, 78633142, 78633144, 79725649, 80409534, 80409538, 80409540]","[78590037, 78590694, 78590698, 78590868, 79725764]",,20260812
Cap1,5,57,0.895911455154419,1295040,"[323396, 78590037, 78590690, 78590696, 78590698, 78590868, 78591080, 78591250, 78633132, 78633144, 79724888, 79725764, 80409534, 80409538, 80409540]","[78590692, 78590694, 78633136, 79725726, 80409536]",,20260812
Cap1,5,58,0.8850024938583374,1295040,"[323396, 78590037, 78590690, 78590692, 78590694, 78590696, 78590698, 78590868, 78633132, 78633134, 79724886, 79725649, 79725726, 79725764, 80409540]","[78591250, 79724888, 80409534, 80409536, 80409538]",,20260812
Cap1,5,59,0.903634786605835,1295040,"[78590035, 78590690, 78590696, 78590698, 78590868, 78591080, 78633132, 78633134, 78633136, 79724886, 79725726, 79725764, 80409534, 80409538, 80409540]","[78590037, 78590692, 78591250, 79724888, 79725649]",,20260812
Cap1,5,60,0.8862595558166504,1295040,"[323396, 78590035, 78590690, 78590696, 78590698, 78590868, 78591080, 78591250, 78633132, 78633134, 78633142, 79724886, 79725726, 80409534, 80409538]","[78590037, 78590694, 78633144, 79724888, 80409540]",,20260812
Cap1,5,61,0.9031479358673096,1295040,"[78590690, 78590698, 78591080, 78591250, 78633132, 78633134, 78633144, 79724886, 79724888, 79725649, 79725726, 80409534, 80409536, 80409538, 80409540]","[78590692, 78590694, 78590696, 78590868, 79725764]",,20260812
Cap1,5,62,0.8799155950546265,1295040,"[78590035, 78590037, 78590690, 78590694, 78590698, 78590868, 78591080, 78633132, 78633134, 78633142, 79724886, 79725649, 79725726, 80409538, 80409540]","[78590692, 78633136, 78633144, 79725764, 80409534]",,20260812
Cap1,5,63,0.8979702591896057,1295040,"[78590690, 78590692, 78590694, 78590696, 78590698, 78590868, 78591250, 78633132, 78633144, 79724886, 79724888, 79725649, 79725726, 80409536, 80409538]","[78590035, 78633136, 78633142, 79725764, 80409534]",,20260812
Cap1,5,64,0.8936883211135864,1295040,"[78590690, 78590692, 78590694, 78590696, 78590698, 78591080, 78633134, 78633136, 78633142, 79724888, 79725726, 79725764, 80409534, 80409536, 80409538]","[323396, 78590035, 78590868, 78633132, 80409540]",,20260812
Cap1,5,65,0.8952521085739136,1295040,"[323396, 78590035, 78590037, 78590690, 78590698, 78633132, 78633136, 78633144, 79724886, 79724888, 79725649, 79725764, 80409536, 80409538, 80409540]","[78590696, 78590868, 78633142, 79725726, 80409534]",,20260812
Cap1,5,66,0.8877514600753784,1295040,"[323396, 78590690, 78590692, 78590694, 78590868, 78633136, 78633142, 78633144, 79724886, 79724888, 79725649, 79725764, 80409534, 80409536, 80409538]","[78590035, 78590696, 78591080, 78633132, 79725726]",,20260812
Cap1,5,67,0.8811874389648438,1295040,"[323396, 78590035, 78590692, 78590694, 78590698, 78591080, 78591250, 78633134, 78633136, 78633144, 79724886, 79724888, 79725649, 79725726, 79725764]","[78590690, 78590696, 80409534, 80409538, 80409540]",,20260812
Cap1,5,68,0.8883316516876221,1295040,"[78590035, 78590692, 78590694, 78590698, 78590868, 78591250, 78633136, 78633142, 79724888, 79725649, 79725726, 79725764, 80409534, 80409538, 80409540]","[78591080, 78633132, 78633134, 79724886, 80409536]",,20260812
Cap1,5,69,0.9022878408432007,1295040,"[323396, 78590035, 78590694, 78590698, 78590868, 78591080, 78633132, 78633134, 78633142, 79724886, 79724888, 79725764, 80409534, 80409538, 80409540]","[78590690, 78590692, 78590696, 79725649, 79725726]",,20260812
Cap1,5,70,0.8938537240028381,1295040,"[78590035, 78590692, 78590694, 78590698, 78591080, 78633132, 78633134, 78633136, 78633142, 79724886, 79724888, 79725764, 80409534, 80409536, 80409540]","[78590690, 78590696, 78590868, 78591250, 79725649]",,20260812
Cap1,5,71,0.8917214870452881,1295040,"[323396, 78590035, 78590692, 78590694, 78590696, 78590868, 78591080, 78591250, 78633134, 78633136, 79725649, 79725726, 79725764, 80409534, 80409538]","[78590037, 78590690, 78633144, 79724888, 80409540]",,20260812
Cap1,5,72,0.8902853727340698,1295040,"[323396, 78590035, 78590037, 78590690, 78590698, 78590868, 78591080, 78591250, 78633136, 78633144, 79724888, 79725726, 79725764, 80409534, 80409536]","[78590696, 78633132, 78633142, 79724886, 80409538]",,20260812
Cap1,5,73,0.8955656290054321,1295040,"[323396, 78590690, 78590694, 78590696, 78590698, 78591250, 78633134, 78633136, 78633142, 78633144, 79724888, 79725726, 79725764, 80409534, 80409540]","[78590692, 78590868, 78633132, 79725649, 80409538]",,20260812
Cap1,5,74,0.8925768136978149,1295040,"[78590035, 78590037, 78590696, 78590698, 78591080, 78591250, 78633134, 78633136, 78633144, 79724888, 79725649, 79725764, 80409534, 80409536, 80409538]","[78590694, 78633132, 78633142, 79724886, 79725726]",,20260812
Cap1,5,75,0.8823651671409607,1295040,"[323396, 78590035, 78590690, 78590692, 78590694, 78590696, 78590868, 78591080, 78591250, 78633134, 79724888, 79725649, 79725726, 79725764, 80409538]","[78590037, 78633136, 79724886, 80409534, 80409536]",,20260812
Cap1,5,76,0.8957647681236267,1295040,"[323396, 78590035, 78590037, 78590690, 78590692, 78590698, 78591250, 78633132, 78633134, 78633136, 78633142, 79724888, 79725726, 79725764, 80409538]","[78590696, 78590868, 78633144, 79724886, 80409536]",,20260812
Cap1,5,77,0.8857449293136597,1295040,"[323396, 78590037, 78590694, 78590698, 78590868, 78591250, 78633132, 78633134, 78633136, 79724888, 79725649, 79725764, 80409534, 80409536, 80409540]","[78590035, 78590690, 78633144, 79725726, 80409538]",,20260812
Cap1,5,78,0.9000594615936279,1295040,"[323396, 78590690, 78590692, 78590694, 78590696, 78590698, 78591250, 78633136, 78633144, 79724888, 79725649, 79725764, 80409536, 80409538, 80409540]","[78590037, 78590868, 78591080, 78633142, 79724886]",,20260812
Cap1,5,79,0.8903865814208984,1295040,"[323396, 78590037, 78590690, 78590692, 78590694, 78590868, 78591080, 78633144, 79724888, 79725649, 79725726, 79725764, 80409534, 80409536, 80409540]","[78590696, 78591250, 78633134, 78633136, 79724886]",,20260812
Cap1,5,80,0.9078347086906433,1295040,"[323396, 78590035, 78590037, 78590690, 78590692, 78590868, 78591080, 78591250, 78633134, 78633136, 79724888, 79725649, 79725726, 80409534, 80409536]","[78590694, 78590696, 78590698, 78633132, 78633144]",,20260812
Cap1,5,81,0.8945900797843933,1295040,"[323396, 78590035, 78590037, 78590690, 78590696, 78590698, 78591080, 78633136, 78633144, 79724886, 79724888, 79725649, 79725726, 79725764, 80409536]","[78590692, 78590868, 78591250, 80409538, 80409540]",,20260812
Cap1,5,82,0.8835411071777344,1295040,"[78590690, 78590692, 78590694, 78590698, 78590868, 78591250, 78633134, 78633142, 78633144, 79724886, 79725649, 79725726, 80409534, 80409536, 80409538]","[78590035, 78590696, 78633136, 79724888, 80409540]",,20260812
Cap1,5,83,0.9115768671035767,1295040,"[78590035, 78590690, 78590692, 78590698, 78591250, 78633132, 78633134, 78633144, 79724888, 79725649, 79725726, 79725764, 80409534, 80409538, 80409540]","[78590694, 78590696, 78590868, 78591080, 80409536]",,20260812
Cap1,5,84,0.9020164012908936,1295040,"[323396, 78590037, 78590690, 78590696, 78590868, 78591080, 78591250, 78633132, 78633134, 78633144, 79724888, 79725649, 80409536, 80409538, 80409540]","[78590035, 78590692, 78633136, 78633142, 80409534]",,20260812
Cap1,5,85,0.8968104124069214,1295040,"[323396, 78590690, 78590692, 78590694, 78590696, 78591250, 78633132, 78633134, 78633136, 78633142, 78633144, 79724886, 79725764, 80409534, 80409538]","[78590698, 78590868, 78591080, 79725649, 80409540]",,20260812
Cap1,5,86,0.8971543312072754,1295040,"[323396, 78590690, 78590694, 78590696, 78590698, 78590868, 78633136, 78633142, 79724886, 79724888, 79725726, 79725764, 80409534, 80409536, 80409538]","[78590035, 78591250, 78633134, 78633144, 80409540]",,20260812
Cap1,5,87,0.890192985534668,1295040,"[78590690, 78590694, 78590696, 78590698, 78591080, 78591250, 78633132, 78633134, 78633142, 78633144, 79724886, 79725649, 79725764, 80409538, 80409540]","[323396, 78590037, 78633136, 80409534, 80409536]",,20260812
Cap1,5,88,0.8817660212516785,1295040,"[323396, 78590035, 78590037, 78590690, 78590692, 78590694, 78590696, 78590868, 78633136, 78633144, 79725649, 79725726, 80409534, 80409536, 80409540]","[78591250, 78633134, 79724886, 79724888, 79725764]",,20260812
Cap1,5,89,0.9088072776794434,1295040,"[323396, 78590035, 78590037, 78590690, 78590694, 78590698, 78591250, 78633132, 78633142, 78633144, 79724888, 79725649, 79725726, 80409534, 80409540]","[78590692, 78590696, 78590868, 78633134, 79725764]",,20260812
Cap1,5,90,0.8906776309013367,1295040,"[323396, 78590037, 78590692, 78590698, 78591080, 78591250, 78633134, 78633142, 78633144, 79724888, 79725649, 79725726, 80409536, 80409538, 80409540]","[78590035, 78590694, 78633136, 79724886, 80409534]",,20260812
Cap1,5,91,0.8978023529052734,1295040,"[323396, 78590037, 78590692, 78590698, 78591250, 78633132, 78633136, 78633142, 78633144, 79724886, 79725726, 79725764, 80409536, 80409538, 80409540]","[78590035, 78590694, 78590868, 78633134, 79725649]",,20260812
Cap1,5,92,0.8876393437385559,1295040,"[323396, 78590690, 78590692, 78590694, 78590696, 78591250, 78633134, 78633142, 78633144, 79724886, 79724888, 79725764, 80409534, 80409536, 80409538]","[78590698, 78590868, 79725649, 79725726, 80409540]",,20260812
Cap1,5,93,0.8891961574554443,1295040,"[323396, 78590035, 78590037, 78590690, 78590868, 78591080, 78591250, 78633132, 78633134, 78633144, 79724886, 79724888, 79725649, 80409534, 80409540]","[78590692, 78590694, 78633136, 79725726, 80409538]",,20260812
Cap1,5,94,0.8673875331878662,1295040,"[323396, 78590035, 78590037, 78590690, 78590694, 78590696, 78590698, 78591250, 78633136, 78633142, 78633144, 79725726, 79725764, 80409538, 80409540]","[78633134, 79724886, 79725649, 80409534, 80409536]",,20260812
Cap1,5,95,0.9018104076385498,1295040,"[323396, 78590035, 78590037, 78590690, 78590868, 78591080, 78591250, 78633132, 78633134, 78633136, 78633144, 79724886, 79725726, 79725764, 80409540]","[78590694, 78590698, 79724888, 79725649, 80409534]",,20260812
Cap1,5,96,0.8887662887573242,1295040,"[323396, 78590037, 78590690, 78590692, 78590694, 78590696, 78591080, 78633132, 78633142, 78633144, 79724886, 79724888, 79725649, 79725726, 80409536]","[78590035, 78633134, 79725764, 80409538, 80409540]",,20260812
Cap1,5,97,0.8874337673187256,1295040,"[78590035, 78590037, 78590690, 78590694, 78590696, 78590868, 78591250, 78633132, 78633136, 78633144, 79724886, 79725726, 79725764, 80409534, 80409540]","[78633134, 78633142, 79724888, 80409536, 80409538]",,20260812
Cap1,5,98,0.8956519365310669,1295040,"[323396, 78590035, 78590690, 78590694, 78590696, 78590868, 78633132, 78633134, 78633142, 79724886, 79724888, 79725649, 79725764, 80409538, 80409540]","[78590037, 78591250, 78633136, 80409534, 80409536]",,20260812
Cap1,5,99,0.8989057540893555,1295040,"[323396, 78590035, 78590037, 78590692, 78590694, 78590868, 78591250, 78633134, 78633136, 78633144, 79724888, 80409534, 80409536, 80409538, 80409540]","[78590698, 78633132, 79724886, 79725649, 79725764]",,20260812
Cap1,6,0,0.9020298719406128,1295040,"[78590690, 78590692, 78590694, 78590696, 78590698, 78590868, 78591080, 78591250, 78633132, 78633136, 78633142, 79724888, 79725726, 80409534, 80409538]","[323396, 78590035, 78590037, 78633134, 78633144, 79724886]",,20260812
Cap1,6,1,0.8967372179031372,1295040,"[323396, 78590035, 78590037, 78590696, 78590698, 78590868, 78633132, 78633142, 78633144, 79724886, 79724888, 79725764, 80409534, 80409536, 80409540]","[78590692, 78591080, 78633134, 78633136, 79725649, 80409538]",,20260812
Cap1,6,2,0.9006574153900146,1295040,"[78590037, 78590690, 78590692, 78590694, 78590868, 78591080, 78591250, 78633136, 78633144, 79724888, 79725764, 80409534, 80409536, 80409538, 80409540]","[323396, 78590698, 78633132, 78633134, 78633142, 79725726]",,20260812
Cap1,6,3,0.916189432144165,1295040,"[323396, 78590037, 78590690, 78590692, 78590694, 78590696, 78590868, 78591080, 78633132, 79724886, 79725649, 79725726, 79725764, 80409538, 80409540]","[78590035, 78590698, 78633136, 78633142, 79724888, 80409536]",,20260812
Cap1,6,4,0.8953862190246582,1295040,"[323396, 78590037, 78590690, 78590692, 78590698, 78590868, 78591080, 78633136, 78633142, 78633144, 79724888, 79725649, 79725726, 80409534, 80409538]","[78591250, 78633132, 78633134, 79724886, 79725764, 80409536]",,20260812
Cap1,6,5,0.910822868347168,1295040,"[323396, 78590035, 78590037, 78590690, 78590692, 78590694, 78591250, 78633134, 78633136, 78633142, 79725649, 79725726, 79725764, 80409536, 80409538]","[78590868, 78591080, 78633132, 79724886, 79724888, 80409540]",,20260812
Cap1,6,6,0.9051195383071899,1295040,"[78590035, 78590690, 78590694, 78590696, 78590698, 78591080, 78591250, 78633136, 78633142, 78633144, 79724886, 79724888, 79725726, 79725764, 80409536]","[78590037, 78590692, 78633132, 78633134, 79725649, 80409538]",,20260812
Cap1,6,7,0.911993682384491,1295040,"[78590037, 78590690, 78590692, 78590698, 78590868, 78591250, 78633132, 79724886, 79724888, 79725649, 79725726, 79725764, 80409534, 80409536, 80409540]","[78590035, 78590694, 78591080, 78633134, 78633142, 78633144]",,20260812
Cap1,6,8,0.9043091535568237,1295040,"[323396, 78590035, 78590037, 78590698, 78590868, 78591080, 78591250, 78633132, 78633134, 78633142, 78633144, 79724886, 79724888, 79725764, 80409540]","[78590692, 78590694, 78590696, 79725649, 79725726, 80409538]",,20260812
Cap1,6,9,0.8982001543045044,1295040,"[78590037, 78590690, 78590694, 78590868, 78591080, 78591250, 78633134, 78633136, 78633144, 79724886, 79725726, 79725764, 80409536, 80409538, 80409540]","[78590035, 78590692, 78590696, 78633142, 79725649, 80409534]",,20260812
Cap1,6,10,0.8900704383850098,1295040,"[323396, 78590035, 78590690, 78590694, 78590698, 78590868, 78591080, 78591250, 78633132, 78633142, 78633144, 79725726, 79725764, 80409538, 80409540]","[78590696, 78633134, 79724886, 79724888, 79725649, 80409534]",,20260812
Cap1,6,11,0.8994209170341492,1295040,"[78590035, 78590037, 78590694, 78590698, 78590868, 78633132, 78633142, 78633144, 79724886, 79725649, 79725726, 79725764, 80409536, 80409538, 80409540]","[323396, 78590692, 78591080, 78591250, 78633136, 79724888]",,20260812
Cap1,6,12,0.896697998046875,1295040,"[323396, 78590035, 78590692, 78590696, 78590698, 78590868, 78633132, 78633136, 78633142, 79724886, 79724888, 79725649, 79725726, 80409534, 80409538]","[78590690, 78591250, 78633134, 78633144, 79725764, 80409536]",,20260812
Cap1,6,13,0.9041659832000732,1295040,"[323396, 78590035, 78590692, 78590694, 78590698, 78590868, 78591250, 78633132, 78633134, 79724886, 79724888, 79725649, 79725726, 80409534, 80409538]","[78590690, 78591080, 78633136, 78633144, 79725764, 80409536]",,20260812
Cap1,6,14,0.8911598324775696,1295040,"[323396, 78590035, 78590690, 78590692, 78590698, 78590868, 78591080, 78633132, 78633134, 78633142, 79724888, 79725649, 79725726, 79725764, 80409534]","[78590037, 78590694, 78633144, 79724886, 80409538, 80409540]",,20260812
Cap1,6,15,0.8943009376525879,1295040,"[78590692, 78590694, 78590696, 78590698, 78590868, 78591080, 78591250, 78633132, 78633134, 78633136, 78633142, 79725726, 79725764, 80409538, 80409540]","[323396, 78590690, 78633144, 79724888, 79725649, 80409534]",,20260812
Cap1,6,16,0.887303352355957,1295040,"[78590037, 78590690, 78590692, 78590694, 78590698, 78590868, 78591080, 78591250, 78633134, 78633142, 79724886, 79725726, 79725764, 80409536, 80409538]","[323396, 78590696, 78633132, 78633144, 80409534, 80409540]",,20260812
Cap1,6,17,0.9051114916801453,1295040,"[78590037, 78590692, 78590694, 78590868, 78591080, 78633134, 78633136, 78633142, 78633144, 79724888, 79725726, 80409534, 80409536, 80409538, 80409540]","[323396, 78590696, 78590698, 78591250, 79725649, 79725764]",,20260812
Cap1,6,18,0.9055906534194946,1295040,"[78590035, 78590037, 78590690, 78590692, 78590694, 78590696, 78590698, 78590868, 78633134, 78633144, 79724886, 79725764, 80409534, 80409538, 80409540]","[78591080, 78633132, 78633136, 79724888, 79725649, 79725726]",,20260812
Cap1,6,19,0.9062073826789856,1295040,"[78590035, 78590037, 78590692, 78590694, 78590696, 78590698, 78590868, 78591080, 78633136, 78633144, 79724888, 79725649, 79725764, 80409538, 80409540]","[78590690, 78591250, 78633142, 79724886, 79725726, 80409536]",,20260812
Cap1,6,20,0.9028679132461548,1295040,"[323396, 78590035, 78590037, 78590692, 78590694, 78591080, 78591250, 78633132, 78633134, 78633136, 78633142, 78633144, 79725764, 80409534, 80409540]","[78590690, 78590698, 78590868, 79724886, 79724888, 79725726]",,20260812
Cap1,6,21,0.8954551219940186,1295040,"[323396, 78590035, 78590037, 78590692, 78590694, 78590696, 78590698, 78590868, 78633132, 78633134, 78633136, 79724888, 79725649, 80409536, 80409538]","[78590690, 78633142, 79724886, 79725726, 80409534, 80409540]",,20260812
Cap1,6,22,0.9042108058929443,1295040,"[323396, 78590035, 78590037, 78590692, 78590698, 78590868, 78591250, 78633134, 78633136, 78633144, 79724888, 79725649, 79725764, 80409538, 80409540]","[78590690, 78590696, 78591080, 78633142, 79724886, 80409534]",,20260812
Cap1,6,23,0.9158427119255066,1295040,"[323396, 78590694, 78590696, 78590868, 78591080, 78633134, 78633136, 78633142, 79724886, 79724888, 79725649, 79725764, 80409534, 80409536, 80409538]","[78590035, 78590690, 78591250, 78633132, 79725726, 80409540]",,20260812
Cap1,6,24,0.9173078536987305,1295040,"[323396, 78590690, 78590692, 78590696, 78590868, 78591250, 78633134, 78633142, 78633144, 79724886, 79724888, 79725764, 80409534, 80409536, 80409538]","[78590035, 78590694, 78590698, 78633132, 78633136, 79725726]",,20260812
Cap1,6,25,0.9173603057861328,1295040,"[323396, 78590690, 78590696, 78590868, 78591080, 78591250, 78633132, 78633136, 78633144, 79724888, 79725649, 79725726, 79725764, 80409534, 80409538]","[78590035, 78590692, 78590694, 78590698, 78633142, 79724886]",,20260812
Cap1,6,26,0.9002354741096497,1295040,"[78590035, 78590037, 78590692, 78590694, 78590696, 78590698, 78591080, 78633132, 78633136, 78633144, 79724888, 79725726, 79725764, 80409538, 80409540]","[323396, 78590690, 78591250, 79724886, 80409534, 80409536]",,20260812
Cap1,6,27,0.905655562877655,1295040,"[323396, 78590035, 78590037, 78590690, 78590694, 78590696, 78590868, 78591250, 78633142, 79724886, 79724888, 79725726, 79725764, 80409536, 80409538]","[78590692, 78633132, 78633134, 78633136, 78633144, 80409534]",,20260812
Cap1,6,28,0.9048322439193726,1295040,"[78590035, 78590690, 78590692, 78590694, 78590698, 78591080, 78633132, 78633134, 78633136, 78633144, 79724886, 79724888, 79725726, 80409538, 80409540]","[323396, 78590868, 78591250, 79725649, 80409534, 80409536]",,20260812
Cap1,6,29,0.9061242938041687,1295040,"[323396, 78590035, 78590692, 78590698, 78590868, 78591080, 78633142, 78633144, 79724886, 79724888, 79725649, 80409534, 80409536, 80409538, 80409540]","[78590690, 78590696, 78591250, 78633134, 79725726, 79725764]",,20260812
Cap1,6,30,0.9002993106842041,1295040,"[78590035, 78590037, 78590692, 78590696, 78590698, 78590868, 78633134, 78633136, 78633142, 78633144, 79724888, 79725649, 79725764, 80409534, 80409538]","[78590694, 78591080, 78591250, 78633132, 79724886, 80409536]",,20260812
Cap1,6,31,0.8884612321853638,1295040,"[323396, 78590035, 78590037, 78590690, 78590694, 78590868, 78591250, 78633132, 78633134, 78633136, 78633144, 79724888, 79725649, 79725764, 80409538]","[78590692, 78590696, 78591080, 79724886, 80409534, 80409540]",,20260812
Cap1,6,32,0.897714376449585,1295040,"[323396, 78590035, 78590696, 78591080, 78591250, 78633134, 78633136, 79724886, 79724888, 79725649, 79725726, 79725764, 80409534, 80409538, 80409540]","[78590037, 78590690, 78590692, 78590698, 78590868, 78633132]",,20260812
Cap1,6,33,0.8958168029785156,1295040,"[78590037, 78590690, 78590694, 78590696, 78590698, 78591250, 78633132, 78633136, 78633144, 79724888, 79725649, 79725726, 80409534, 80409536, 80409538]","[78590692, 78591080, 78633134, 78633142, 79725764, 80409540]",,20260812
Cap1,6,34,0.9030548930168152,1295040,"[78590690, 78590694, 78590696, 78590698, 78590868, 78591250, 78633134, 79724886, 79724888, 79725649, 79725726, 79725764, 80409534, 80409536, 80409538]","[323396, 78590035, 78590037, 78633142, 78633144, 80409540]",,20260812
Cap1,6,35,0.9077632427215576,1295040,"[323396, 78590035, 78590037, 78590692, 78590696, 78590698, 78591250, 78633134, 78633136, 78633142, 79724886, 79725649, 79725726, 80409536, 80409538]","[78590690, 78590694, 78591080, 78633132, 78633144, 79725764]",,20260812
Cap1,6,36,0.9122158288955688,1295040,"[323396, 78590035, 78590694, 78590696, 78590698, 78590868, 78591080, 78633136, 78633144, 79724886, 79724888, 79725649, 79725764, 80409534, 80409540]","[78590037, 78590690, 78590692, 78633132, 78633134, 78633142]",,20260812
Cap1,6,37,0.9012953042984009,1295040,"[78590690, 78590692, 78590694, 78590868, 78591080, 78633134, 78633136, 78633144, 79725649, 79725726, 79725764, 80409534, 80409536, 80409538, 80409540]","[323396, 78590035, 78591250, 78633132, 78633142, 79724888]",,20260812
Cap1,6,38,0.8999926447868347,1295040,"[78590035, 78590037, 78590692, 78590694, 78590696, 78590698, 78591080, 78633132, 78633136, 78633144, 79724886, 79724888, 80409534, 80409536, 80409538]","[78590690, 78590868, 78633134, 78633142, 79725726, 80409540]",,20260812
Cap1,6,39,0.901526689529419,1295040,"[78590037, 78590690, 78590692, 78590698, 78590868, 78633132, 78633134, 78633142, 78633144, 79724886, 79724888, 79725764, 80409534, 80409538, 80409540]","[323396, 78590035, 78590696, 78591080, 78633136, 80409536]",,20260812
Cap1,6,40,0.8970859050750732,1295040,"[323396, 78590690, 78590692, 78590694, 78590696, 78590698, 78591080, 78591250, 78633136, 78633142, 79724886, 79725649, 79725726, 79725764, 80409538]","[78590037, 78633132, 78633134, 79724888, 80409534, 80409536]",,20260812
Cap1,6,41,0.8957396745681763,1295040,"[323396, 78590690, 78590694, 78590868, 78591250, 78633134, 78633136, 78633144, 79724886, 79724888, 79725649, 79725726, 79725764, 80409534, 80409538]","[78590035, 78590037, 78590696, 78590698, 78633142, 80409536]",,20260812
Cap1,6,42,0.903411865234375,1295040,"[78590035, 78590037, 78590690, 78590692, 78590694, 78590698, 78591250, 78633132, 78633134, 78633144, 79724888, 79725649, 80409534, 80409538, 80409540]","[323396, 78590868, 78633136, 78633142, 79724886, 79725764]",,20260812
Cap1,6,43,0.8890923261642456,1295040,"[323396, 78590035, 78590037, 78590690, 78590698, 78591080, 78633132, 78633136, 78633144, 79724886, 79724888, 79725726, 80409534, 80409536, 80409540]","[78590692, 78590694, 78591250, 78633142, 79725764, 80409538]",,20260812
Cap1,6,44,0.9080479741096497,1295040,"[323396, 78590694, 78590696, 78590868, 78591080, 78591250, 78633136, 78633142, 78633144, 79724886, 79725649, 79725726, 79725764, 80409534, 80409538]","[78590035, 78590690, 78590698, 78633132, 79724888, 80409536]",,20260812
Cap1,6,45,0.9023585319519043,1295040,"[323396, 78590035, 78590690, 78590692, 78590696, 78633136, 78633144, 79724888, 79725649, 79725726, 79725764, 80409534, 80409536, 80409538, 80409540]","[78590037, 78590698, 78590868, 78591080, 78591250, 78633142]",,20260812
Cap1,6,46,0.9121900200843811,1295040,"[323396, 78590690, 78590692, 78590698, 78590868, 78591080, 78591250, 78633132, 78633136, 79724886, 79724888, 79725649, 80409534, 80409536, 80409538]","[78590037, 78590694, 78590696, 78633134, 78633142, 78633144]",,20260812
Cap1,6,47,0.8982792496681213,1295040,"[323396, 78590690, 78590694, 78590696, 78590868, 78591080, 78591250, 78633134, 78633136, 78633144, 79724888, 79725649, 79725764, 80409536, 80409538]","[78590035, 78590037, 78633132, 79724886, 79725726, 80409540]",,20260812
Cap1,6,48,0.8963124752044678,1295040,"[323396, 78590035, 78590692, 78591080, 78633134, 78633142, 78633144, 79724886, 79724888, 79725649, 79725726, 79725764, 80409534, 80409536, 80409538]","[78590037, 78590694, 78590696, 78590698, 78633136, 80409540]",,20260812
Cap1,6,49,0.9017593860626221,1295040,"[323396, 78590692, 78590698, 78591080, 78591250, 78633132, 78633134, 78633136, 78633142, 78633144, 79724886, 79724888, 80409536, 80409538, 80409540]","[78590035, 78590696, 78590868, 79725649, 79725726, 79725764]",,20260812
Cap1,6,50,0.9083408117294312,1295040,"[323396, 78590035, 78590037, 78590692, 78590694, 78590696, 78590868, 78591080, 78591250, 78633142, 79724886, 79725726, 79725764, 80409534, 80409536]","[78590690, 78590698, 78633132, 78633134, 78633136, 78633144]",,20260812
Cap1,6,51,0.9065113663673401,1295040,"[323396, 78590035, 78590037, 78590690, 78590692, 78591080, 78591250, 78633142, 78633144, 79724886, 79725726, 79725764, 80409534, 80409536, 80409540]","[78590696, 78590868, 78633132, 78633134, 79724888, 80409538]",,20260812
Cap1,6,52,0.901319146156311,1295040,"[78590035, 78590037, 78590690, 78590694, 78590696, 78590698, 78590868, 78633132, 78633144, 79724886, 79724888, 79725764, 80409534, 80409536, 80409540]","[78590692, 78591250, 78633134, 78633142, 79725649, 79725726]",,20260812
Cap1,6,53,0.8922395706176758,1295040,"[78590035, 78590037, 78590692, 78590696, 78590698, 78591080, 78591250, 78633132, 78633136, 79724886, 79724888, 79725764, 80409534, 80409536, 80409540]","[78590868, 78633142, 78633144, 79725649, 79725726, 80409538]",,20260812
Cap1,6,54,0.8935161828994751,1295040,"[78590035, 78590037, 78590690, 78590692, 78590694, 78590698, 78590868, 78633134, 78633136, 78633142, 79724888, 79725726, 79725764, 80409536, 80409538]","[323396, 78590696, 78633132, 79724886, 80409534, 80409540]",,20260812
Cap1,6,55,0.9101998209953308,1295040,"[78590035, 78590037, 78590690, 78590692, 78590694, 78590698, 78590868, 78591080, 78633142, 78633144, 79724886, 79725726, 80409534, 80409536, 80409538]","[78590696, 78591250, 78633132, 78633134, 78633136, 80409540]",,20260812
Cap1,6,56,0.8986765146255493,1295040,"[78590035, 78590037, 78590692, 78590698, 78591080, 78591250, 78633132, 78633134, 78633136, 78633144, 79724886, 79725649, 79725726, 80409534, 80409538]","[323396, 78590694, 78590868, 79724888, 79725764, 80409540]",,20260812
Cap1,6,57,0.899208664894104,1295040,"[323396, 78590035, 78590692, 78590694, 78590696, 78590698, 78591250, 78633132, 78633144, 79724886, 79724888, 79725649, 79725726, 79725764, 80409534]","[78590690, 78590868, 78591080, 78633136, 80409538, 80409540]",,20260812
Cap1,6,58,0.9163691997528076,1295040,"[323396, 78590035, 78590696, 78590698, 78591080, 78591250, 78633134, 78633142, 78633144, 79724886, 79724888, 79725649, 79725726, 80409536, 80409540]","[78590037, 78590690, 78590692, 78633132, 79725764, 80409538]",,20260812
Cap1,6,59,0.9056914448738098,1295040,"[78590037, 78590694, 78590696, 78590698, 78590868, 78591250, 78633134, 78633136, 78633142, 79724886, 79724888, 80409534, 80409536, 80409538, 80409540]","[323396, 78590690, 78590692, 78633132, 79725649, 79725764]",,20260812
Cap1,6,60,0.9096922874450684,1295040,"[323396, 78590037, 78590690, 78590696, 78590698, 78591250, 78633132, 78633142, 78633144, 79724886, 79724888, 79725649, 79725726, 79725764, 80409540]","[78590692, 78590694, 78590868, 78591080, 78633136, 80409534]",,20260812
Cap1,6,61,0.9058212041854858,1295040,"[78590035, 78590037, 78590690, 78590692, 78590694, 78590696, 78591080, 78591250, 78633134, 78633144, 79724888, 79725726, 79725764, 80409534, 80409540]","[78590868, 78633136, 78633142, 79725649, 80409536, 80409538]",,20260812
Cap1,6,62,0.9066359400749207,1295040,"[323396, 78590690, 78590692, 78590694, 78590696, 78590868, 78633132, 78633142, 79724886, 79724888, 79725649, 79725726, 79725764, 80409534, 80409540]","[78590037, 78591080, 78633134, 78633136, 80409536, 80409538]",,20260812
Cap1,6,63,0.9135969877243042,1295040,"[323396, 78590692, 78590694, 78590868, 78591080, 78633132, 78633134, 78633136, 78633142, 79724886, 79725649, 79725726, 80409536, 80409538, 80409540]","[78590035, 78590037, 78590690, 78590696, 78591250, 78633144]",,20260812
Cap1,6,64,0.8884577751159668,1295040,"[78590035, 78590037, 78590692, 78590696, 78591080, 78633134, 78633136, 78633144, 79724886, 79724888, 79725649, 79725726, 80409534, 80409536, 80409540]","[323396, 78590694, 78590868, 78591250, 78633132, 79725764]",,20260812
Cap1,6,65,0.9066646099090576,1295040,"[323396, 78590035, 78590690, 78590696, 78591080, 78633132, 78633136, 78633144, 79724886, 79724888, 79725649, 79725764, 80409534, 80409538, 80409540]","[78590692, 78590694, 78590868, 78633142, 79725726, 80409536]",,20260812
Cap1,6,66,0.9099071025848389,1295040,"[78590692, 78590694, 78590696, 78590698, 78590868, 78633132, 78633136, 78633142, 78633144, 79724886, 79724888, 79725726, 79725764, 80409534, 80409538]","[323396, 78591080, 78591250, 78633134, 79725649, 80409536]",,20260812
Cap1,6,67,0.9142298698425293,1295040,"[78590035, 78590037, 78590690, 78590698, 78591080, 78633132, 78633136, 78633142, 78633144, 79724886, 79725649, 79725764, 80409536, 80409538, 80409540]","[323396, 78590692, 78590694, 78590696, 78590868, 79724888]",,20260812
Cap1,6,68,0.912018358707428,1295040,"[78590035, 78590037, 78590694, 78590698, 78590868, 78591250, 78633134, 78633142, 78633144, 79724886, 79725764, 80409534, 80409536, 80409538, 80409540]","[78590690, 78590692, 78590696, 78633132, 78633136, 79725649]",,20260812
Cap1,6,69,0.8958558440208435,1295040,"[323396, 78590035, 78590690, 78590692, 78590694, 78590698, 78590868, 78591080, 78591250, 78633142, 79724886, 79725649, 79725726, 80409534, 80409536]","[78590696, 78633132, 78633144, 79725764, 80409538, 80409540]",,20260812
Cap1,6,70,0.9034803509712219,1295040,"[323396, 78590690, 78590696, 78590698, 78590868, 78633132, 78633134, 78633136, 78633144, 79724886, 79724888, 79725726, 79725764, 80409534, 80409540]","[78590035, 78590037, 78590692, 78590694, 78591080, 78591250]",,20260812
Cap1,6,71,0.9035290479660034,1295040,"[78590035, 78590694, 78590696, 78590698, 78590868, 78591080, 78591250, 78633132, 78633136, 78633142, 79724888, 79725726, 79725764, 80409536, 80409540]","[323396, 78590037, 78590692, 78633134, 78633144, 79725649]",,20260812
Cap1,6,72,0.904807984828949,1295040,"[78590035, 78590037, 78590692, 78590698, 78590868, 78591250, 78633136, 78633142, 78633144, 79724886, 79725649, 79725726, 80409534, 80409536, 80409540]","[323396, 78590694, 78591080, 78633134, 79724888, 79725764]",,20260812
Cap1,6,73,0.9132750034332275,1295040,"[323396, 78590035, 78590037, 78590692, 78590694, 78590696, 78633132, 78633134, 78633136, 78633142, 78633144, 79724886, 79725649, 79725726, 80409538]","[78590690, 78590698, 78590868, 78591080, 79724888, 80409536]",,20260812
Cap1,6,74,0.9122581481933594,1295040,"[78590035, 78590690, 78590694, 78590698, 78591250, 78633134, 78633136, 78633142, 79724886, 79725649, 79725726, 79725764, 80409534, 80409538, 80409540]","[78590037, 78590692, 78590696, 78633132, 78633144, 79724888]",,20260812
Cap1,6,75,0.8984394073486328,1295040,"[323396, 78590037, 78590690, 78590698, 78591080, 78633132, 78633134, 78633136, 78633144, 79724886, 79724888, 79725649, 79725764, 80409534, 80409540]","[78590692, 78590696, 78633142, 79725726, 80409536, 80409538]",,20260812
Cap1,6,76,0.8925366401672363,1295040,"[323396, 78590690, 78590692, 78590694, 78590696, 78590868, 78591080, 78591250, 78633142, 78633144, 79724888, 79725726, 79725764, 80409534, 80409536]","[78590035, 78590037, 78633132, 79724886, 79725649, 80409540]",,20260812
Cap1,6,77,0.908234715461731,1295040,"[78590035, 78590690, 78590696, 78590698, 78590868, 78591080, 78591250, 78633134, 78633136, 78633144, 79724886, 79724888, 79725726, 79725764, 80409538]","[78590037, 78590692, 78633132, 78633142, 80409534, 80409540]",,20260812
Cap1,6,78,0.9100865125656128,1295040,"[323396, 78590035, 78590037, 78590690, 78590692, 78590868, 78591080, 78591250, 78633136, 78633144, 79724888, 79725649, 79725726, 80409538, 80409540]","[78590694, 78590698, 78633142, 79725764, 80409534, 80409536]",,20260812
Cap1,6,79,0.9081565737724304,1295040,"[323396, 78590690, 78590692, 78590694, 78590698, 78590868, 78591080, 78633132, 78633134, 78633142, 79724886, 79725649, 79725726, 80409536, 80409538]","[78590037, 78590696, 78633136, 79724888, 79725764, 80409534]",,20260812
Cap1,6,80,0.8924727439880371,1295040,"[78590035, 78590690, 78590692, 78590694, 78590696, 78590868, 78591080, 78633132, 78633134, 79724886, 79724888, 79725649, 79725726, 79725764, 80409538]","[323396, 78591250, 78633136, 78633144, 80409534, 80409540]",,20260812
Cap1,6,81,0.9086115956306458,1295040,"[323396, 78590035, 78590692, 78590698, 78591080, 78633134, 78633136, 78633142, 78633144, 79724886, 79725649, 79725726, 80409534, 80409538, 80409540]","[78590037, 78590694, 78590696, 78590868, 78633132, 80409536]",,20260812
Cap1,6,82,0.9110755920410156,1295040,"[323396, 78590035, 78590692, 78590694, 78590698, 78590868, 78591080, 78633132, 78633142, 78633144, 79725649, 79725764, 80409534, 80409538, 80409540]","[78590037, 78590696, 78591250, 78633134, 78633136, 79724886]",,20260812
Cap1,6,83,0.9025089740753174,1295040,"[78590037, 78590694, 78590698, 78590868, 78591080, 78633132, 78633134, 78633136, 78633142, 79724886, 79725649, 79725726, 79725764, 80409536, 80409540]","[323396, 78590035, 78590690, 79724888, 80409534, 80409538]",,20260812
Cap1,6,84,0.9032536745071411,1295040,"[323396, 78590035, 78590692, 78590694, 78590696, 78590698, 78591250, 78633132, 78633134, 79724886, 79724888, 79725649, 79725726, 80409534, 80409538]","[78590690, 78590868, 78591080, 78633142, 79725764, 80409540]",,20260812
Cap1,6,85,0.9150170087814331,1295040,"[323396, 78590690, 78590694, 78590696, 78590868, 78591080, 78591250, 78633132, 78633134, 78633142, 79724888, 79725726, 80409534, 80409538, 80409540]","[78590035, 78590037, 78590692, 78633136, 79724886, 79725764]",,20260812
Cap1,6,86,0.8907188177108765,1295040,"[323396, 78590037, 78590692, 78590696, 78590698, 78591080, 78633132, 78633142, 78633144, 79724886, 79724888, 79725764, 80409534, 80409538, 80409540]","[78590690, 78590694, 78591250, 78633134, 78633136, 79725649]",,20260812
Cap1,6,87,0.9147973656654358,1295040,"[323396, 78590037, 78590690, 78590692, 78590694, 78590868, 78633134, 78633142, 78633144, 79724886, 79724888, 79725649, 80409536, 80409538, 80409540]","[78590696, 78590698, 78591080, 78633136, 79725726, 79725764]",,20260812
Cap1,6,88,0.8946391344070435,1295040,"[323396, 78590035, 78590694, 78590696, 78591250, 78633132, 78633134, 78633136, 78633142, 79724886, 79724888, 79725649, 80409534, 80409536, 80409540]","[78590037, 78590690, 78590692, 78591080, 78633144, 80409538]",,20260812
Cap1,6,89,0.906442403793335,1295040,"[78590035, 78590690, 78590692, 78590696, 78590868, 78591080, 78591250, 78633132, 78633142, 78633144, 79725649, 79725764, 80409534, 80409538, 80409540]","[78590037, 78590694, 78633134, 78633136, 79724888, 79725726]",,20260812
Cap1,6,90,0.8908341526985168,1295040,"[323396, 78590037, 78590692, 78590694, 78590696, 78590698, 78590868, 78591250, 78633134, 78633136, 78633144, 79725726, 79725764, 80409536, 80409538]","[78590690, 79724886, 79724888, 79725649, 80409534, 80409540]",,20260812
Cap1,6,91,0.8859531879425049,1295040,"[78590690, 78590692, 78590868, 78591080, 78633132, 78633134, 78633136, 78633142, 78633144, 79724888, 79725764, 80409534, 80409536, 80409538, 80409540]","[78590694, 78590696, 78591250, 79724886, 79725649, 79725726]",,20260812
Cap1,6,92,0.9193668961524963,1295040,"[323396, 78590037, 78590692, 78590696, 78590868, 78591080, 78591250, 78633132, 78633134, 78633142, 78633144, 79724888, 79725764, 80409536, 80409538]","[78590035, 78590694, 78590698, 78633136, 79725726, 80409534]",,20260812
Cap1,6,93,0.8893031477928162,1295040,"[323396, 78590035, 78590694, 78590868, 78591080, 78591250, 78633132, 78633136, 78633142, 78633144, 79725726, 79725764, 80409534, 80409536, 80409538]","[78590037, 78590698, 78633134, 79724886, 79724888, 79725649]",,20260812
Cap1,6,94,0.9055753946304321,1295040,"[78590035, 78590698, 78590868, 78591080, 78591250, 78633132, 78633136, 78633142, 79724886, 79725726, 79725764, 80409534, 80409536, 80409538, 80409540]","[323396, 78590690, 78590696, 78633134, 79724888, 79725649]",,20260812
Cap1,6,95,0.8983980417251587,1295040,"[78590690, 78590694, 78590698, 78590868, 78591080, 78591250, 78633132, 78633134, 78633136, 79724886, 79724888, 79725726, 79725764, 80409536, 80409538]","[78590035, 78590696, 78633142, 78633144, 79725649, 80409540]",,20260812
Cap1,6,96,0.9167599678039551,1295040,"[323396, 78590035, 78590037, 78590694, 78590696, 78590868, 78591080, 78633132, 78633134, 78633142, 78633144, 79724888, 79725764, 80409534, 80409536]","[78590690, 78590692, 78590698, 78591250, 80409538, 80409540]",,20260812
Cap1,6,97,0.9009510278701782,1295040,"[323396, 78590035, 78590037, 78590690, 78590692, 78590696, 78590868, 78633132, 78633142, 78633144, 79724886, 79724888, 79725726, 80409534, 80409536]","[78590694, 78590698, 78633134, 78633136, 79725649, 80409540]",,20260812
Cap1,6,98,0.9002174735069275,1295040,"[78590035, 78590037, 78590690, 78590692, 78590694, 78590696, 78590698, 78591080, 78633134, 78633136, 78633142, 78633144, 79724886, 79725649, 79725726]","[323396, 78591250, 78633132, 80409534, 80409536, 80409540]",,20260812
Cap1,6,99,0.8931965231895447,1295040,"[78590037, 78590690, 78590692, 78590694, 78590698, 78590868, 78633132, 78633134, 78633144, 79724886, 79724888, 79725649, 79725764, 80409536, 80409540]","[323396, 78590035, 78590696, 78633142, 80409534, 80409538]",,20260812
Cap1,7,0,0.9134343862533569,1295040,"[78590035, 78590037, 78590692, 78590694, 78590696, 78590698, 78591080, 78633134, 78633136, 78633144, 79724886, 79725649, 79725764, 80409538, 80409540]","[78590690, 78591250, 78633132, 78633142, 79725726, 80409534, 80409536]",,20260812
Cap1,7,1,0.9225378036499023,1295040,"[323396, 78590035, 78590037, 78590690, 78590694, 78590698, 78590868, 78591080, 78633142, 79724886, 79725649, 79725726, 79725764, 80409534, 80409536]","[78590692, 78591250, 78633132, 78633134, 78633136, 79724888, 80409538]",,20260812
Cap1,7,2,0.9059731960296631,1295040,"[323396, 78590035, 78590037, 78590690, 78590692, 78590696, 78590868, 78633132, 78633136, 79724886, 79725726, 79725764, 80409534, 80409536, 80409538]","[78591080, 78591250, 78633134, 78633142, 78633144, 79725649, 80409540]",,20260812
Cap1,7,3,0.8879179954528809,1295040,"[323396, 78590037, 78590690, 78590692, 78590694, 78590698, 78590868, 78591080, 78591250, 78633132, 78633136, 78633142, 79725649, 79725726, 79725764]","[78633134, 78633144, 79724886, 79724888, 80409534, 80409536, 80409540]",,20260812
Cap1,7,4,0.9041304588317871,1295040,"[78590692, 78590694, 78590696, 78590698, 78591080, 78591250, 78633132, 78633142, 78633144, 79724886, 79725726, 79725764, 80409534, 80409536, 80409538]","[323396, 78590037, 78590690, 78633134, 79724888, 79725649, 80409540]",,20260812
Cap1,7,5,0.9084497094154358,1295040,"[323396, 78590692, 78591080, 78591250, 78633132, 78633134, 78633142, 78633144, 79724886, 79724888, 79725649, 79725764, 80409534, 80409538, 80409540]","[78590035, 78590037, 78590690, 78590696, 78590868, 78633136, 79725726]",,20260812
Cap1,7,6,0.9154507517814636,1295040,"[78590037, 78590692, 78590696, 78590698, 78590868, 78591250, 78633132, 78633136, 78633142, 78633144, 79725649, 79725726, 80409534, 80409536, 80409538]","[323396, 78590035, 78590690, 78633134, 79724886, 79725764, 80409540]",,20260812
Cap1,7,7,0.9171137809753418,1295040,"[78590035, 78590690, 78590694, 78590698, 78590868, 78591080, 78633132, 78633134, 78633144, 79724886, 79724888, 79725649, 79725726, 80409536, 80409540]","[323396, 78590692, 78590696, 78591250, 78633136, 78633142, 80409534]",,20260812
Cap1,7,8,0.904738187789917,1295040,"[78590037, 78590690, 78590698, 78590868, 78591080, 78591250, 78633132, 78633134, 79724886, 79724888, 79725649, 79725764, 80409534, 80409536, 80409538]","[323396, 78590692, 78590696, 78633142, 78633144, 79725726, 80409540]",,20260812
Cap1,7,9,0.9107586145401001,1295040,"[78590694, 78590696, 78590698, 78591080, 78633132, 78633134, 78633144, 79724886, 79724888, 79725726, 79725764, 80409534, 80409536, 80409538, 80409540]","[323396, 78590035, 78590037, 78590690, 78590868, 78633136, 78633142]",,20260812
Cap1,7,10,0.917083203792572,1295040,"[78590035, 78590037, 78590690, 78590692, 78590694, 78591250, 78633132, 78633142, 79724886, 79724888, 79725726, 79725764, 80409534, 80409536, 80409540]","[323396, 78590696, 78590698, 78591080, 78633134, 78633144, 79725649]",,20260812
Cap1,7,11,0.909866452217102,1295040,"[78590035, 78590037, 78590692, 78590696, 78590698, 78590868, 78591080, 78591250, 78633136, 78633142, 79724886, 79724888, 79725764, 80409536, 80409540]","[78590690, 78590694, 78633132, 78633144, 79725649, 80409534, 80409538]",,20260812
Cap1,7,12,0.9163357019424438,1295040,"[78590037, 78590690, 78590692, 78590696, 78590868, 78591250, 78633134, 78633142, 78633144, 79724886, 79725649, 79725726, 79725764, 80409536, 80409538]","[323396, 78590035, 78590698, 78633132, 78633136, 79724888, 80409534]",,20260812
Cap1,7,13,0.9134425520896912,1295040,"[323396, 78590035, 78590037, 78590692, 78590694, 78591080, 78591250, 78633136, 78633142, 79724888, 79725649, 79725764, 80409534, 80409538, 80409540]","[78590690, 78590696, 78590698, 78633132, 78633144, 79725726, 80409536]",,20260812
Cap1,7,14,0.9226359128952026,1295040,"[323396, 78590035, 78590690, 78590694, 78590696, 78590698, 78591080, 78633132, 78633136, 78633144, 79724888, 79725726, 79725764, 80409534, 80409538]","[78590037, 78590692, 78590868, 78633134, 78633142, 80409536, 80409540]",,20260812
Cap1,7,15,0.9226568937301636,1295040,"[78590035, 78590690, 78590694, 78590698, 78590868, 78633134, 78633142, 78633144, 79724886, 79724888, 79725649, 79725726, 79725764, 80409538, 80409540]","[78590037, 78590692, 78590696, 78591250, 78633132, 78633136, 80409536]",,20260812
Cap1,7,16,0.9065220355987549,1295040,"[78590035, 78590037, 78590694, 78590698, 78590868, 78633134, 78633136, 78633142, 78633144, 79724888, 79725649, 79725764, 80409534, 80409536, 80409540]","[323396, 78590690, 78590692, 78633132, 79724886, 79725726, 80409538]",,20260812
Cap1,7,17,0.9049676656723022,1295040,"[323396, 78590035, 78590037, 78590692, 78590696, 78590698, 78590868, 78633132, 78633134, 78633136, 78633144, 79724886, 79725726, 79725764, 80409536]","[78590690, 78590694, 78591250, 78633142, 80409534, 80409538, 80409540]",,20260812
Cap1,7,18,0.9096719622612,1295040,"[78590692, 78590696, 78590698, 78590868, 78633132, 78633136, 78633142, 79724886, 79724888, 79725649, 79725726, 79725764, 80409534, 80409538, 80409540]","[323396, 78590037, 78590694, 78591250, 78633134, 78633144, 80409536]",,20260812
Cap1,7,19,0.9046242237091064,1295040,"[78590035, 78590037, 78590690, 78590696, 78590698, 78633132, 78633134, 78633144, 79724886, 79724888, 79725649, 79725726, 79725764, 80409536, 80409540]","[323396, 78591080, 78591250, 78633136, 78633142, 80409534, 80409538]",,20260812
Cap1,7,20,0.9149962663650513,1295040,"[78590690, 78590692, 78590694, 78590698, 78590868, 78591080, 78633132, 78633134, 78633136, 78633142, 78633144, 79724888, 79725726, 80409538, 80409540]","[323396, 78590035, 78590037, 78590696, 78591250, 79725649, 80409536]",,20260812
Cap1,7,21,0.9147531390190125,1295040,"[323396, 78590035, 78590037, 78590692, 78590694, 78590868, 78591250, 78633132, 78633142, 78633144, 79724886, 79724888, 79725764, 80409536, 80409540]","[78590690, 78590696, 78591080, 78633136, 79725726, 80409534, 80409538]",,20260812
Cap1,7,22,0.9126379489898682,1295040,"[78590035, 78590690, 78590692, 78590696, 78591080, 78591250, 78633132, 78633136, 78633142, 79724886, 79725726, 79725764, 80409534, 80409536, 80409538]","[323396, 78590037, 78590694, 78590868, 78633134, 79724888, 80409540]",,20260812
Cap1,7,23,0.913320779800415,1295040,"[78590035, 78590037, 78590690, 78590692, 78590698, 78590868, 78591080, 78633136, 79724888, 79725649, 79725726, 79725764, 80409534, 80409536, 80409540]","[323396, 78590694, 78590696, 78633132, 78633134, 78633142, 78633144]",,20260812
Cap1,7,24,0.9097838401794434,1295040,"[323396, 78590035, 78590692, 78590694, 78590698, 78591080, 78591250, 78633136, 79724886, 79724888, 79725649, 79725726, 79725764, 80409534, 80409536]","[78590037, 78590868, 78633132, 78633142, 78633144, 80409538, 80409540]",,20260812
Cap1,7,25,0.9240005016326904,1295040,"[323396, 78590037, 78590692, 78590696, 78591080, 78591250, 78633132, 78633134, 78633136, 78633142, 79724888, 79725649, 79725726, 80409536, 80409538]","[78590035, 78590690, 78590694, 78590698, 79725764, 80409534, 80409540]",,20260812
Cap1,7,26,0.9027964472770691,1295040,"[323396, 78590035, 78590037, 78590690, 78590692, 78590694, 78590698, 78590868, 78591250, 78633134, 78633136, 78633142, 79725649, 79725764, 80409534]","[78591080, 78633132, 78633144, 79724886, 79724888, 79725726, 80409540]",,20260812
Cap1,7,27,0.918723464012146,1295040,"[323396, 78590690, 78590692, 78590696, 78590698, 78591250, 78633136, 78633142, 78633144, 79724886, 79724888, 79725726, 79725764, 80409536, 80409538]","[78590694, 78590868, 78591080, 78633132, 78633134, 79725649, 80409534]",,20260812
Cap1,7,28,0.9012373685836792,1295040,"[78590035, 78590037, 78590692, 78590694, 78590696, 78590698, 78590868, 78633132, 78633134, 78633136, 78633142, 78633144, 79725764, 80409534, 80409536]","[323396, 78591250, 79724886, 79724888, 79725726, 80409538, 80409540]",,20260812
Cap1,7,29,0.9051390886306763,1295040,"[323396, 78590037, 78590690, 78590692, 78590694, 78590696, 78590698, 78591080, 78591250, 78633132, 78633136, 78633142, 79724888, 80409534, 80409538]","[78590035, 78633134, 78633144, 79724886, 79725726, 79725764, 80409536]",,20260812
Cap1,7,30,0.909747838973999,1295040,"[323396, 78590035, 78590037, 78590690, 78590692, 78590698, 78591080, 78591250, 78633132, 79724886, 79725649, 79725726, 80409534, 80409536, 80409538]","[78590868, 78633134, 78633142, 78633144, 79724888, 79725764, 80409540]",,20260812
Cap1,7,31,0.9147376418113708,1295040,"[323396, 78590037, 78590690, 78590692, 78590694, 78590696, 78590698, 78591080, 78633134, 78633136, 78633142, 78633144, 79724886, 80409538, 80409540]","[78590035, 78591250, 78633132, 79724888, 79725649, 79725726, 79725764]",,20260812
Cap1,7,32,0.9143889546394348,1295040,"[323396, 78590035, 78590037, 78590692, 78590698, 78591250, 78633132, 78633134, 78633136, 78633142, 79724886, 79725649, 80409534, 80409536, 80409538]","[78590690, 78590694, 78590696, 78591080, 78633144, 79724888, 79725764]",,20260812
Cap1,7,33,0.9091569185256958,1295040,"[78590690, 78590692, 78590868, 78591080, 78633132, 78633134, 78633136, 78633142, 78633144, 79724886, 79725726, 79725764, 80409534, 80409536, 80409538]","[323396, 78590037, 78590694, 78590696, 78590698, 78591250, 79724888]",,20260812
Cap1,7,34,0.9132798314094543,1295040,"[323396, 78590035, 78590690, 78590692, 78590696, 78591250, 78633132, 78633136, 79724886, 79724888, 79725764, 80409534, 80409536, 80409538, 80409540]","[78590037, 78590694, 78590868, 78591080, 78633142, 78633144, 79725649]",,20260812
Cap1,7,35,0.9145632386207581,1295040,"[78590037, 78590690, 78590692, 78590694, 78590696, 78590698, 78591250, 78633134, 78633142, 79724886, 79724888, 79725649, 79725764, 80409534, 80409540]","[78590035, 78590868, 78591080, 78633132, 79725726, 80409536, 80409538]",,20260812
Cap1,7,36,0.9185371398925781,1295040,"[323396, 78590035, 78590037, 78590690, 78590694, 78590696, 78591080, 78591250, 78633142, 78633144, 79724886, 79725726, 80409534, 80409536, 80409540]","[78590698, 78590868, 78633132, 78633134, 78633136, 79724888, 79725649]",,20260812
Cap1,7,37,0.9149879217147827,1295040,"[323396, 78590035, 78590690, 78590692, 78590694, 78590696, 78590698, 78591250, 78633144, 79724886, 79725649, 79725726, 79725764, 80409534, 80409538]","[78590037, 78633132, 78633134, 78633136, 78633142, 79724888, 80409536]",,20260812
Cap1,7,38,0.8977769613265991,1295040,"[78590037, 78590690, 78590692, 78590698, 78590868, 78591250, 78633132, 78633136, 78633142, 78633144, 79725649, 79725726, 79725764, 80409534, 80409536]","[323396, 78590035, 78590696, 78633134, 79724886, 79724888, 80409540]",,20260812
Cap1,7,39,0.9111189842224121,1295040,"[323396, 78590035, 78590690, 78590698, 78590868, 78591250, 78633134, 78633136, 78633144, 79724886, 79725649, 79725726, 80409534, 80409536, 80409538]","[78590037, 78590692, 78590696, 78591080, 79724888, 79725764, 80409540]",,20260812
Cap1,7,40,0.9156103134155273,1295040,"[323396, 78590035, 78590690, 78590692, 78590694, 78590696, 78590698, 78590868, 78633134, 78633136, 78633142, 79725649, 79725726, 80409536, 80409540]","[78591080, 78591250, 78633132, 79724886, 79724888, 79725764, 80409534]",,20260812
Cap1,7,41,0.9110418558120728,1295040,"[323396, 78590035, 78590037, 78590690, 78590868, 78633132, 78633134, 78633136, 78633142, 79724886, 79724888, 79725649, 80409534, 80409536, 80409540]","[78590692, 78590696, 78590698, 78591080, 78591250, 78633144, 80409538]",,20260812
Cap1,7,42,0.9194039106369019,1295040,"[78590690, 78590694, 78590696, 78590698, 78633132, 78633134, 78633136, 78633142, 78633144, 79724888, 79725649, 80409534, 80409536, 80409538, 80409540]","[323396, 78590035, 78590037, 78590692, 78590868, 78591080, 79724886]",,20260812
Cap1,7,43,0.9133312702178955,1295040,"[78590035, 78590037, 78590690, 78590692, 78590694, 78591250, 78633132, 78633142, 78633144, 79725649, 79725726, 79725764, 80409536, 80409538, 80409540]","[78590696, 78591080, 78633134, 78633136, 79724886, 79724888, 80409534]",,20260812
Cap1,7,44,0.9100253582000732,1295040,"[323396, 78590035, 78590037, 78590690, 78590868, 78591080, 78591250, 78633132, 78633134, 78633136, 78633142, 79724886, 79725649, 79725726, 79725764]","[78590694, 78590698, 78633144, 79724888, 80409536, 80409538, 80409540]",,20260812
Cap1,7,45,0.9105700850486755,1295040,"[323396, 78590035, 78590037, 78590692, 78590694, 78590696, 78590698, 78590868, 78591080, 78633142, 78633144, 79724888, 79725726, 80409538, 80409540]","[78590690, 78633132, 78633134, 78633136, 79725649, 79725764, 80409536]",,20260812
Cap1,7,46,0.9078474044799805,1295040,"[323396, 78590035, 78590037, 78590690, 78590694, 78590696, 78590698, 78633132, 78633134, 78633136, 78633144, 79724886, 79724888, 79725726, 79725764]","[78590692, 78591250, 78633142, 79725649, 80409534, 80409536, 80409540]",,20260812
Cap1,7,47,0.9083231687545776,1295040,"[78590035, 78590037, 78590692, 78590694, 78590698, 78591250, 78633136, 78633142, 79724886, 79725649, 79725764, 80409534, 80409536, 80409538, 80409540]","[78590690, 78590868, 78591080, 78633134, 78633144, 79724888, 79725726]",,20260812
Cap1,7,48,0.9122790694236755,1295040,"[323396, 78590690, 78590692, 78590694, 78590696, 78590868, 78591080, 78633132, 78633134, 78633136, 79724886, 79724888, 79725649, 79725764, 80409538]","[78590035, 78591250, 78633142, 78633144, 79725726, 80409534, 80409540]",,20260812
Cap1,7,49,0.9118269681930542,1295040,"[323396, 78590692, 78590696, 78591080, 78591250, 78633132, 78633134, 78633136, 78633144, 79724888, 79725726, 79725764, 80409536, 80409538, 80409540]","[78590035, 78590690, 78590698, 78633142, 79724886, 79725649, 80409534]",,20260812
Cap1,7,50,0.907281756401062,1295040,"[78590035, 78590037, 78590690, 78590692, 78590698, 78590868, 78591080, 78591250, 78633132, 78633134, 78633144, 79724886, 79725649, 79725764, 80409540]","[78590694, 78590696, 79724888, 79725726, 80409534, 80409536, 80409538]",,20260812
Cap1,7,51,0.9180312752723694,1295040,"[323396, 78590035, 78590037, 78590694, 78590868, 78591080, 78591250, 78633136, 78633144, 79724886, 79724888, 79725649, 79725764, 80409534, 80409540]","[78590692, 78590696, 78590698, 78633132, 78633134, 78633142, 80409538]",,20260812
Cap1,7,52,0.9176134467124939,1295040,"[78590690, 78590692, 78590696, 78590868, 78633132, 78633134, 78633136, 78633142, 78633144, 79724888, 79725649, 79725764, 80409534, 80409538, 80409540]","[78590035, 78590694, 78590698, 78591080, 78591250, 79725726, 80409536]",,20260812
Cap1,7,53,0.9133521914482117,1295040,"[78590692, 78590696, 78590698, 78590868, 78633132, 78633134, 78633136, 78633144, 79724888, 79725649, 79725726, 79725764, 80409534, 80409536, 80409540]","[323396, 78590037, 78590690, 78590694, 78591250, 79724886, 80409538]",,20260812
Cap1,7,54,0.9138879776000977,1295040,"[78590037, 78590696, 78590698, 78590868, 78591080, 78633132, 78633136, 78633142, 78633144, 79724886, 79724888, 79725726, 79725764, 80409534, 80409538]","[323396, 78590690, 78590692, 78590694, 78591250, 80409536, 80409540]",,20260812
Cap1,7,55,0.899358868598938,1295040,"[323396, 78590035, 78590037, 78590690, 78590696, 78591080, 78633132, 78633136, 78633142, 78633144, 79724886, 79724888, 79725649, 79725726, 80409536]","[78590694, 78590868, 78591250, 78633134, 79725764, 80409534, 80409540]",,20260812
Cap1,7,56,0.9103771448135376,1295040,"[323396, 78590035, 78590690, 78590694, 78590696, 78590868, 78591080, 78633134, 78633136, 78633144, 79724886, 79724888, 79725764, 80409538, 80409540]","[78590037, 78590692, 78633132, 79725649, 79725726, 80409534, 80409536]",,20260812
Cap1,7,57,0.9148353338241577,1295040,"[323396, 78590035, 78590690, 78590692, 78590694, 78590696, 78590698, 78590868, 78591080, 78633134, 78633144, 79724886, 79724888, 79725649, 80409534]","[78590037, 78633132, 78633142, 79725764, 80409536, 80409538, 80409540]",,20260812
Cap1,7,58,0.9261132478713989,1295040,"[323396, 78590035, 78590037, 78590690, 78590692, 78591250, 78633136, 78633142, 78633144, 79725649, 79725726, 79725764, 80409534, 80409536, 80409540]","[78590694, 78590696, 78590698, 78591080, 78633132, 79724888, 80409538]",,20260812
Cap1,7,59,0.9100978970527649,1295040,"[323396, 78590035, 78590692, 78590694, 78590696, 78590868, 78591250, 78633142, 78633144, 79724888, 79725649, 79725726, 79725764, 80409536, 80409540]","[78590690, 78591080, 78633134, 78633136, 79724886, 80409534, 80409538]",,20260812
Cap1,7,60,0.9155668020248413,1295040,"[323396, 78590035, 78590692, 78590694, 78590696, 78590698, 78590868, 78633132, 78633142, 78633144, 79725649, 79725764, 80409534, 80409536, 80409540]","[78590037, 78591250, 78633134, 78633136, 79724886, 79725726, 80409538]",,20260812
Cap1,7,61,0.9213988780975342,1295040,"[323396, 78590037, 78590692, 78590694, 78590696, 78590868, 78591250, 78633132, 78633134, 78633136, 78633144, 79725764, 80409534, 80409536, 80409538]","[78590035, 78590690, 78590698, 78633142, 79724886, 79725649, 80409540]",,20260812
Cap1,7,62,0.9119093418121338,1295040,"[323396, 78590037, 78590692, 78590694, 78590696, 78590698, 78591250, 78633134, 78633136, 78633142, 78633144, 79724886, 79725649, 80409536, 80409538]","[78590035, 78590868, 78591080, 79724888, 79725726, 79725764, 80409540]",,20260812
Cap1,7,63,0.9209080934524536,1295040,"[78590692, 78590694, 78590696, 78590698, 78590868, 78591080, 78633134, 78633136, 78633144, 79724886, 79724888, 79725649, 79725764, 80409538, 80409540]","[78590037, 78590690, 78591250, 78633132, 78633142, 79725726, 80409536]",,20260812
Cap1,7,64,0.9199024438858032,1295040,"[323396, 78590694, 78590698, 78590868, 78591080, 78591250, 78633132, 78633134, 78633136, 78633144, 79724886, 79724888, 79725726, 80409534, 80409536]","[78590035, 78590037, 78590690, 78590692, 78590696, 80409538, 80409540]",,20260812
Cap1,7,65,0.9137319326400757,1295040,"[78590037, 78590690, 78590692, 78590694, 78590696, 78590868, 78591080, 78591250, 78633132, 78633134, 79725649, 79725726, 80409536, 80409538, 80409540]","[78590035, 78590698, 78633144, 79724886, 79724888, 79725764, 80409534]",,20260812
Cap1,7,66,0.904826283454895,1295040,"[323396, 78590690, 78590694, 78590696, 78590868, 78591250, 78633136, 78633144, 79724886, 79724888, 79725649, 79725726, 79725764, 80409534, 80409538]","[78590035, 78590037, 78590692, 78591080, 78633132, 78633134, 78633142]",,20260812
Cap1,7,67,0.9055337309837341,1295040,"[323396, 78590035, 78590690, 78590696, 78591250, 78633132, 78633134, 78633136, 78633142, 78633144, 79724886, 79725726, 80409534, 80409536, 80409538]","[78590037, 78590692, 78590698, 78591080, 79725649, 79725764, 80409540]",,20260812
Cap1,7,68,0.9164724349975586,1295040,"[323396, 78590035, 78590692, 78590698, 78591080, 78591250, 78633132, 78633134, 78633142, 79724886, 79724888, 79725726, 80409534, 80409536, 80409540]","[78590037, 78590690, 78590694, 78590696, 78590868, 78633136, 80409538]",,20260812
Cap1,7,69,0.9038857221603394,1295040,"[323396, 78590037, 78590692, 78590698, 78590868, 78591250, 78633132, 78633136, 78633142, 79724888, 79725649, 79725726, 80409534, 80409536, 80409540]","[78590035, 78590696, 78633134, 78633144, 79724886, 79725764, 80409538]",,20260812
Cap1,7,70,0.9088752865791321,1295040,"[323396, 78590035, 78590690, 78590692, 78590696, 78590698, 78590868, 78633132, 78633136, 78633142, 78633144, 80409534, 80409536, 80409538, 80409540]","[78590037, 78590694, 78591080, 78633134, 79724886, 79725649, 79725764]",,20260812
Cap1,7,71,0.9109368324279785,1295040,"[323396, 78590035, 78590037, 78590690, 78591080, 78633134, 78633136, 78633142, 78633144, 79724886, 79725649, 79725726, 80409534, 80409536, 80409538]","[78590692, 78590694, 78590696, 78590698, 78591250, 79724888, 79725764]",,20260812
Cap1,7,72,0.9199310541152954,1295040,"[323396, 78590035, 78590037, 78590690, 78590694, 78591250, 78633134, 78633142, 78633144, 79724886, 79725726, 79725764, 80409534, 80409538, 80409540]","[78590698, 78590868, 78633132, 78633136, 79724888, 79725649, 80409536]",,20260812
Cap1,7,73,0.913271427154541,1295040,"[323396, 78590690, 78590692, 78590694, 78590698, 78590868, 78633132, 78633134, 79724888, 79725649, 79725726, 80409534, 80409536, 80409538, 80409540]","[78590035, 78590037, 78590696, 78591250, 78633144, 79724886, 79725764]",,20260812
Cap1,7,74,0.9140179753303528,1295040,"[78590035, 78590690, 78590692, 78590694, 78590696, 78590868, 78591080, 78633132, 78633134, 78633136, 78633144, 79724886, 79725649, 80409534, 80409540]","[78590037, 78590698, 78591250, 79724888, 79725764, 80409536, 80409538]",,20260812
Cap1,7,75,0.9152544736862183,1295040,"[323396, 78590035, 78590037, 78590694, 78590698, 78633132, 78633134, 78633136, 78633142, 79724886, 79725649, 79725764, 80409534, 80409538, 80409540]","[78590690, 78590692, 78590696, 78590868, 78591250, 78633144, 79725726]",,20260812
Cap1,7,76,0.9068570137023926,1295040,"[323396, 78590035, 78590690, 78590694, 78590698, 78590868, 78591080, 78591250, 78633132, 78633144, 79725649, 79725726, 79725764, 80409534, 80409536]","[78590696, 78633134, 78633136, 79724886, 79724888, 80409538, 80409540]",,20260812
Cap1,7,77,0.9210872054100037,1295040,"[78590035, 78590690, 78590692, 78590694, 78590698, 78633132, 78633134, 78633136, 78633142, 78633144, 79724888, 79725726, 79725764, 80409534, 80409536]","[78590037, 78590696, 78590868, 78591250, 79724886, 79725649, 80409538]",,20260812
Cap1,7,78,0.9051240682601929,1295040,"[78590035, 78590690, 78590692, 78591080, 78633134, 78633142, 78633144, 79724886, 79724888, 79725649, 79725764, 80409534, 80409536, 80409538, 80409540]","[323396, 78590037, 78590694, 78590696, 78590868, 78591250, 78633132]",,20260812
Cap1,7,79,0.9147623181343079,1295040,"[78590035, 78590690, 78590692, 78590694, 78590698, 78591080, 78633134, 78633136, 78633142, 79724886, 79724888, 79725764, 80409536, 80409538, 80409540]","[323396, 78590696, 78590868, 78591250, 78633132, 78633144, 79725649]",,20260812
Cap1,7,80,0.9217986464500427,1295040,"[78590035, 78590690, 78590692, 78590694, 78590698, 78590868, 78591250, 78633134, 78633142, 78633144, 79724886, 79724888, 79725726, 80409534, 80409538]","[78590037, 78590696, 78591080, 78633132, 79725649, 79725764, 80409536]",,20260812
Cap1,7,81,0.907856822013855,1295040,"[78590035, 78590037, 78590692, 78590694, 78590696, 78590698, 78591080, 78633136, 78633142, 78633144, 79724886, 79724888, 79725649, 79725726, 80409536]","[323396, 78590868, 78633132, 78633134, 80409534, 80409538, 80409540]",,20260812
Cap1,7,82,0.9144750237464905,1295040,"[323396, 78590037, 78590694, 78590698, 78590868, 78591080, 78633132, 78633134, 79724886, 79724888, 79725649, 79725726, 79725764, 80409536, 80409540]","[78590035, 78590690, 78633136, 78633142, 78633144, 80409534, 80409538]",,20260812
Cap1,7,83,0.9077321290969849,1295040,"[323396, 78590035, 78590690, 78590692, 78590694, 78590696, 78590698, 78633132, 78633134, 78633142, 78633144, 79724886, 79724888, 80409534, 80409536]","[78590037, 78591250, 78633136, 79725649, 79725726, 79725764, 80409538]",,20260812
Cap1,7,84,0.919479250907898,1295040,"[323396, 78590037, 78590690, 78590692, 78590694, 78590696, 78591080, 78633132, 78633134, 78633144, 79724888, 79725649, 79725726, 79725764, 80409536]","[78590035, 78590868, 78591250, 78633136, 79724886, 80409534, 80409538]",,20260812
Cap1,7,85,0.9108476638793945,1295040,"[323396, 78590035, 78590690, 78590694, 78590698, 78591080, 78591250, 78633136, 79724888, 79725649, 79725726, 80409534, 80409536, 80409538, 80409540]","[78590037, 78590696, 78633132, 78633134, 78633144, 79724886, 79725764]",,20260812
Cap1,7,86,0.9231000542640686,1295040,"[78590035, 78590037, 78590690, 78590692, 78590696, 78590698, 78591250, 78633132, 78633142, 78633144, 79724886, 79725649, 79725726, 79725764, 80409534]","[78590694, 78590868, 78591080, 78633134, 78633136, 79724888, 80409536]",,20260812
Cap1,7,87,0.9085123538970947,1295040,"[78590035, 78590692, 78590694, 78590696, 78590698, 78591080, 78591250, 78633134, 78633136, 78633144, 79724886, 79724888, 79725649, 80409536, 80409538]","[323396, 78590037, 78590690, 78633132, 79725726, 80409534, 80409540]",,20260812
Cap1,7,88,0.9000891447067261,1295040,"[323396, 78590035, 78590037, 78590692, 78590696, 78591080, 78591250, 78633132, 78633136, 79724886, 79724888, 79725726, 80409534, 80409536, 80409538]","[78590690, 78590694, 78633134, 78633144, 79725649, 79725764, 80409540]",,20260812
Cap1,7,89,0.9172385931015015,1295040,"[323396, 78590037, 78590690, 78590696, 78590698, 78591080, 78591250, 78633134, 78633136, 78633142, 79724888, 79725649, 79725764, 80409536, 80409538]","[78590035, 78590694, 78590868, 78633144, 79724886, 79725726, 80409534]",,20260812
Cap1,7,90,0.9073926210403442,1295040,"[323396, 78590035, 78590692, 78590694, 78590696, 78590698, 78591080, 78633134, 78633142, 78633144, 79724888, 79725726, 79725764, 80409536, 80409540]","[78590690, 78590868, 78591250, 78633132, 78633136, 79724886, 80409538]",,20260812
Cap1,7,91,0.9134813547134399,1295040,"[78590035, 78590037, 78590690, 78590692, 78590696, 78590698, 78633132, 78633136, 78633144, 79724888, 79725649, 79725726, 79725764, 80409538, 80409540]","[78590694, 78590868, 78591080, 78591250, 78633134, 80409534, 80409536]",,20260812
Cap1,7,92,0.9133862257003784,1295040,"[78590035, 78590037, 78590690, 78590692, 78590694, 78590696, 78590868, 78591080, 78633132, 78633134, 78633136, 79724888, 79725764, 80409538, 80409540]","[323396, 78590698, 78633142, 78633144, 79725649, 80409534, 80409536]",,20260812
Cap1,7,93,0.9050907492637634,1295040,"[323396, 78590035, 78590692, 78590694, 78590696, 78591080, 78591250, 78633132, 78633134, 78633142, 78633144, 79724888, 79725764, 80409536, 80409538]","[78590698, 78590868, 78633136, 79724886, 79725649, 80409534, 80409540]",,20260812
Cap1,7,94,0.9090443849563599,1295040,"[323396, 78590037, 78590690, 78590692, 78590696, 78590698, 78633132, 78633134, 78633144, 79724888, 79725726, 80409534, 80409536, 80409538, 80409540]","[78590035, 78590868, 78591250, 78633136, 79724886, 79725649, 79725764]",,20260812
Cap1,7,95,0.9119205474853516,1295040,"[78590035, 78590037, 78590690, 78590692, 78590694, 78590698, 78590868, 78633132, 78633144, 79724886, 79724888, 79725649, 80409534, 80409538, 80409540]","[323396, 78590696, 78591080, 78591250, 78633136, 78633142, 79725764]",,20260812
Cap1,7,96,0.915427565574646,1295040,"[78590037, 78590694, 78590698, 78590868, 78591080, 78591250, 78633132, 78633134, 78633144, 79724886, 79724888, 79725649, 79725726, 80409536, 80409540]","[78590035, 78590690, 78590692, 78590696, 78633136, 80409534, 80409538]",,20260812
Cap1,7,97,0.9073891639709473,1295040,"[323396, 78590035, 78590037, 78590690, 78590694, 78590696, 78590868, 78591080, 78591250, 78633132, 78633142, 78633144, 79724886, 80409534, 80409538]","[78590698, 78633134, 79724888, 79725649, 79725764, 80409536, 80409540]",,20260812
Cap1,7,98,0.9071838855743408,1295040,"[323396, 78590037, 78590696, 78590698, 78590868, 78591080, 78633134, 78633142, 78633144, 79724886, 79724888, 79725649, 79725726, 79725764, 80409536]","[78590692, 78590694, 78591250, 78633132, 78633136, 80409534, 80409540]",,20260812
Cap1,7,99,0.918776273727417,1295040,"[323396, 78590035, 78590037, 78590690, 78590694, 78590696, 78590868, 78591080, 78633136, 78633142, 78633144, 79725649, 79725726, 80409536, 80409538]","[78590692, 78591250, 78633132, 78633134, 79724888, 80409534, 80409540]",,20260812
Cap1,8,0,0.9229192137718201,1295040,"[323396, 78590037, 78590696, 78590698, 78591080, 78591250, 78633132, 78633136, 78633142, 78633144, 79724888, 79725726, 79725764, 80409536, 80409538]","[78590035, 78590690, 78590692, 78590694, 79724886, 79725649, 80409534, 80409540]",,20260812
Cap1,8,1,0.9259614944458008,1295040,"[323396, 78590035, 78590037, 78590692, 78590694, 78590698, 78590868, 78591080, 78633132, 78633142, 78633144, 79724886, 79725764, 80409534, 80409540]","[78590690, 78590696, 78591250, 78633134, 78633136, 79724888, 79725649, 80409538]",,20260812
Cap1,8,2,0.915786623954773,1295040,"[78590035, 78590037, 78590690, 78590692, 78590694, 78590696, 78590868, 78633132, 78633134, 78633136, 78633142, 79724886, 79725649, 79725726, 80409540]","[78590698, 78591250, 78633144, 79724888, 79725764, 80409534, 80409536, 80409538]",,20260812
Cap1,8,3,0.9132262468338013,1295040,"[323396, 78590035, 78590037, 78590690, 78590692, 78590696, 78590698, 78590868, 78591250, 78633132, 79724888, 79725649, 79725726, 80409536, 80409538]","[78590694, 78591080, 78633136, 78633142, 78633144, 79724886, 79725764, 80409534]",,20260812
Cap1,8,4,0.9216898679733276,1295040,"[323396, 78590035, 78590037, 78590692, 78590694, 78591080, 78633132, 78633134, 78633142, 78633144, 79724888, 79725764, 80409536, 80409538, 80409540]","[78590690, 78590696, 78590698, 78591250, 79724886, 79725649, 79725726, 80409534]",,20260812
Cap1,8,5,0.9156293272972107,1295040,"[323396, 78590035, 78590690, 78590696, 78590868, 78591080, 78633132, 78633136, 78633142, 78633144, 79724888, 79725726, 79725764, 80409534, 80409540]","[78590037, 78590692, 78590694, 78633134, 79724886, 79725649, 80409536, 80409538]",,20260812
Cap1,8,6,0.913902759552002,1295040,"[323396, 78590035, 78590692, 78590694, 78591080, 78633134, 78633142, 78633144, 79724886, 79724888, 79725649, 79725726, 79725764, 80409536, 80409540]","[78590037, 78590690, 78590696, 78590868, 78591250, 78633132, 78633136, 80409534]",,20260812
Cap1,8,7,0.919275164604187,1295040,"[78590035, 78590037, 78590690, 78590692, 78590694, 78590698, 78591080, 78633136, 78633142, 79724886, 79724888, 79725649, 79725764, 80409534, 80409540]","[323396, 78590868, 78591250, 78633134, 78633144, 79725726, 80409536, 80409538]",,20260812
Cap1,8,8,0.9217537641525269,1295040,"[323396, 78590692, 78590694, 78590696, 78590698, 78591250, 78633132, 78633136, 78633142, 78633144, 79724886, 79725649, 80409534, 80409538, 80409540]","[78590037, 78590868, 78591080, 78633134, 79724888, 79725726, 79725764, 80409536]",,20260812
Cap1,8,9,0.9173505902290344,1295040,"[323396, 78590035, 78590690, 78590694, 78590698, 78590868, 78591080, 78591250, 78633134, 78633136, 79724886, 79724888, 79725726, 80409536, 80409540]","[78590692, 78590696, 78633142, 78633144, 79725649, 79725764, 80409534, 80409538]",,20260812
Cap1,8,10,0.9291773438453674,1295040,"[78590035, 78590690, 78590692, 78590694, 78590698, 78591250, 78633132, 78633134, 78633142, 78633144, 79724886, 79724888, 79725764, 80409534, 80409538]","[78590037, 78590696, 78590868, 78591080, 78633136, 79725649, 79725726, 80409536]",,20260812
Cap1,8,11,0.9212086200714111,1295040,"[323396, 78590035, 78590037, 78633132, 78633136, 78633142, 78633144, 79724886, 79724888, 79725726, 79725764, 80409534, 80409536, 80409538, 80409540]","[78590690, 78590692, 78590694, 78590696, 78590698, 78591250, 78633134, 79725649]",,20260812
Cap1,8,12,0.9179177284240723,1295040,"[78590037, 78590690, 78590692, 78590696, 78591080, 78633132, 78633136, 78633142, 78633144, 79724886, 79725726, 79725764, 80409534, 80409536, 80409540]","[323396, 78590694, 78590698, 78590868, 78591250, 79724888, 79725649, 80409538]",,20260812
Cap1,8,13,0.9116566181182861,1295040,"[323396, 78590037, 78590692, 78590696, 78590698, 78591080, 78591250, 78633132, 78633134, 78633136, 78633142, 79724886, 79724888, 79725649, 80409538]","[78590690, 78590694, 78590868, 78633144, 79725726, 79725764, 80409536, 80409540]",,20260812
Cap1,8,14,0.9173222780227661,1295040,"[78590035, 78590037, 78590690, 78590696, 78590698, 78590868, 78591080, 78591250, 78633132, 78633144, 79725649, 79725726, 80409534, 80409536, 80409540]","[323396, 78590692, 78590694, 78633134, 78633142, 79724886, 79724888, 79725764]",,20260812
Cap1,8,15,0.9245374202728271,1295040,"[323396, 78590035, 78590037, 78590692, 78590694, 78590696, 78590868, 78591080, 78633134, 78633144, 79725726, 79725764, 80409536, 80409538, 80409540]","[78590690, 78590698, 78591250, 78633136, 78633142, 79724886, 79724888, 79725649]",,20260812
Cap1,8,16,0.9171346426010132,1295040,"[78590037, 78590690, 78590692, 78590694, 78590868, 78591250, 78633134, 78633136, 78633144, 79724886, 79725649, 79725726, 80409534, 80409536, 80409538]","[323396, 78590035, 78590698, 78633132, 78633142, 79724888, 79725764, 80409540]",,20260812
Cap1,8,17,0.9045336842536926,1295040,"[323396, 78590694, 78590696, 78591080, 78591250, 78633136, 78633142, 79724886, 79724888, 79725726, 79725764, 80409534, 80409536, 80409538, 80409540]","[78590037, 78590690, 78590692, 78590698, 78590868, 78633132, 78633134, 79725649]",,20260812
Cap1,8,18,0.9184026122093201,1295040,"[323396, 78590035, 78590037, 78590692, 78590694, 78590698, 78590868, 78591080, 78633132, 78633136, 78633142, 79725726, 80409534, 80409536, 80409538]","[78590690, 78590696, 78591250, 78633134, 78633144, 79725649, 79725764, 80409540]",,20260812
Cap1,8,19,0.9078854322433472,1295040,"[323396, 78590692, 78590694, 78590868, 78591080, 78591250, 78633136, 78633142, 79724886, 79724888, 79725649, 79725764, 80409534, 80409536, 80409540]","[78590035, 78590037, 78590690, 78590696, 78590698, 78633132, 78633134, 78633144]",,20260812
Cap1,8,20,0.9286553859710693,1295040,"[78590692, 78590694, 78590696, 78590698, 78590868, 78633132, 78633134, 78633136, 78633142, 78633144, 79724886, 79724888, 79725649, 79725764, 80409534]","[323396, 78590035, 78590037, 78591080, 78591250, 80409536, 80409538, 80409540]",,20260812
Cap1,8,21,0.9229001998901367,1295040,"[78590035, 78590037, 78590692, 78590698, 78591250, 78633132, 78633136, 78633142, 78633144, 79724886, 79724888, 79725649, 80409534, 80409538, 80409540]","[323396, 78590694, 78590868, 78591080, 78633134, 79725726, 79725764, 80409536]",,20260812
Cap1,8,22,0.9267640113830566,1295040,"[78590037, 78590690, 78590692, 78590696, 78590868, 78591080, 78591250, 78633132, 78633144, 79724888, 79725649, 80409534, 80409536, 80409538, 80409540]","[323396, 78590035, 78590694, 78590698, 78633134, 78633142, 79724886, 79725726]",,20260812
Cap1,8,23,0.917259156703949,1295040,"[323396, 78590035, 78590037, 78590692, 78590696, 78590698, 78590868, 78591250, 78633132, 78633144, 79724886, 79725726, 80409536, 80409538, 80409540]","[78590694, 78591080, 78633134, 78633136, 79724888, 79725649, 79725764, 80409534]",,20260812
Cap1,8,24,0.9166953563690186,1295040,"[323396, 78590690, 78590694, 78590868, 78591080, 78591250, 78633142, 79724886, 79724888, 79725649, 79725726, 79725764, 80409534, 80409536, 80409538]","[78590035, 78590037, 78590692, 78590696, 78633132, 78633134, 78633136, 78633144]",,20260812
Cap1,8,25,0.9302416443824768,1295040,"[78590037, 78590868, 78591250, 78633132, 78633134, 78633136, 78633142, 78633144, 79724886, 79724888, 79725649, 79725726, 80409534, 80409538, 80409540]","[323396, 78590035, 78590690, 78590692, 78590694, 78590698, 79725764, 80409536]",,20260812
Cap1,8,26,0.9141742587089539,1295040,"[323396, 78590035, 78590037, 78590690, 78590694, 78590696, 78590698, 78591080, 78633132, 78633134, 78633142, 79724886, 79725649, 79725726, 80409540]","[78590868, 78591250, 78633136, 79724888, 79725764, 80409534, 80409536, 80409538]",,20260812
Cap1,8,27,0.9135557413101196,1295040,"[323396, 78590035, 78590037, 78590692, 78590694, 78590696, 78590698, 78590868, 78591080, 78633134, 79724886, 79724888, 79725726, 80409534, 80409538]","[78590690, 78591250, 78633136, 78633142, 78633144, 79725764, 80409536, 80409540]",,20260812
Cap1,8,28,0.9120785593986511,1295040,"[323396, 78590037, 78590690, 78590694, 78590696, 78590698, 78590868, 78591080, 78591250, 78633132, 78633136, 78633142, 79724886, 79725726, 79725764]","[78590035, 78590692, 78633134, 78633144, 79724888, 79725649, 80409534, 80409536]",,20260812
Cap1,8,29,0.917309045791626,1295040,"[78590035, 78590037, 78590696, 78590698, 78591080, 78633132, 78633134, 78633136, 78633142, 78633144, 79724888, 79725649, 79725726, 79725764, 80409536]","[323396, 78590690, 78590692, 78590694, 78590868, 78591250, 80409534, 80409540]",,20260812
Cap1,8,30,0.9312592148780823,1295040,"[78590035, 78590037, 78590868, 78591250, 78633134, 78633136, 78633142, 78633144, 79724886, 79724888, 79725649, 79725764, 80409536, 80409538, 80409540]","[78590690, 78590692, 78590694, 78590696, 78590698, 78633132, 79725726, 80409534]",,20260812
Cap1,8,31,0.9159247875213623,1295040,"[323396, 78590035, 78590037, 78590690, 78590692, 78590698, 78591080, 78591250, 78633132, 78633134, 78633136, 78633142, 78633144, 79725726, 80409540]","[78590696, 78590868, 79724886, 79724888, 79725649, 79725764, 80409536, 80409538]",,20260812
Cap1,8,32,0.9163632392883301,1295040,"[78590035, 78590037, 78590690, 78590698, 78591250, 78633132, 78633134, 78633144, 79724888, 79725649, 79725726, 80409534, 80409536, 80409538, 80409540]","[323396, 78590692, 78590694, 78590868, 78591080, 78633142, 79724886, 79725764]",,20260812
Cap1,8,33,0.9200271368026733,1295040,"[323396, 78590035, 78590037, 78590692, 78590694, 78591250, 78633134, 78633142, 79724886, 79724888, 79725649, 80409534, 80409536, 80409538, 80409540]","[78590690, 78590696, 78590698, 78590868, 78633132, 78633136, 78633144, 79725764]",,20260812
Cap1,8,34,0.9224127531051636,1295040,"[323396, 78590035, 78590037, 78590690, 78590692, 78591250, 78633132, 78633136, 78633142, 79724886, 79724888, 79725649, 79725726, 80409534, 80409536]","[78590696, 78590698, 78590868, 78633134, 78633144, 79725764, 80409538, 80409540]",,20260812
Cap1,8,35,0.9141786098480225,1295040,"[78590035, 78590037, 78590690, 78590692, 78590694, 78590698, 78590868, 78591080, 78633142, 78633144, 79725726, 80409534, 80409536, 80409538, 80409540]","[323396, 78591250, 78633132, 78633134, 78633136, 79724886, 79724888, 79725649]",,20260812
Cap1,8,36,0.9148430228233337,1295040,"[78590037, 78590690, 78590692, 78590696, 78590698, 78590868, 78591250, 78633132, 78633136, 78633142, 78633144, 79725726, 79725764, 80409534, 80409536]","[323396, 78590035, 78590694, 78633134, 79724886, 79724888, 79725649, 80409540]",,20260812
Cap1,8,37,0.9250109791755676,1295040,"[323396, 78590035, 78590037, 78590690, 78590692, 78590698, 78591080, 78591250, 78633134, 78633136, 79724886, 79724888, 79725726, 79725764, 80409534]","[78590694, 78590696, 78590868, 78633142, 78633144, 79725649, 80409536, 80409540]",,20260812
Cap1,8,38,0.9197263717651367,1295040,"[78590037, 78590690, 78590692, 78590696, 78590868, 78591080, 78591250, 78633134, 78633142, 78633144, 79725649, 79725726, 80409536, 80409538, 80409540]","[323396, 78590035, 78590694, 78590698, 78633136, 79724886, 79724888, 79725764]",,20260812
Cap1,8,39,0.9251613616943359,1295040,"[78590690, 78590692, 78590696, 78590698, 78590868, 78591250, 78633132, 78633136, 78633144, 79724888, 79725649, 79725764, 80409536, 80409538, 80409540]","[323396, 78590035, 78590037, 78590694, 78633134, 78633142, 79724886, 80409534]",,20260812
Cap1,8,40,0.9180802702903748,1295040,"[323396, 78590694, 78590698, 78591250, 78633132, 78633134, 78633144, 79724886, 79724888, 79725649, 79725726, 79725764, 80409534, 80409536, 80409540]","[78590035, 78590037, 78590692, 78590696, 78590868, 78591080, 78633136, 78633142]",,20260812
Cap1,8,41,0.9117612242698669,1295040,"[323396, 78590690, 78590692, 78590694, 78590868, 78591080, 78591250, 78633132, 78633134, 78633144, 79724886, 79725649, 79725726, 79725764, 80409540]","[78590035, 78590037, 78590696, 78590698, 79724888, 80409534, 80409536, 80409538]",,20260812
Cap1,8,42,0.9232680797576904,1295040,"[323396, 78590037, 78590690, 78590692, 78590694, 78590696, 78590698, 78590868, 78633142, 79724886, 79725649, 79725726, 79725764, 80409536, 80409538]","[78591080, 78591250, 78633132, 78633134, 78633136, 79724888, 80409534, 80409540]",,20260812
Cap1,8,43,0.9217222929000854,1295040,"[78590035, 78590037, 78590694, 78590696, 78591250, 78633134, 78633136, 78633142, 78633144, 79724886, 79725649, 79725726, 80409536, 80409538, 80409540]","[78590690, 78590698, 78590868, 78591080, 78633132, 79724888, 79725764, 80409534]",,20260812
Cap1,8,44,0.9268892407417297,1295040,"[323396, 78590035, 78590037, 78590690, 78590694, 78590698, 78591080, 78633134, 78633136, 78633142, 78633144, 79725649, 79725764, 80409536, 80409538]","[78590692, 78590696, 78590868, 78591250, 79724886, 79724888, 79725726, 80409540]",,20260812
Cap1,8,45,0.923202633857727,1295040,"[78590035, 78590690, 78590692, 78590698, 78590868, 78591080, 78633132, 78633136, 78633144, 79724886, 79724888, 79725649, 79725726, 79725764, 80409538]","[323396, 78590037, 78590694, 78590696, 78591250, 78633134, 78633142, 80409534]",,20260812
Cap1,8,46,0.9177730083465576,1295040,"[78590035, 78590690, 78590692, 78590694, 78590698, 78590868, 78591080, 78591250, 78633144, 79724888, 79725726, 79725764, 80409534, 80409536, 80409538]","[78590037, 78590696, 78633132, 78633136, 78633142, 79724886, 79725649, 80409540]",,20260812
Cap1,8,47,0.9252333045005798,1295040,"[78590035, 78590690, 78590692, 78590694, 78590698, 78633134, 78633136, 78633142, 78633144, 79724886, 79725726, 79725764, 80409534, 80409536, 80409538]","[323396, 78590037, 78590696, 78590868, 78591080, 78633132, 79725649, 80409540]",,20260812
Cap1,8,48,0.9207095503807068,1295040,"[78590692, 78590694, 78590698, 78590868, 78591080, 78633132, 78633134, 78633142, 78633144, 79724886, 79725649, 80409534, 80409536, 80409538, 80409540]","[323396, 78590037, 78590690, 78591250, 78633136, 79724888, 79725726, 79725764]",,20260812
Cap1,8,49,0.914240300655365,1295040,"[78590690, 78590696, 78590698, 78590868, 78591080, 78633132, 78633134, 78633144, 79724886, 79724888, 79725649, 79725726, 80409536, 80409538, 80409540]","[323396, 78590035, 78590037, 78590694, 78591250, 78633136, 79725764, 80409534]",,20260812
Cap1,8,50,0.9253004193305969,1295040,"[323396, 78590037, 78590690, 78590692, 78591080, 78591250, 78633132, 78633136, 78633144, 79725649, 79725726, 80409534, 80409536, 80409538, 80409540]","[78590035, 78590694, 78590698, 78590868, 78633134, 78633142, 79724886, 79725764]",,20260812
Cap1,8,51,0.9176293611526489,1295040,"[78590035, 78590690, 78590692, 78590694, 78590696, 78590698, 78590868, 78591250, 78633132, 78633142, 79724886, 79725726, 79725764, 80409534, 80409536]","[323396, 78590037, 78591080, 78633134, 78633136, 78633144, 79725649, 80409540]",,20260812
Cap1,8,52,0.9173641204833984,1295040,"[323396, 78590035, 78590037, 78590690, 78590692, 78590696, 78590868, 78633132, 78633136, 78633142, 79724886, 79724888, 79725764, 80409536, 80409538]","[78590698, 78591080, 78591250, 78633134, 78633144, 79725649, 79725726, 80409534]",,20260812
Cap1,8,53,0.922824501991272,1295040,"[323396, 78590037, 78590690, 78590694, 78590696, 78590868, 78591080, 78591250, 78633132, 78633136, 78633144, 79725649, 80409534, 80409536, 80409538]","[78590035, 78590692, 78590698, 78633142, 79724886, 79724888, 79725764, 80409540]",,20260812
Cap1,8,54,0.9129011631011963,1295040,"[78590035, 78590690, 78590692, 78590696, 78590698, 78590868, 78591080, 78633134, 78633136, 78633144, 79725649, 79725726, 79725764, 80409538, 80409540]","[323396, 78590694, 78591250, 78633132, 78633142, 79724886, 80409534, 80409536]",,20260812
Cap1,8,55,0.9170358777046204,1295040,"[78590035, 78590692, 78590696, 78590698, 78590868, 78591080, 78633132, 78633134, 78633144, 79724888, 79725649, 79725764, 80409536, 80409538, 80409540]","[323396, 78590037, 78590690, 78590694, 78591250, 79724886, 79725726, 80409534]",,20260812
Cap1,8,56,0.914840817451477,1295040,"[78590037, 78590690, 78590694, 78590696, 78591250, 78633134, 78633136, 78633144, 79724888, 79725649, 79725726, 79725764, 80409534, 80409538, 80409540]","[323396, 78590035, 78590692, 78590698, 78591080, 78633142, 79724886, 80409536]",,20260812
Cap1,8,57,0.9119130373001099,1295040,"[323396, 78590035, 78590037, 78590690, 78590694, 78590696, 78590698, 78590868, 78591080, 78591250, 78633134, 79724886, 79725764, 80409538, 80409540]","[78590692, 78633132, 78633142, 78633144, 79724888, 79725726, 80409534, 80409536]",,20260812
Cap1,8,58,0.9189925193786621,1295040,"[78590690, 78590694, 78590696, 78590698, 78591080, 78591250, 78633132, 78633136, 78633144, 79724886, 79725764, 80409534, 80409536, 80409538, 80409540]","[323396, 78590035, 78590037, 78590692, 78633134, 79724888, 79725649, 79725726]",,20260812
Cap1,8,59,0.9199197888374329,1295040,"[323396, 78590035, 78590696, 78591080, 78591250, 78633132, 78633136, 78633142, 78633144, 79724886, 79725649, 79725726, 80409534, 80409538, 80409540]","[78590037, 78590690, 78590692, 78590698, 78633134, 79724888, 79725764, 80409536]",,20260812
Cap1,8,60,0.920939564704895,1295040,"[78590692, 78590696, 78590868, 78591080, 78591250, 78633132, 78633134, 78633142, 78633144, 79724886, 79724888, 80409534, 80409536, 80409538, 80409540]","[323396, 78590035, 78590037, 78590694, 78590698, 79725649, 79725726, 79725764]",,20260812
Cap1,8,61,0.9143668413162231,1295040,"[78590037, 78590696, 78590698, 78590868, 78633132, 78633134, 78633142, 79724886, 79724888, 79725649, 79725726, 79725764, 80409536, 80409538, 80409540]","[78590035, 78590690, 78590692, 78590694, 78591080, 78591250, 78633144, 80409534]",,20260812
Cap1,8,62,0.9238766431808472,1295040,"[323396, 78590035, 78590037, 78590690, 78590694, 78590698, 78590868, 78591080, 78633132, 78633142, 79725649, 79725764, 80409536, 80409538, 80409540]","[78590692, 78590696, 78591250, 78633134, 78633136, 78633144, 79724886, 80409534]",,20260812
Cap1,8,63,0.9169912338256836,1295040,"[323396, 78590037, 78590692, 78590694, 78590698, 78590868, 78633134, 78633142, 79724888, 79725649, 79725764, 80409534, 80409536, 80409538, 80409540]","[78590035, 78590696, 78591250, 78633132, 78633136, 78633144, 79724886, 79725726]",,20260812
Cap1,8,64,0.9244673252105713,1295040,"[323396, 78590690, 78590694, 78590696, 78591250, 78633134, 78633142, 78633144, 79725649, 79725726, 79725764, 80409534, 80409536, 80409538, 80409540]","[78590035, 78590692, 78590698, 78590868, 78633132, 78633136, 79724886, 79724888]",,20260812
Cap1,8,65,0.9230327010154724,1295040,"[323396, 78590692, 78590696, 78590698, 78591250, 78633132, 78633144, 79724886, 79724888, 79725726, 79725764, 80409534, 80409536, 80409538, 80409540]","[78590035, 78590037, 78590690, 78590694, 78590868, 78633134, 78633136, 78633142]",,20260812
Cap1,8,66,0.9277963042259216,1295040,"[323396, 78590690, 78590694, 78590696, 78590698, 78633134, 78633136, 78633142, 78633144, 79724886, 79725726, 80409534, 80409536, 80409538, 80409540]","[78590035, 78590037, 78590692, 78590868, 78591080, 78633132, 79725649, 79725764]",,20260812
Cap1,8,67,0.9214856624603271,1295040,"[323396, 78590035, 78590037, 78590690, 78590694, 78590696, 78591250, 78633134, 79724888, 79725649, 79725726, 79725764, 80409534, 80409536, 80409540]","[78590692, 78590698, 78590868, 78591080, 78633132, 78633142, 79724886, 80409538]",,20260812
Cap1,8,68,0.9042115807533264,1295040,"[323396, 78590035, 78590037, 78590690, 78590694, 78590696, 78590698, 78590868, 78633132, 78633136, 78633142, 78633144, 79724888, 79725649, 79725726]","[78590692, 78591080, 78633134, 79724886, 80409534, 80409536, 80409538, 80409540]",,20260812
Cap1,8,69,0.9161931276321411,1295040,"[78590035, 78590037, 78590694, 78590698, 78591080, 78591250, 78633132, 78633134, 78633136, 78633142, 79724888, 79725649, 79725764, 80409534, 80409538]","[323396, 78590696, 78590868, 78633144, 79724886, 79725726, 80409536, 80409540]",,20260812
Cap1,8,70,0.928301990032196,1295040,"[78590035, 78590690, 78590694, 78590698, 78591080, 78633132, 78633134, 78633136, 79724886, 79724888, 79725649, 80409534, 80409536, 80409538, 80409540]","[323396, 78590037, 78590692, 78590696, 78590868, 78591250, 78633142, 79725726]",,20260812
Cap1,8,71,0.9201933741569519,1295040,"[323396, 78590690, 78590692, 78590698, 78591080, 78633134, 78633142, 78633144, 79724886, 79724888, 79725764, 80409534, 80409536, 80409538, 80409540]","[78590035, 78590037, 78590694, 78590868, 78633132, 78633136, 79725649, 79725726]",,20260812
Cap1,8,72,0.9236546754837036,1295040,"[323396, 78590035, 78590037, 78590690, 78590692, 78590694, 78590868, 78591250, 78633132, 78633134, 78633144, 79724886, 79724888, 79725649, 80409536]","[78590696, 78590698, 78591080, 78633136, 79725726, 79725764, 80409534, 80409538]",,20260812
Cap1,8,73,0.9174124002456665,1295040,"[323396, 78590035, 78590690, 78590694, 78590696, 78590698, 78590868, 78591250, 79724886, 79724888, 79725649, 79725726, 80409536, 80409538, 80409540]","[78590037, 78590692, 78591080, 78633132, 78633134, 78633142, 78633144, 79725764]",,20260812
Cap1,8,74,0.926641583442688,1295040,"[323396, 78590037, 78590690, 78590692, 78590696, 78590868, 78591250, 78633136, 79724886, 79724888, 79725649, 79725726, 79725764, 80409534, 80409536]","[78590035, 78590698, 78591080, 78633132, 78633134, 78633142, 78633144, 80409538]",,20260812
Cap1,8,75,0.9291632175445557,1295040,"[78590035, 78590037, 78590692, 78590868, 78591080, 78591250, 78633132, 78633134, 78633144, 79724886, 79724888, 79725649, 79725726, 80409538, 80409540]","[323396, 78590690, 78590694, 78590696, 78590698, 78633142, 80409534, 80409536]",,20260812
Cap1,8,76,0.9171697497367859,1295040,"[323396, 78590035, 78590037, 78590694, 78590696, 78591080, 78591250, 78633134, 78633136, 78633142, 79725726, 79725764, 80409534, 80409538, 80409540]","[78590690, 78590692, 78590868, 78633132, 78633144, 79724886, 79725649, 80409536]",,20260812
Cap1,8,77,0.9170669317245483,1295040,"[78590035, 78590037, 78590692, 78590694, 78590868, 78591250, 78633134, 78633136, 78633144, 79724886, 79725726, 79725764, 80409536, 80409538, 80409540]","[323396, 78590690, 78590696, 78591080, 78633132, 79724888, 79725649, 80409534]",,20260812
Cap1,8,78,0.9197759032249451,1295040,"[323396, 78590035, 78590037, 78590690, 78590696, 78590868, 78591080, 78591250, 78633134, 78633136, 79724886, 79724888, 79725764, 80409536, 80409538]","[78590692, 78590698, 78633132, 78633144, 79725649, 79725726, 80409534, 80409540]",,20260812
Cap1,8,79,0.9298525452613831,1295040,"[323396, 78590035, 78590037, 78590690, 78590692, 78590696, 78590868, 78591250, 78633142, 78633144, 79724888, 79725649, 79725726, 80409538, 80409540]","[78590694, 78590698, 78591080, 78633132, 78633134, 78633136, 79725764, 80409536]",,20260812
Cap1,8,80,0.9023798108100891,1295040,"[323396, 78590037, 78590690, 78590696, 78590698, 78590868, 78633132, 78633134, 78633142, 78633144, 79724886, 79724888, 79725649, 79725726, 80409536]","[78590035, 78590694, 78591080, 78591250, 79725764, 80409534, 80409538, 80409540]",,20260812
Cap1,8,81,0.9138996601104736,1295040,"[78590035, 78590690, 78590694, 78590696, 78590868, 78591080, 78591250, 78633134, 78633136, 79724886, 79724888, 79725649, 79725764, 80409534, 80409540]","[323396, 78590037, 78590692, 78590698, 78633142, 78633144, 79725726, 80409538]",,20260812
Cap1,8,82,0.9136577248573303,1295040,"[78590037, 78590692, 78590694, 78590698, 78590868, 78591080, 78633134, 78633136, 78633142, 78633144, 79725649, 79725764, 80409534, 80409536, 80409540]","[78590035, 78590696, 78591250, 78633132, 79724886, 79724888, 79725726, 80409538]",,20260812
Cap1,8,83,0.9219036102294922,1295040,"[78590690, 78590692, 78590696, 78590698, 78590868, 78591250, 78633132, 78633134, 78633136, 78633142, 79724888, 79725726, 79725764, 80409536, 80409540]","[323396, 78590035, 78590037, 78591080, 78633144, 79725649, 80409534, 80409538]",,20260812
Cap1,8,84,0.9185851812362671,1295040,"[323396, 78590035, 78590690, 78590698, 78590868, 78591250, 78633132, 78633134, 78633136, 78633142, 78633144, 79725649, 79725726, 79725764, 80409540]","[78590037, 78590692, 78590694, 78591080, 79724886, 79724888, 80409534, 80409538]",,20260812
Cap1,8,85,0.928500235080719,1295040,"[323396, 78590035, 78590037, 78590690, 78590692, 78590698, 78590868, 78591250, 78633142, 78633144, 79724886, 79724888, 79725649, 80409536, 80409540]","[78590694, 78590696, 78591080, 78633132, 78633134, 78633136, 79725726, 79725764]",,20260812
Cap1,8,86,0.914857029914856,1295040,"[323396, 78590035, 78590037, 78590692, 78590698, 78590868, 78591080, 78633132, 78633136, 79724886, 79724888, 79725649, 79725726, 80409534, 80409538]","[78590694, 78590696, 78633134, 78633142, 78633144, 79725764, 80409536, 80409540]",,20260812
Cap1,8,87,0.9196490049362183,1295040,"[78590037, 78590694, 78590696, 78590698, 78590868, 78591080, 78591250, 78633136, 78633144, 79724886, 79725726, 79725764, 80409534, 80409538, 80409540]","[323396, 78590035, 78590690, 78590692, 78633134, 79724888, 79725649, 80409536]",,20260812
Cap1,8,88,0.921271800994873,1295040,"[323396, 78590037, 78590694, 78590696, 78590868, 78591250, 78633132, 78633134, 78633136, 78633142, 79724886, 79724888, 79725649, 79725726, 79725764]","[78590035, 78590690, 78590698, 78591080, 80409534, 80409536, 80409538, 80409540]",,20260812
Cap1,8,89,0.9210081696510315,1295040,"[323396, 78590690, 78590692, 78590694, 78590696, 78590698, 78591080, 78591250, 78633142, 78633144, 79724886, 79724888, 79725726, 80409534, 80409540]","[78590035, 78590037, 78590868, 78633134, 78633136, 79725649, 79725764, 80409536]",,20260812
Cap1,8,90,0.920241117477417,1295040,"[78590035, 78590037, 78590694, 78591080, 78591250, 78633132, 78633134, 78633142, 79724888, 79725649, 79725726, 79725764, 80409534, 80409536, 80409540]","[323396, 78590692, 78590696, 78590868, 78633136, 78633144, 79724886, 80409538]",,20260812
Cap1,8,91,0.9218736886978149,1295040,"[323396, 78590692, 78590694, 78590868, 78591080, 78633136, 78633142, 78633144, 79724886, 79724888, 79725649, 80409534, 80409536, 80409538, 80409540]","[78590035, 78590690, 78590696, 78590698, 78591250, 78633132, 78633134, 79725726]",,20260812
Cap1,8,92,0.9158637523651123,1295040,"[78590035, 78590690, 78590694, 78590696, 78633132, 78633136, 78633142, 78633144, 79724886, 79724888, 79725649, 79725726, 79725764, 80409538, 80409540]","[323396, 78590037, 78590698, 78590868, 78591080, 78633134, 80409534, 80409536]",,20260812
Cap1,8,93,0.9264025688171387,1295040,"[78590037, 78590690, 78590692, 78591080, 78591250, 78633132, 78633134, 78633136, 78633144, 79724886, 79724888, 79725649, 79725764, 80409534, 80409536]","[323396, 78590694, 78590696, 78590698, 78590868, 78633142, 79725726, 80409538]",,20260812
Cap1,8,94,0.9298945665359497,1295040,"[323396, 78590037, 78590868, 78591080, 78591250, 78633132, 78633134, 78633136, 78633142, 79724886, 79725726, 79725764, 80409534, 80409538, 80409540]","[78590035, 78590692, 78590694, 78590698, 78633144, 79724888, 79725649, 80409536]",,20260812
Cap1,8,95,0.9294633865356445,1295040,"[323396, 78590690, 78590692, 78590694, 78590696, 78590698, 78591080, 78633134, 78633136, 78633144, 79724886, 79724888, 79725649, 79725726, 80409540]","[78590035, 78590037, 78590868, 78591250, 78633132, 78633142, 80409534, 80409536]",,20260812
Cap1,8,96,0.9288390874862671,1295040,"[78590035, 78590694, 78590696, 78590698, 78591080, 78633132, 78633136, 78633144, 79724886, 79725649, 79725726, 79725764, 80409534, 80409536, 80409540]","[78590037, 78590690, 78590692, 78591250, 78633134, 78633142, 79724888, 80409538]",,20260812
Cap1,8,97,0.9113309383392334,1295040,"[78590037, 78590690, 78590696, 78590698, 78590868, 78591080, 78633132, 78633136, 78633142, 78633144, 79724886, 79724888, 80409534, 80409538, 80409540]","[323396, 78590035, 78590694, 78591250, 78633134, 79725726, 79725764, 80409536]",,20260812
Cap1,8,98,0.9155446290969849,1295040,"[78590035, 78590690, 78590692, 78590694, 78590696, 78591080, 78633132, 78633134, 78633142, 79724888, 79725649, 79725726, 79725764, 80409538, 80409540]","[323396, 78590037, 78590698, 78590868, 78591250, 78633136, 78633144, 80409536]",,20260812
Cap1,8,99,0.9174143075942993,1295040,"[323396, 78590035, 78590692, 78590694, 78590696, 78590698, 78590868, 78591250, 78633132, 78633134, 78633142, 79724886, 79725726, 80409534, 80409538]","[78590690, 78591080, 78633136, 79724888, 79725649, 79725764, 80409536, 80409540]",,20260812
Cap1,9,0,0.91778165102005,1295040,"[323396, 78590035, 78590692, 78590694, 78591080, 78633134, 78633136, 78633142, 78633144, 79724886, 79724888, 79725649, 79725726, 79725764, 80409540]","[78590037, 78590690, 78590698, 78590868, 78591250, 78633132, 80409534, 80409536, 80409538]",,20260812
Cap1,9,1,0.9352899789810181,1295040,"[323396, 78590035, 78590037, 78590690, 78590692, 78591250, 78633142, 78633144, 79724886, 79724888, 79725649, 79725764, 80409534, 80409538, 80409540]","[78590694, 78590698, 78590868, 78591080, 78633132, 78633134, 78633136, 79725726, 80409536]",,20260812
Cap1,9,2,0.9271367788314819,1295040,"[323396, 78590035, 78590037, 78590698, 78590868, 78591250, 78633132, 78633134, 78633144, 79725649, 79725726, 79725764, 80409534, 80409536, 80409540]","[78590690, 78590692, 78590694, 78590696, 78591080, 78633136, 79724886, 79724888, 80409538]",,20260812
Cap1,9,3,0.9190662503242493,1295040,"[323396, 78590690, 78590694, 78591250, 78633134, 78633136, 78633144, 79724886, 79724888, 79725649, 79725726, 80409534, 80409536, 80409538, 80409540]","[78590035, 78590037, 78590692, 78590696, 78590698, 78590868, 78633132, 78633142, 79725764]",,20260812
Cap1,9,4,0.9316335916519165,1295040,"[78590035, 78590037, 78590690, 78590692, 78590868, 78591250, 78633132, 78633134, 78633144, 79724886, 79724888, 79725649, 79725726, 79725764, 80409540]","[323396, 78590694, 78590698, 78591080, 78633136, 78633142, 80409534, 80409536, 80409538]",,20260812
Cap1,9,5,0.9258118867874146,1295040,"[323396, 78590035, 78590690, 78590694, 78590696, 78590698, 78590868, 78633132, 78633136, 78633142, 78633144, 79724888, 79725726, 80409538, 80409540]","[78590037, 78591080, 78591250, 78633134, 79724886, 79725649, 79725764, 80409534, 80409536]",,20260812
Cap1,9,6,0.9275010824203491,1295040,"[323396, 78590037, 78590692, 78590694, 78590868, 78591080, 78591250, 78633132, 78633134, 78633142, 79724886, 79725649, 79725726, 80409536, 80409538]","[78590035, 78590690, 78590696, 78590698, 78633136, 78633144, 79725764, 80409534, 80409540]",,20260812
Cap1,9,7,0.9135878086090088,1295040,"[323396, 78590037, 78590690, 78590692, 78590694, 78590698, 78591250, 78633132, 78633134, 78633136, 78633142, 79724886, 79725649, 80409536, 80409538]","[78590035, 78590696, 78591080, 78633144, 79724888, 79725726, 79725764, 80409534, 80409540]",,20260812
Cap1,9,8,0.934986412525177,1295040,"[323396, 78590694, 78590698, 78590868, 78591080, 78633132, 78633136, 78633142, 78633144, 79725649, 79725764, 80409534, 80409536, 80409538, 80409540]","[78590035, 78590037, 78590690, 78590692, 78590696, 78591250, 78633134, 79724888, 79725726]",,20260812
Cap1,9,9,0.927146852016449,1295040,"[78590035, 78590690, 78590692, 78590694, 78590696, 78590698, 78590868, 78591080, 78633132, 78633136, 79724888, 79725726, 79725764, 80409536, 80409540]","[323396, 78590037, 78591250, 78633134, 78633142, 78633144, 79725649, 80409534, 80409538]",,20260812
Cap1,9,10,0.914109468460083,1295040,"[323396, 78590035, 78590037, 78590692, 78590694, 78590696, 78590698, 78590868, 78591250, 78633134, 78633136, 78633142, 79725726, 79725764, 80409536]","[78591080, 78633132, 78633144, 79724886, 79724888, 79725649, 80409534, 80409538, 80409540]",,20260812
Cap1,9,11,0.9241191744804382,1295040,"[323396, 78590035, 78590690, 78590692, 78590694, 78590696, 78590698, 78590868, 78591080, 78633134, 78633136, 78633144, 79724888, 79725764, 80409534]","[78590037, 78591250, 78633132, 79724886, 79725649, 79725726, 80409536, 80409538, 80409540]",,20260812
Cap1,9,12,0.9230998158454895,1295040,"[78590035, 78590037, 78590690, 78590694, 78591250, 78633132, 78633134, 78633136, 78633142, 78633144, 79724888, 79725764, 80409534, 80409536, 80409540]","[323396, 78590692, 78590696, 78590698, 78590868, 78591080, 79725649, 79725726, 80409538]",,20260812
Cap1,9,13,0.9273868799209595,1295040,"[323396, 78590035, 78590690, 78590694, 78590696, 78590698, 78591250, 78633132, 78633144, 79724888, 79725649, 79725726, 79725764, 80409534, 80409538]","[78590037, 78590692, 78590868, 78591080, 78633134, 78633136, 79724886, 80409536, 80409540]",,20260812
Cap1,9,14,0.9226621389389038,1295040,"[78590037, 78590692, 78590694, 78590698, 78590868, 78633132, 78633134, 78633136, 78633142, 78633144, 79724886, 79725649, 79725726, 80409534, 80409538]","[323396, 78590035, 78590690, 78590696, 78591080, 79724888, 79725764, 80409536, 80409540]",,20260812
Cap1,9,15,0.9288052320480347,1295040,"[78590035, 78590690, 78590694, 78590698, 78591080, 78591250, 78633132, 78633136, 78633142, 78633144, 79724886, 79725649, 79725726, 79725764, 80409534]","[323396, 78590037, 78590692, 78590696, 78590868, 78633134, 79724888, 80409538, 80409540]",,20260812
Cap1,9,16,0.9235709309577942,1295040,"[323396, 78590035, 78590692, 78590694, 78590696, 78590868, 78633132, 78633136, 78633142, 78633144, 79724888, 79725726, 80409534, 80409536, 80409540]","[78590037, 78590698, 78591080, 78591250, 78633134, 79724886, 79725649, 79725764, 80409538]",,20260812
Cap1,9,17,0.9228612184524536,1295040,"[323396, 78590692, 78590694, 78590698, 78591080, 78591250, 78633132, 78633136, 78633142, 78633144, 79724886, 79725649, 79725726, 80409534, 80409538]","[78590037, 78590690, 78590696, 78590868, 78633134, 79724888, 79725764, 80409536, 80409540]",,20260812
Cap1,9,18,0.9244601130485535,1295040,"[323396, 78590690, 78590692, 78590694, 78590696, 78590868, 78591080, 78591250, 78633132, 78633134, 78633144, 79725726, 80409534, 80409536, 80409540]","[78590035, 78590037, 78590698, 78633136, 79724886, 79724888, 79725649, 79725764, 80409538]",,20260812
Cap1,9,19,0.9204743504524231,1295040,"[323396, 78590035, 78590696, 78590698, 78591080, 78633132, 78633134, 78633136, 79724886, 79725726, 79725764, 80409534, 80409536, 80409538, 80409540]","[78590037, 78590690, 78590692, 78590694, 78590868, 78591250, 78633144, 79724888, 79725649]",,20260812
Cap1,9,20,0.9200092554092407,1295040,"[78590035, 78590690, 78590692, 78590696, 78590698, 78590868, 78633132, 78633134, 78633136, 78633142, 79725649, 79725726, 80409534, 80409536, 80409538]","[323396, 78590037, 78591080, 78591250, 78633144, 79724886, 79724888, 79725764, 80409540]",,20260812
Cap1,9,21,0.9300338625907898,1295040,"[323396, 78590037, 78590690, 78590696, 78590868, 78591080, 78591250, 78633132, 78633134, 78633136, 78633142, 79725649, 79725764, 80409536, 80409540]","[78590035, 78590692, 78590694, 78590698, 78633144, 79724888, 79725726, 80409534, 80409538]",,20260812
Cap1,9,22,0.9253309965133667,1295040,"[78590037, 78590690, 78590698, 78590868, 78591080, 78591250, 78633132, 78633134, 78633136, 79724886, 79724888, 79725726, 79725764, 80409534, 80409538]","[78590035, 78590692, 78590694, 78590696, 78633142, 78633144, 79725649, 80409536, 80409540]",,20260812
Cap1,9,23,0.9223295450210571,1295040,"[323396, 78590035, 78590690, 78590692, 78590694, 78591250, 78633132, 78633134, 78633136, 78633142, 78633144, 79725764, 80409534, 80409536, 80409538]","[78590037, 78590696, 78590698, 78591080, 79724886, 79724888, 79725649, 79725726, 80409540]",,20260812
Cap1,9,24,0.9288626909255981,1295040,"[78590035, 78590690, 78590692, 78590696, 78590698, 78590868, 78591250, 78633136, 78633142, 79724886, 79724888, 80409534, 80409536, 80409538, 80409540]","[323396, 78590037, 78590694, 78591080, 78633132, 78633134, 78633144, 79725649, 79725726]",,20260812
Cap1,9,25,0.9277006387710571,1295040,"[78590037, 78590690, 78590692, 78590694, 78590868, 78591080, 78633132, 78633136, 78633142, 78633144, 79724886, 79724888, 79725649, 80409534, 80409538]","[323396, 78590696, 78590698, 78591250, 78633134, 79725726, 79725764, 80409536, 80409540]",,20260812
Cap1,9,26,0.9310080409049988,1295040,"[323396, 78590037, 78590690, 78590694, 78590698, 78591080, 78633142, 79724888, 79725649, 79725726, 79725764, 80409534, 80409536, 80409538, 80409540]","[78590035, 78590692, 78590868, 78591250, 78633132, 78633134, 78633136, 78633144, 79724886]",,20260812
Cap1,9,27,0.935163140296936,1295040,"[323396, 78590035, 78590037, 78590868, 78591080, 78591250, 78633132, 78633134, 78633142, 79724886, 79725649, 79725726, 80409534, 80409536, 80409538]","[78590690, 78590692, 78590694, 78590696, 78590698, 78633136, 78633144, 79724888, 80409540]",,20260812
Cap1,9,28,0.9314815998077393,1295040,"[323396, 78590035, 78590690, 78590692, 78590698, 78633136, 78633142, 79724886, 79724888, 79725649, 79725726, 79725764, 80409536, 80409538, 80409540]","[78590037, 78590696, 78590868, 78591080, 78591250, 78633132, 78633134, 78633144, 80409534]",,20260812
Cap1,9,29,0.9337520003318787,1295040,"[78590035, 78590037, 78590690, 78590692, 78591080, 78591250, 78633132, 78633136, 79724888, 79725649, 79725726, 79725764, 80409534, 80409536, 80409538]","[323396, 78590694, 78590696, 78590698, 78590868, 78633134, 78633142, 78633144, 80409540]",,20260812
Cap1,9,30,0.9222265481948853,1295040,"[78590035, 78590037, 78590692, 78590694, 78590696, 78590868, 78591080, 78591250, 78633132, 78633136, 79724886, 79725649, 79725726, 79725764, 80409538]","[323396, 78590690, 78590698, 78633134, 78633144, 79724888, 80409534, 80409536, 80409540]",,20260812
Cap1,9,31,0.9193286299705505,1295040,"[78590035, 78590690, 78590692, 78590698, 78590868, 78633132, 78633134, 78633136, 78633142, 78633144, 79725764, 80409534, 80409536, 80409538, 80409540]","[323396, 78590694, 78590696, 78591080, 78591250, 79724886, 79724888, 79725649, 79725726]",,20260812
Cap1,9,32,0.9261400699615479,1295040,"[323396, 78590037, 78590690, 78590698, 78591250, 78633132, 78633134, 78633136, 78633142, 78633144, 79725726, 79725764, 80409534, 80409538, 80409540]","[78590035, 78590692, 78590694, 78590696, 78590868, 78591080, 79724886, 79724888, 79725649]",,20260812
Cap1,9,33,0.9127824306488037,1295040,"[78590037, 78590690, 78590694, 78590698, 78590868, 78591080, 78591250, 78633136, 78633142, 79725649, 79725726, 79725764, 80409536, 80409538, 80409540]","[323396, 78590035, 78590692, 78590696, 78633134, 78633144, 79724886, 79724888, 80409534]",,20260812
Cap1,9,34,0.9257087707519531,1295040,"[78590035, 78590037, 78590690, 78590692, 78590694, 78590696, 78590698, 78591080, 78633136, 78633142, 78633144, 79725649, 79725726, 79725764, 80409534]","[323396, 78590868, 78591250, 78633132, 79724886, 79724888, 80409536, 80409538, 80409540]",,20260812
Cap1,9,35,0.9250507354736328,1295040,"[78590035, 78590037, 78590692, 78590696, 78590868, 78591080, 78633142, 78633144, 79724886, 79725726, 79725764, 80409534, 80409536, 80409538, 80409540]","[323396, 78590690, 78590694, 78590698, 78633132, 78633134, 78633136, 79724888, 79725649]",,20260812
Cap1,9,36,0.925467848777771,1295040,"[323396, 78590035, 78590690, 78590692, 78590696, 78590698, 78590868, 78591250, 78633136, 78633142, 78633144, 79725649, 80409534, 80409536, 80409538]","[78590037, 78591080, 78633132, 78633134, 79724886, 79724888, 79725726, 79725764, 80409540]",,20260812
Cap1,9,37,0.9196821451187134,1295040,"[323396, 78590037, 78590690, 78590698, 78591250, 78633132, 78633134, 78633136, 78633144, 79725649, 79725726, 80409534, 80409536, 80409538, 80409540]","[78590035, 78590692, 78590696, 78590868, 78591080, 78633142, 79724886, 79724888, 79725764]",,20260812
Cap1,9,38,0.9273885488510132,1295040,"[323396, 78590690, 78590692, 78590694, 78590698, 78591250, 78633132, 78633136, 78633142, 79724886, 79725649, 79725726, 79725764, 80409538, 80409540]","[78590035, 78590037, 78590696, 78590868, 78591080, 78633134, 78633144, 79724888, 80409534]",,20260812
Cap1,9,39,0.9272024631500244,1295040,"[323396, 78590037, 78590690, 78590692, 78590694, 78590868, 78591080, 78633132, 78633136, 78633142, 79724886, 79724888, 79725649, 80409534, 80409540]","[78590035, 78590698, 78591250, 78633134, 78633144, 79725726, 79725764, 80409536, 80409538]",,20260812
Cap1,9,40,0.9206913709640503,1295040,"[78590037, 78590690, 78590692, 78590694, 78590696, 78590698, 78590868, 78591250, 78633132, 78633134, 78633144, 79725726, 79725764, 80409534, 80409538]","[323396, 78591080, 78633136, 78633142, 79724886, 79724888, 79725649, 80409536, 80409540]",,20260812
Cap1,9,41,0.9220724105834961,1295040,"[78590037, 78590690, 78590696, 78590698, 78590868, 78591250, 78633132, 78633142, 78633144, 79725649, 79725726, 79725764, 80409536, 80409538, 80409540]","[323396, 78590035, 78590692, 78590694, 78591080, 78633136, 79724886, 79724888, 80409534]",,20260812
Cap1,9,42,0.9227088689804077,1295040,"[78590692, 78590694, 78590696, 78590868, 78591080, 78591250, 78633132, 78633134, 78633136, 78633142, 78633144, 79725726, 79725764, 80409534, 80409540]","[323396, 78590035, 78590690, 78590698, 79724886, 79724888, 79725649, 80409536, 80409538]",,20260812
Cap1,9,43,0.9213945865631104,1295040,"[78590035, 78590690, 78590696, 78590698, 78590868, 78591250, 78633132, 78633134, 78633142, 79724886, 79724888, 79725726, 80409534, 80409538, 80409540]","[323396, 78590037, 78590692, 78590694, 78591080, 78633144, 79725649, 79725764, 80409536]",,20260812
Cap1,9,44,0.9239013195037842,1295040,"[78590037, 78590690, 78590692, 78590694, 78590698, 78590868, 78633132, 78633136, 78633142, 78633144, 79724886, 79725726, 80409536, 80409538, 80409540]","[323396, 78590035, 78590696, 78591080, 78591250, 78633134, 79724888, 79725764, 80409534]",,20260812
Cap1,9,45,0.9342294931411743,1295040,"[323396, 78590035, 78590037, 78590692, 78590694, 78590868, 78591080, 78633132, 78633136, 78633144, 79724886, 79724888, 79725726, 80409534, 80409536]","[78590690, 78590696, 78590698, 78591250, 78633134, 78633142, 79725649, 79725764, 80409540]",,20260812
Cap1,9,46,0.9194697737693787,1295040,"[323396, 78590690, 78590694, 78590696, 78590868, 78591250, 78633132, 78633136, 78633144, 79724888, 79725649, 79725764, 80409534, 80409538, 80409540]","[78590035, 78590037, 78590692, 78590698, 78633134, 78633142, 79724886, 79725726, 80409536]",,20260812
Cap1,9,47,0.9192609786987305,1295040,"[323396, 78590035, 78590037, 78590698, 78591250, 78633132, 78633134, 78633136, 78633144, 79724886, 79725649, 80409534, 80409536, 80409538, 80409540]","[78590690, 78590692, 78590694, 78590696, 78590868, 78591080, 79724888, 79725726, 79725764]",,20260812
Cap1,9,48,0.9263544678688049,1295040,"[323396, 78590037, 78590692, 78590696, 78633132, 78633134, 78633144, 79724886, 79724888, 79725649, 79725726, 79725764, 80409534, 80409538, 80409540]","[78590035, 78590690, 78590694, 78590698, 78590868, 78591080, 78591250, 78633142, 80409536]",,20260812
Cap1,9,49,0.9259687662124634,1295040,"[323396, 78590035, 78590037, 78590690, 78590696, 78591080, 78633134, 78633142, 78633144, 79725649, 79725764, 80409534, 80409536, 80409538, 80409540]","[78590692, 78590694, 78590698, 78591250, 78633132, 78633136, 79724886, 79724888, 79725726]",,20260812
Cap1,9,50,0.9267805814743042,1295040,"[78590035, 78590037, 78590690, 78590692, 78590694, 78590696, 78591080, 78633134, 78633144, 79724886, 79725649, 79725726, 79725764, 80409534, 80409538]","[323396, 78590698, 78591250, 78633132, 78633136, 78633142, 79724888, 80409536, 80409540]",,20260812
Cap1,9,51,0.9245728850364685,1295040,"[323396, 78590690, 78590694, 78590698, 78590868, 78591080, 78591250, 78633142, 78633144, 79724888, 79725649, 79725726, 80409534, 80409536, 80409540]","[78590035, 78590037, 78590692, 78590696, 78633132, 78633134, 78633136, 79724886, 80409538]",,20260812
Cap1,9,52,0.9178982973098755,1295040,"[323396, 78590035, 78590037, 78590690, 78590694, 78590698, 78633132, 78633134, 78633144, 79724886, 79725649, 79725726, 80409534, 80409538, 80409540]","[78590692, 78590696, 78591080, 78591250, 78633136, 78633142, 79724888, 79725764, 80409536]",,20260812
Cap1,9,53,0.923633337020874,1295040,"[78590035, 78590037, 78590694, 78590696, 78590698, 78590868, 78633132, 78633134, 78633136, 78633142, 78633144, 79725649, 79725726, 79725764, 80409540]","[323396, 78590690, 78590692, 78591080, 78591250, 79724886, 79724888, 80409534, 80409536]",,20260812
Cap1,9,54,0.917913556098938,1295040,"[323396, 78590037, 78590690, 78590692, 78590696, 78590698, 78590868, 78591080, 78633134, 78633136, 78633144, 79725649, 80409534, 80409536, 80409540]","[78590035, 78590694, 78591250, 78633132, 78633142, 79724886, 79724888, 79725764, 80409538]",,20260812
Cap1,9,55,0.9297528266906738,1295040,"[78590035, 78590690, 78590692, 78590694, 78590698, 78591250, 78633132, 78633134, 78633136, 78633142, 79724888, 80409534, 80409536, 80409538, 80409540]","[323396, 78590037, 78590696, 78590868, 78591080, 78633144, 79724886, 79725649, 79725764]",,20260812
Cap1,9,56,0.9296820163726807,1295040,"[78590690, 78590694, 78590696, 78590698, 78591080, 78633132, 78633134, 78633142, 78633144, 79724886, 79724888, 79725649, 79725764, 80409534, 80409540]","[323396, 78590035, 78590692, 78590868, 78591250, 78633136, 79725726, 80409536, 80409538]",,20260812
Cap1,9,57,0.9247746467590332,1295040,"[78590037, 78590690, 78590692, 78590694, 78590696, 78590698, 78591250, 78633134, 79724886, 79724888, 79725649, 79725726, 79725764, 80409536, 80409538]","[323396, 78590868, 78591080, 78633132, 78633136, 78633142, 78633144, 80409534, 80409540]",,20260812
Cap1,9,58,0.9211671352386475,1295040,"[323396, 78590035, 78590690, 78590692, 78590696, 78590868, 78591080, 78591250, 78633132, 78633136, 78633144, 79724886, 79725764, 80409538, 80409540]","[78590037, 78590694, 78590698, 78633134, 78633142, 79724888, 79725649, 79725726, 80409534]",,20260812
Cap1,9,59,0.9225854873657227,1295040,"[323396, 78590690, 78590694, 78590696, 78591080, 78591250, 78633132, 78633134, 78633136, 79724886, 79724888, 79725649, 79725764, 80409534, 80409540]","[78590037, 78590692, 78590698, 78590868, 78633142, 78633144, 79725726, 80409536, 80409538]",,20260812
Cap1,9,60,0.9289143681526184,1295040,"[323396, 78590035, 78590037, 78590690, 78590696, 78590698, 78591080, 78591250, 78633134, 78633142, 79724888, 79725649, 79725764, 80409534, 80409536]","[78590692, 78590694, 78590868, 78633132, 78633136, 78633144, 79724886, 80409538, 80409540]",,20260812
Cap1,9,61,0.9096066355705261,1295040,"[323396, 78590035, 78590037, 78590690, 78590696, 78590698, 78633132, 78633136, 78633142, 78633144, 79725649, 79725726, 80409534, 80409536, 80409538]","[78590692, 78590694, 78590868, 78591080, 78591250, 79724886, 79724888, 79725764, 80409540]",,20260812
Cap1,9,62,0.9278059601783752,1295040,"[323396, 78590035, 78590037, 78590690, 78590692, 78590694, 78590868, 78633132, 78633134, 78633142, 78633144, 79724886, 79725726, 80409534, 80409536]","[78590696, 78590698, 78591080, 78633136, 79724888, 79725649, 79725764, 80409538, 80409540]",,20260812
Cap1,9,63,0.9234604239463806,1295040,"[78590035, 78590694, 78590868, 78591250, 78633132, 78633134, 78633142, 78633144, 79724888, 79725649, 79725726, 79725764, 80409534, 80409538, 80409540]","[323396, 78590037, 78590690, 78590692, 78590696, 78590698, 78633136, 79724886, 80409536]",,20260812
Cap1,9,64,0.9236048460006714,1295040,"[323396, 78590692, 78590694, 78590698, 78590868, 78591250, 78633134, 78633136, 78633144, 79724886, 79724888, 79725764, 80409534, 80409536, 80409538]","[78590037, 78590690, 78590696, 78591080, 78633132, 78633142, 79725649, 79725726, 80409540]",,20260812
Cap1,9,65,0.9257577657699585,1295040,"[78590035, 78590037, 78590694, 78590698, 78591080, 78591250, 78633132, 78633134, 78633136, 78633144, 79725649, 79725726, 79725764, 80409534, 80409536]","[323396, 78590690, 78590692, 78590696, 78590868, 78633142, 79724886, 79724888, 80409540]",,20260812
Cap1,9,66,0.9194481372833252,1295040,"[78590035, 78590692, 78590694, 78590696, 78590868, 78591080, 78591250, 78633132, 78633136, 78633144, 79725726, 79725764, 80409534, 80409536, 80409540]","[323396, 78590037, 78590690, 78590698, 78633142, 79724886, 79724888, 79725649, 80409538]",,20260812
Cap1,9,67,0.9262022376060486,1295040,"[78590035, 78590037, 78590690, 78590696, 78590698, 78591080, 78591250, 78633132, 78633136, 78633142, 78633144, 79724886, 79725649, 79725726, 80409534]","[323396, 78590692, 78590694, 78590868, 78633134, 79725764, 80409536, 80409538, 80409540]",,20260812
Cap1,9,68,0.9226436614990234,1295040,"[323396, 78590035, 78590690, 78590694, 78590696, 78591080, 78591250, 78633132, 78633134, 78633136, 78633144, 79724886, 79724888, 79725649, 79725726]","[78590037, 78590692, 78590698, 78590868, 78633142, 80409534, 80409536, 80409538, 80409540]",,20260812
Cap1,9,69,0.9207046627998352,1295040,"[78590035, 78590037, 78590690, 78590692, 78590694, 78591080, 78591250, 78633132, 78633134, 78633136, 78633142, 79725649, 80409534, 80409536, 80409540]","[323396, 78590696, 78590698, 78633144, 79724886, 79724888, 79725726, 79725764, 80409538]",,20260812
Cap1,9,70,0.9212813973426819,1295040,"[323396, 78590035, 78590037, 78590694, 78590696, 78591080, 78591250, 78633134, 78633136, 78633144, 79724886, 79724888, 79725649, 80409538, 80409540]","[78590690, 78590692, 78590868, 78633132, 78633142, 79725726, 79725764, 80409534, 80409536]",,20260812
Cap1,9,71,0.9266670942306519,1295040,"[323396, 78590037, 78590690, 78590694, 78590696, 78590698, 78590868, 78633142, 78633144, 79724886, 79724888, 79725726, 80409534, 80409538, 80409540]","[78590035, 78590692, 78591080, 78591250, 78633134, 78633136, 79725649, 79725764, 80409536]",,20260812
Cap1,9,72,0.9111497402191162,1295040,"[323396, 78590035, 78590037, 78590690, 78590694, 78590696, 78590698, 78590868, 78591250, 78633132, 79725649, 79725726, 80409534, 80409536, 80409540]","[78590692, 78591080, 78633134, 78633142, 78633144, 79724886, 79724888, 79725764, 80409538]",,20260812
Cap1,9,73,0.9248641729354858,1295040,"[323396, 78590692, 78590696, 78590868, 78591080, 78633132, 78633134, 78633142, 79724886, 79724888, 79725649, 79725726, 79725764, 80409536, 80409540]","[78590035, 78590037, 78590690, 78590694, 78590698, 78591250, 78633136, 80409534, 80409538]",,20260812
Cap1,9,74,0.9312143921852112,1295040,"[78590035, 78590690, 78590692, 78590694, 78590698, 78590868, 78633134, 78633142, 78633144, 79724886, 79725649, 79725726, 79725764, 80409538, 80409540]","[323396, 78590037, 78590696, 78591080, 78591250, 78633132, 78633136, 79724888, 80409536]",,20260812
Cap1,9,75,0.9220290184020996,1295040,"[323396, 78590035, 78590690, 78590692, 78590694, 78590696, 78590868, 78591250, 78633142, 79724886, 79725649, 79725764, 80409534, 80409538, 80409540]","[78590037, 78590698, 78633132, 78633134, 78633136, 78633144, 79724888, 79725726, 80409536]",,20260812
Cap1,9,76,0.9083742499351501,1295040,"[78590037, 78590690, 78590692, 78590698, 78591080, 78633132, 78633134, 78633136, 78633142, 79724888, 79725726, 80409534, 80409536, 80409538, 80409540]","[323396, 78590694, 78590696, 78590868, 78591250, 78633144, 79724886, 79725649, 79725764]",,20260812
Cap1,9,77,0.9227581024169922,1295040,"[323396, 78590035, 78590037, 78590692, 78590694, 78590696, 78591080, 78591250, 78633136, 78633144, 79724886, 79725649, 80409534, 80409538, 80409540]","[78590690, 78590698, 78590868, 78633132, 78633142, 79724888, 79725726, 79725764, 80409536]",,20260812
Cap1,9,78,0.9186654090881348,1295040,"[78590690, 78590694, 78590696, 78590698, 78590868, 78591080, 78591250, 78633136, 78633144, 79724888, 79725649, 79725726, 79725764, 80409536, 80409540]","[323396, 78590035, 78590692, 78633132, 78633134, 78633142, 79724886, 80409534, 80409538]",,20260812
Cap1,9,79,0.9245483875274658,1295040,"[78590035, 78590037, 78590690, 78590692, 78590694, 78590698, 78590868, 78591080, 78633144, 79724888, 79725649, 79725764, 80409534, 80409536, 80409538]","[323396, 78590696, 78591250, 78633132, 78633134, 78633136, 79724886, 79725726, 80409540]",,20260812
Cap1,9,80,0.9284600019454956,1295040,"[323396, 78590035, 78590690, 78590698, 78590868, 78591080, 78591250, 78633134, 78633136, 78633142, 79724886, 79724888, 79725764, 80409534, 80409536]","[78590037, 78590692, 78590694, 78590696, 78633132, 78633144, 79725649, 80409538, 80409540]",,20260812
Cap1,9,81,0.9260685443878174,1295040,"[323396, 78590690, 78590692, 78590694, 78590696, 78590698, 78590868, 78591250, 78633134, 78633136, 79725649, 79725764, 80409534, 80409536, 80409540]","[78590035, 78590037, 78591080, 78633132, 78633142, 78633144, 79724886, 79724888, 79725726]",,20260812
Cap1,9,82,0.9298496246337891,1295040,"[323396, 78590037, 78590690, 78590696, 78590868, 78591080, 78591250, 78633134, 78633136, 78633142, 79724888, 79725726, 79725764, 80409534, 80409538]","[78590035, 78590692, 78590698, 78633132, 78633144, 79724886, 79725649, 80409536, 80409540]",,20260812
Cap1,9,83,0.9239785075187683,1295040,"[323396, 78590690, 78590692, 78590696, 78590698, 78590868, 78591080, 78633136, 78633142, 78633144, 79724886, 79725649, 79725726, 80409534, 80409540]","[78590035, 78590037, 78590694, 78591250, 78633132, 79724888, 79725764, 80409536, 80409538]",,20260812
Cap1,9,84,0.9258258938789368,1295040,"[323396, 78590037, 78590692, 78590694, 78590868, 78591250, 78633134, 78633142, 78633144, 79724886, 79724888, 79725649, 80409534, 80409536, 80409540]","[78590035, 78590690, 78590696, 78591080, 78633132, 78633136, 79725726, 79725764, 80409538]",,20260812
Cap1,9,85,0.9240293502807617,1295040,"[323396, 78590035, 78590037, 78590690, 78590692, 78590694, 78590696, 78591080, 78591250, 78633132, 78633142, 78633144, 79724886, 79725726, 80409540]","[78590698, 78590868, 78633134, 78633136, 79724888, 79725764, 80409534, 80409536, 80409538]",,20260812
Cap1,9,86,0.9219648838043213,1295040,"[323396, 78590037, 78590690, 78590698, 78590868, 78591080, 78591250, 78633136, 78633144, 79724888, 79725649, 79725764, 80409534, 80409536, 80409538]","[78590035, 78590692, 78590694, 78590696, 78633134, 78633142, 79724886, 79725726, 80409540]",,20260812
Cap1,9,87,0.9213311672210693,1295040,"[78590037, 78590690, 78590692, 78590698, 78590868, 78591080, 78591250, 78633134, 78633142, 79724886, 79725649, 79725764, 80409534, 80409536, 80409538]","[323396, 78590035, 78590694, 78633132, 78633136, 78633144, 79724888, 79725726, 80409540]",,20260812
Cap1,9,88,0.9262051582336426,1295040,"[323396, 78590692, 78590694, 78590696, 78590698, 78590868, 78591250, 78633134, 78633142, 79724886, 79724888, 79725649, 79725726, 79725764, 80409538]","[78590035, 78590037, 78590690, 78591080, 78633132, 78633144, 80409534, 80409536, 80409540]",,20260812
Cap1,9,89,0.9257059693336487,1295040,"[323396, 78590035, 78590037, 78590690, 78590692, 78590698, 78591080, 78591250, 78633136, 78633142, 79725649, 79725764, 80409534, 80409538, 80409540]","[78590694, 78590696, 78590868, 78633134, 78633144, 79724886, 79724888, 79725726, 80409536]",,20260812
Cap1,9,90,0.9191230535507202,1295040,"[323396, 78590035, 78590690, 78590692, 78590696, 78590698, 78633132, 78633136, 78633142, 79724886, 79724888, 79725649, 79725764, 80409536, 80409538]","[78590037, 78590694, 78590868, 78591250, 78633134, 78633144, 79725726, 80409534, 80409540]",,20260812
Cap1,9,91,0.9222519993782043,1295040,"[78590035, 78590690, 78590692, 78590694, 78590696, 78590698, 78591250, 78633132, 78633136, 78633142, 78633144, 79724886, 79725649, 80409534, 80409536]","[323396, 78590037, 78590868, 78633134, 79724888, 79725726, 79725764, 80409538, 80409540]",,20260812
Cap1,9,92,0.9223813414573669,1295040,"[323396, 78590037, 78590694, 78590698, 78591080, 78591250, 78633132, 78633134, 78633142, 78633144, 79725649, 79725726, 79725764, 80409538, 80409540]","[78590035, 78590690, 78590692, 78590696, 78633136, 79724886, 79724888, 80409534, 80409536]",,20260812
Cap1,9,93,0.9218612909317017,1295040,"[323396, 78590035, 78590037, 78590690, 78590692, 78590694, 78590696, 78590698, 78590868, 78591250, 78633144, 79724888, 79725764, 80409538, 80409540]","[78591080, 78633132, 78633134, 78633136, 78633142, 79724886, 79725649, 79725726, 80409534]",,20260812
Cap1,9,94,0.9316510558128357,1295040,"[78590035, 78590698, 78590868, 78591080, 78633132, 78633134, 78633136, 78633142, 78633144, 79724888, 79725649, 79725726, 79725764, 80409538, 80409540]","[78590037, 78590690, 78590692, 78590694, 78590696, 78591250, 79724886, 80409534, 80409536]",,20260812
Cap1,9,95,0.9292003512382507,1295040,"[78590035, 78590037, 78590690, 78590696, 78590698, 78591080, 78591250, 78633136, 78633142, 79724888, 79725764, 80409534, 80409536, 80409538, 80409540]","[323396, 78590692, 78590694, 78590868, 78633132, 78633134, 78633144, 79724886, 79725649]",,20260812
Cap1,9,96,0.9186348915100098,1295040,"[323396, 78590037, 78590690, 78590692, 78590694, 78590698, 78591080, 78591250, 78633134, 78633136, 78633144, 79725649, 80409534, 80409538, 80409540]","[78590035, 78590696, 78590868, 78633132, 78633142, 79724886, 79724888, 79725726, 80409536]",,20260812
Cap1,9,97,0.9217090010643005,1295040,"[323396, 78590035, 78590037, 78590690, 78590692, 78590698, 78590868, 78591250, 78633132, 78633136, 78633142, 79724886, 79724888, 80409536, 80409538]","[78590694, 78590696, 78591080, 78633134, 79725649, 79725726, 79725764, 80409534, 80409540]",,20260812
Cap1,9,98,0.9241811037063599,1295040,"[78590035, 78590037, 78590694, 78590696, 78590868, 78591250, 78633132, 78633136, 78633142, 79724886, 79724888, 79725649, 79725726, 79725764, 80409540]","[323396, 78590690, 78590692, 78590698, 78591080, 78633134, 78633144, 80409534, 80409536]",,20260812
Cap1,9,99,0.9284049272537231,1295040,"[323396, 78590035, 78590692, 78590694, 78590698, 78591080, 78633132, 78633134, 78633142, 78633144, 79724886, 79724888, 79725764, 80409536, 80409540]","[78590037, 78590696, 78590868, 78591250, 78633136, 79725649, 79725726, 80409534, 80409538]",,20260812
Cap1,10,0,0.9237150549888611,1295040,"[78590037, 78590690, 78590692, 78590696, 78590698, 78591080, 78633132, 78633134, 78633136, 78633142, 79724886, 79724888, 79725726, 79725764, 80409536]","[323396, 78590035, 78590694, 78590868, 78591250, 78633144, 79725649, 80409534, 80409538, 80409540]",,20260812
Cap1,10,1,0.9247688055038452,1295040,"[323396, 78590035, 78590037, 78590692, 78590868, 78591080, 78633134, 78633136, 78633142, 79724888, 79725649, 79725726, 80409534, 80409538, 80409540]","[78590690, 78590694, 78590696, 78590698, 78591250, 78633132, 78633144, 79724886, 79725764, 80409536]",,20260812
Cap1,10,2,0.9232783317565918,1295040,"[78590035, 78590690, 78590694, 78590696, 78590698, 78590868, 78591250, 78633132, 78633134, 78633142, 78633144, 79724886, 79724888, 79725649, 80409538]","[323396, 78590037, 78590692, 78591080, 78633136, 79725726, 79725764, 80409534, 80409536, 80409540]",,20260812
Cap1,10,3,0.9256136417388916,1295040,"[323396, 78590690, 78590692, 78590696, 78590698, 78590868, 78591250, 78633132, 78633134, 78633136, 78633142, 79724886, 79724888, 79725764, 80409536]","[78590035, 78590037, 78590694, 78591080, 78633144, 79725649, 79725726, 80409534, 80409538, 80409540]",,20260812
Cap1,10,4,0.9246394038200378,1295040,"[78590035, 78590037, 78590690, 78590692, 78590698, 78590868, 78591080, 78591250, 78633132, 78633134, 78633136, 79725649, 79725764, 80409536, 80409538]","[323396, 78590694, 78590696, 78633142, 78633144, 79724886, 79724888, 79725726, 80409534, 80409540]",,20260812
Cap1,10,5,0.931479275226593,1295040,"[78590037, 78590692, 78590696, 78591080, 78591250, 78633132, 78633134, 78633136, 78633142, 78633144, 79724888, 79725726, 79725764, 80409534, 80409538]","[323396, 78590035, 78590690, 78590694, 78590698, 78590868, 79724886, 79725649, 80409536, 80409540]",,20260812
Cap1,10,6,0.9341534376144409,1295040,"[323396, 78590690, 78590694, 78590696, 78590698, 78591080, 78591250, 78633132, 78633136, 78633142, 79724886, 79725649, 80409536, 80409538, 80409540]","[78590035, 78590037, 78590692, 78590868, 78633134, 78633144, 79724888, 79725726, 79725764, 80409534]",,20260812
Cap1,10,7,0.9253636598587036,1295040,"[78590035, 78590037, 78590694, 78591250, 78633132, 78633134, 78633136, 78633144, 79724886, 79725649, 79725726, 79725764, 80409534, 80409536, 80409538]","[323396, 78590690, 78590692, 78590696, 78590698, 78590868, 78591080, 78633142, 79724888, 80409540]",,20260812
Cap1,10,8,0.9299556016921997,1295040,"[323396, 78590035, 78590692, 78590696, 78590698, 78591250, 78633132, 78633136, 78633142, 78633144, 79724886, 79724888, 79725649, 79725764, 80409540]","[78590037, 78590690, 78590694, 78590868, 78591080, 78633134, 79725726, 80409534, 80409536, 80409538]",,20260812
Cap1,10,9,0.9282877445220947,1295040,"[78590035, 78590690, 78590692, 78590694, 78590698, 78591080, 78591250, 78633132, 78633134, 78633142, 78633144, 79724888, 79725726, 80409534, 80409540]","[323396, 78590037, 78590696, 78590868, 78633136, 79724886, 79725649, 79725764, 80409536, 80409538]",,20260812
Cap1,10,10,0.9378350973129272,1295040,"[323396, 78590690, 78590696, 78590698, 78591080, 78591250, 78633134, 78633136, 78633144, 79725649, 79725726, 79725764, 80409536, 80409538, 80409540]","[78590035, 78590037, 78590692, 78590694, 78590868, 78633132, 78633142, 79724886, 79724888, 80409534]",,20260812
Cap1,10,11,0.9200364351272583,1295040,"[78590692, 78590694, 78590696, 78590868, 78591080, 78591250, 78633134, 78633136, 78633144, 79724888, 79725649, 79725726, 79725764, 80409536, 80409540]","[323396, 78590035, 78590037, 78590690, 78590698, 78633132, 78633142, 79724886, 80409534, 80409538]",,20260812
Cap1,10,12,0.9275104999542236,1295040,"[323396, 78590692, 78590694, 78590696, 78590698, 78590868, 78591250, 78633132, 78633134, 78633136, 78633142, 78633144, 79724886, 79725649, 79725764]","[78590035, 78590037, 78590690, 78591080, 79724888, 79725726, 80409534, 80409536, 80409538, 80409540]",,20260812
Cap1,10,13,0.9314076900482178,1295040,"[323396, 78590035, 78590037, 78590690, 78590692, 78590694, 78591080, 78633142, 78633144, 79724888, 79725764, 80409534, 80409536, 80409538, 80409540]","[78590696, 78590698, 78590868, 78591250, 78633132, 78633134, 78633136, 79724886, 79725649, 79725726]",,20260812
Cap1,10,14,0.9263582229614258,1295040,"[78590035, 78590690, 78590692, 78590694, 78590696, 78590868, 78591250, 78633132, 78633136, 78633142, 78633144, 79724888, 80409534, 80409538, 80409540]","[323396, 78590037, 78590698, 78591080, 78633134, 79724886, 79725649, 79725726, 79725764, 80409536]",,20260812
Cap1,10,15,0.9294909834861755,1295040,"[78590035, 78590692, 78590694, 78590696, 78590868, 78591080, 78633132, 78633134, 78633136, 78633142, 78633144, 79725649, 80409534, 80409538, 80409540]","[323396, 78590037, 78590690, 78590698, 78591250, 79724886, 79724888, 79725726, 79725764, 80409536]",,20260812
Cap1,10,16,0.9258573055267334,1295040,"[323396, 78590035, 78590037, 78590690, 78590692, 78590868, 78633132, 78633134, 78633136, 78633142, 78633144, 79724888, 79725649, 79725726, 80409538]","[78590694, 78590696, 78590698, 78591080, 78591250, 79724886, 79725764, 80409534, 80409536, 80409540]",,20260812
Cap1,10,17,0.9301893711090088,1295040,"[323396, 78590037, 78590694, 78591080, 78591250, 78633132, 78633136, 78633142, 79724886, 79725649, 79725726, 79725764, 80409534, 80409536, 80409540]","[78590035, 78590690, 78590692, 78590696, 78590698, 78590868, 78633134, 78633144, 79724888, 80409538]",,20260812
Cap1,10,18,0.9277716875076294,1295040,"[323396, 78590037, 78590690, 78590694, 78590696, 78590698, 78590868, 78633132, 78633136, 78633144, 79724888, 79725726, 80409534, 80409536, 80409540]","[78590035, 78590692, 78591080, 78591250, 78633134, 78633142, 79724886, 79725649, 79725764, 80409538]",,20260812
Cap1,10,19,0.9240615367889404,1295040,"[78590035, 78590690, 78590692, 78590694, 78591080, 78591250, 78633132, 78633136, 78633142, 79724888, 79725649, 79725764, 80409534, 80409536, 80409538]","[323396, 78590037, 78590696, 78590698, 78590868, 78633134, 78633144, 79724886, 79725726, 80409540]",,20260812
Cap1,10,20,0.9343655109405518,1295040,"[323396, 78590035, 78590037, 78590692, 78590694, 78590696, 78590868, 78633132, 78633136, 78633142, 79724886, 79725726, 79725764, 80409534, 80409540]","[78590690, 78590698, 78591080, 78591250, 78633134, 78633144, 79724888, 79725649, 80409536, 80409538]",,20260812
Cap1,10,21,0.9333321452140808,1295040,"[323396, 78590035, 78590690, 78590692, 78590694, 78590698, 78591080, 78633136, 78633142, 78633144, 79724886, 79725726, 80409534, 80409538, 80409540]","[78590037, 78590696, 78590868, 78591250, 78633132, 78633134, 79724888, 79725649, 79725764, 80409536]",,20260812
Cap1,10,22,0.9337216019630432,1295040,"[323396, 78590035, 78590690, 78590692, 78590698, 78590868, 78591250, 78633132, 78633134, 78633142, 78633144, 79725726, 80409534, 80409536, 80409540]","[78590037, 78590694, 78590696, 78591080, 78633136, 79724886, 79724888, 79725649, 79725764, 80409538]",,20260812
Cap1,10,23,0.9354839324951172,1295040,"[323396, 78590037, 78590692, 78590696, 78590868, 78591080, 78591250, 78633134, 78633142, 78633144, 79725649, 79725726, 80409534, 80409536, 80409540]","[78590035, 78590690, 78590694, 78590698, 78633132, 78633136, 79724886, 79724888, 79725764, 80409538]",,20260812
Cap1,10,24,0.9185323119163513,1295040,"[78590035, 78590037, 78590694, 78590696, 78590698, 78633132, 78633134, 78633136, 78633144, 79724886, 79724888, 79725764, 80409534, 80409536, 80409540]","[323396, 78590690, 78590692, 78590868, 78591080, 78591250, 78633142, 79725649, 79725726, 80409538]",,20260812
Cap1,10,25,0.9335064888000488,1295040,"[78590037, 78590692, 78590694, 78590868, 78591080, 78633132, 78633134, 78633136, 78633144, 79724886, 79725764, 80409534, 80409536, 80409538, 80409540]","[323396, 78590035, 78590690, 78590696, 78590698, 78591250, 78633142, 79724888, 79725649, 79725726]",,20260812
Cap1,10,26,0.9254782199859619,1295040,"[323396, 78590035, 78590037, 78590690, 78590694, 78590696, 78590868, 78591080, 78591250, 78633132, 78633134, 78633136, 79725764, 80409538, 80409540]","[78590692, 78590698, 78633142, 78633144, 79724886, 79724888, 79725649, 79725726, 80409534, 80409536]",,20260812
Cap1,10,27,0.9367877244949341,1295040,"[323396, 78590035, 78590694, 78590698, 78591080, 78633132, 78633136, 78633144, 79724886, 79725649, 79725726, 79725764, 80409534, 80409536, 80409540]","[78590037, 78590690, 78590692, 78590696, 78590868, 78591250, 78633134, 78633142, 79724888, 80409538]",,20260812
Cap1,10,28,0.92962646484375,1295040,"[323396, 78590035, 78590690, 78590694, 78590696, 78590868, 78591080, 78633132, 78633134, 78633142, 78633144, 79725649, 80409536, 80409538, 80409540]","[78590037, 78590692, 78590698, 78591250, 78633136, 79724886, 79724888, 79725726, 79725764, 80409534]",,20260812
Cap1,10,29,0.9317318797111511,1295040,"[323396, 78590035, 78590692, 78590694, 78590696, 78590868, 78591080, 78633132, 78633134, 78633136, 78633142, 79724886, 79725649, 79725764, 80409540]","[78590037, 78590690, 78590698, 78591250, 78633144, 79724888, 79725726, 80409534, 80409536, 80409538]",,20260812
Cap1,10,30,0.9296717047691345,1295040,"[323396, 78590035, 78590037, 78590690, 78590692, 78590694, 78590696, 78590698, 78633136, 78633142, 79724886, 79725649, 80409534, 80409536, 80409540]","[78590868, 78591080, 78591250, 78633132, 78633134, 78633144, 79724888, 79725726, 79725764, 80409538]",,20260812
Cap1,10,31,0.9314335584640503,1295040,"[78590035, 78590037, 78590694, 78590696, 78590698, 78591080, 78633136, 78633144, 79724886, 79724888, 79725649, 79725726, 79725764, 80409534, 80409536]","[323396, 78590690, 78590692, 78590868, 78591250, 78633132, 78633134, 78633142, 80409538, 80409540]",,20260812
Cap1,10,32,0.9351661205291748,1295040,"[78590037, 78590690, 78590694, 78590696, 78591080, 78591250, 78633132, 78633142, 79725649, 79725726, 79725764, 80409534, 80409536, 80409538, 80409540]","[323396, 78590035, 78590692, 78590698, 78590868, 78633134, 78633136, 78633144, 79724886, 79724888]",,20260812
Cap1,10,33,0.9232087135314941,1295040,"[323396, 78590037, 78590690, 78590692, 78590696, 78590698, 78590868, 78591080, 78591250, 78633132, 78633134, 79724886, 79725726, 80409534, 80409536]","[78590035, 78590694, 78633136, 78633142, 78633144, 79724888, 79725649, 79725764, 80409538, 80409540]",,20260812
Cap1,10,34,0.9339678287506104,1295040,"[323396, 78590037, 78590692, 78590694, 78590696, 78590868, 78591080, 78591250, 78633142, 78633144, 79724886, 79724888, 80409536, 80409538, 80409540]","[78590035, 78590690, 78590698, 78633132, 78633134, 78633136, 79725649, 79725726, 79725764, 80409534]",,20260812
Cap1,10,35,0.9315693974494934,1295040,"[323396, 78590035, 78590037, 78590694, 78590698, 78590868, 78591080, 78633132, 78633134, 78633142, 79724886, 79724888, 79725649, 79725764, 80409534]","[78590690, 78590692, 78590696, 78591250, 78633136, 78633144, 79725726, 80409536, 80409538, 80409540]",,20260812
Cap1,10,36,0.9332370758056641,1295040,"[78590037, 78590690, 78590692, 78590694, 78590696, 78590868, 78591250, 78633132, 78633134, 78633144, 79724886, 79724888, 79725726, 80409538, 80409540]","[323396, 78590035, 78590698, 78591080, 78633136, 78633142, 79725649, 79725764, 80409534, 80409536]",,20260812
Cap1,10,37,0.9381909966468811,1295040,"[78590035, 78590692, 78590694, 78590696, 78590698, 78590868, 78633136, 78633142, 78633144, 79724886, 79724888, 79725649, 80409536, 80409538, 80409540]","[323396, 78590037, 78590690, 78591080, 78591250, 78633132, 78633134, 79725726, 79725764, 80409534]",,20260812
Cap1,10,38,0.9330070614814758,1295040,"[78590035, 78590037, 78590690, 78590694, 78590696, 78590868, 78633136, 78633142, 78633144, 79724886, 79724888, 79725764, 80409534, 80409538, 80409540]","[323396, 78590692, 78590698, 78591080, 78591250, 78633132, 78633134, 79725649, 79725726, 80409536]",,20260812
Cap1,10,39,0.9222419261932373,1295040,"[78590037, 78590692, 78590694, 78590696, 78590698, 78591080, 78591250, 78633132, 78633136, 78633142, 78633144, 79724888, 79725649, 79725764, 80409536]","[323396, 78590035, 78590690, 78590868, 78633134, 79724886, 79725726, 80409534, 80409538, 80409540]",,20260812
Cap1,10,40,0.9264428615570068,1295040,"[78590035, 78590037, 78590690, 78590692, 78590698, 78590868, 78591080, 78591250, 78633132, 78633134, 78633136, 79724886, 79724888, 79725764, 80409538]","[323396, 78590694, 78590696, 78633142, 78633144, 79725649, 79725726, 80409534, 80409536, 80409540]",,20260812
Cap1,10,41,0.9276161193847656,1295040,"[78590035, 78590037, 78590694, 78590698, 78590868, 78591080, 78591250, 78633132, 78633136, 78633142, 79724886, 79724888, 79725764, 80409534, 80409540]","[323396, 78590690, 78590692, 78590696, 78633134, 78633144, 79725649, 79725726, 80409536, 80409538]",,20260812
Cap1,10,42,0.9294004440307617,1295040,"[78590035, 78590690, 78590692, 78590694, 78590696, 78590698, 78590868, 78591250, 78633134, 78633136, 78633142, 78633144, 79724888, 79725726, 80409540]","[323396, 78590037, 78591080, 78633132, 79724886, 79725649, 79725764, 80409534, 80409536, 80409538]",,20260812
Cap1,10,43,0.9371168613433838,1295040,"[323396, 78590690, 78590696, 78590698, 78591080, 78591250, 78633132, 78633134, 78633136, 78633142, 79724888, 79725649, 80409534, 80409538, 80409540]","[78590035, 78590037, 78590692, 78590694, 78590868, 78633144, 79724886, 79725726, 79725764, 80409536]",,20260812
Cap1,10,44,0.9209462404251099,1295040,"[323396, 78590690, 78590692, 78590694, 78591250, 78633136, 78633142, 79724886, 79724888, 79725649, 79725726, 79725764, 80409534, 80409536, 80409540]","[78590035, 78590037, 78590696, 78590698, 78590868, 78591080, 78633132, 78633134, 78633144, 80409538]",,20260812
Cap1,10,45,0.9340593814849854,1295040,"[323396, 78590037, 78590690, 78590692, 78590696, 78590868, 78591080, 78591250, 78633134, 78633136, 78633144, 79725726, 79725764, 80409534, 80409538]","[78590035, 78590694, 78590698, 78633132, 78633142, 79724886, 79724888, 79725649, 80409536, 80409540]",,20260812
Cap1,10,46,0.9281442165374756,1295040,"[78590037, 78590690, 78590692, 78590694, 78590696, 78590698, 78590868, 78633132, 78633134, 78633136, 78633144, 79724888, 79725764, 80409534, 80409540]","[323396, 78590035, 78591080, 78591250, 78633142, 79724886, 79725649, 79725726, 80409536, 80409538]",,20260812
Cap1,10,47,0.927229106426239,1295040,"[78590037, 78590694, 78590868, 78591080, 78591250, 78633132, 78633136, 78633142, 78633144, 79724888, 79725649, 79725764, 80409536, 80409538, 80409540]","[323396, 78590035, 78590690, 78590692, 78590696, 78590698, 78633134, 79724886, 79725726, 80409534]",,20260812
Cap1,10,48,0.9233462810516357,1295040,"[323396, 78590690, 78590692, 78590698, 78591080, 78633132, 78633134, 78633142, 79724886, 79724888, 79725649, 80409534, 80409536, 80409538, 80409540]","[78590035, 78590037, 78590694, 78590696, 78590868, 78591250, 78633136, 78633144, 79725726, 79725764]",,20260812
Cap1,10,49,0.9236162900924683,1295040,"[323396, 78590035, 78590037, 78590698, 78590868, 78591080, 78633132, 78633134, 78633136, 79724886, 79724888, 79725726, 80409534, 80409536, 80409540]","[78590690, 78590692, 78590694, 78590696, 78591250, 78633142, 78633144, 79725649, 79725764, 80409538]",,20260812
Cap1,10,50,0.9247362613677979,1295040,"[78590035, 78590037, 78590694, 78590696, 78590698, 78590868, 78633132, 78633134, 78633136, 78633142, 79724888, 79725649, 79725726, 80409534, 80409538]","[323396, 78590690, 78590692, 78591080, 78591250, 78633144, 79724886, 79725764, 80409536, 80409540]",,20260812
Cap1,10,51,0.9360619187355042,1295040,"[323396, 78590035, 78590037, 78590690, 78590692, 78590698, 78591250, 78633132, 78633142, 79724886, 79724888, 79725649, 79725764, 80409538, 80409540]","[78590694, 78590696, 78590868, 78591080, 78633134, 78633136, 78633144, 79725726, 80409534, 80409536]",,20260812
Cap1,10,52,0.9212125539779663,1295040,"[323396, 78590037, 78590692, 78590696, 78590698, 78591080, 78633132, 78633142, 78633144, 79724888, 79725649, 79725726, 80409536, 80409538, 80409540]","[78590035, 78590690, 78590694, 78590868, 78591250, 78633134, 78633136, 79724886, 79725764, 80409534]",,20260812
Cap1,10,53,0.9284329414367676,1295040,"[78590035, 78590692, 78590694, 78590696, 78590698, 78590868, 78591250, 78633134, 78633142, 79724886, 79724888, 79725649, 79725726, 79725764, 80409538]","[323396, 78590037, 78590690, 78591080, 78633132, 78633136, 78633144, 80409534, 80409536, 80409540]",,20260812
Cap1,10,54,0.9362194538116455,1295040,"[323396, 78590690, 78590694, 78590696, 78590698, 78590868, 78591080, 78633132, 78633134, 78633136, 78633144, 79724888, 79725726, 80409534, 80409536]","[78590035, 78590037, 78590692, 78591250, 78633142, 79724886, 79725649, 79725764, 80409538, 80409540]",,20260812
Cap1,10,55,0.927566409111023,1295040,"[323396, 78590035, 78590690, 78590694, 78590696, 78590868, 78591080, 78591250, 78633132, 78633134, 78633142, 79724888, 79725649, 79725726, 80409540]","[78590037, 78590692, 78590698, 78633136, 78633144, 79724886, 79725764, 80409534, 80409536, 80409538]",,20260812
Cap1,10,56,0.9375743865966797,1295040,"[323396, 78590037, 78590690, 78590696, 78591080, 78591250, 78633132, 78633134, 78633144, 79724888, 79725649, 80409534, 80409536, 80409538, 80409540]","[78590035, 78590692, 78590694, 78590698, 78590868, 78633136, 78633142, 79724886, 79725726, 79725764]",,20260812
Cap1,10,57,0.9229328632354736,1295040,"[78590035, 78590692, 78590694, 78590696, 78590698, 78590868, 78591080, 78591250, 78633132, 78633136, 78633144, 79724886, 79724888, 79725764, 80409536]","[323396, 78590037, 78590690, 78633134, 78633142, 79725649, 79725726, 80409534, 80409538, 80409540]",,20260812
Cap1,10,58,0.9303433895111084,1295040,"[323396, 78590035, 78590690, 78590868, 78591080, 78591250, 78633142, 78633144, 79724886, 79724888, 79725649, 79725726, 79725764, 80409536, 80409538]","[78590037, 78590692, 78590694, 78590696, 78590698, 78633132, 78633134, 78633136, 80409534, 80409540]",,20260812
Cap1,10,59,0.9304338693618774,1295040,"[323396, 78590035, 78590037, 78590694, 78590698, 78590868, 78633132, 78633136, 78633142, 79724888, 79725649, 79725726, 79725764, 80409538, 80409540]","[78590690, 78590692, 78590696, 78591080, 78591250, 78633134, 78633144, 79724886, 80409534, 80409536]",,20260812
Cap1,10,60,0.9241174459457397,1295040,"[323396, 78590035, 78590696, 78590698, 78591080, 78633132, 78633134, 78633136, 78633142, 78633144, 79724888, 79725726, 79725764, 80409534, 80409536]","[78590037, 78590690, 78590692, 78590694, 78590868, 78591250, 79724886, 79725649, 80409538, 80409540]",,20260812
Cap1,10,61,0.9310593605041504,1295040,"[78590035, 78590037, 78590690, 78590692, 78590694, 78590696, 78590868, 78591080, 78591250, 78633134, 78633144, 79724886, 79725726, 80409536, 80409540]","[323396, 78590698, 78633132, 78633136, 78633142, 79724888, 79725649, 79725764, 80409534, 80409538]",,20260812
Cap1,10,62,0.9269078373908997,1295040,"[78590035, 78590690, 78590694, 78591250, 78633132, 78633134, 78633136, 78633142, 78633144, 79725726, 79725764, 80409534, 80409536, 80409538, 80409540]","[323396, 78590037, 78590692, 78590696, 78590698, 78590868, 78591080, 79724886, 79724888, 79725649]",,20260812
Cap1,10,63,0.9263840913772583,1295040,"[323396, 78590037, 78590690, 78590694, 78590696, 78590868, 78591250, 78633132, 78633134, 78633144, 79724886, 79724888, 79725764, 80409538, 80409540]","[78590035, 78590692, 78590698, 78591080, 78633136, 78633142, 79725649, 79725726, 80409534, 80409536]",,20260812
Cap1,10,64,0.925108790397644,1295040,"[323396, 78590035, 78590692, 78590694, 78590696, 78590698, 78591080, 78633132, 78633144, 79724886, 79724888, 79725764, 80409536, 80409538, 80409540]","[78590037, 78590690, 78590868, 78591250, 78633134, 78633136, 78633142, 79725649, 79725726, 80409534]",,20260812
Cap1,10,65,0.9330692291259766,1295040,"[323396, 78590035, 78590690, 78590692, 78590694, 78590868, 78633132, 78633136, 78633142, 79724886, 79724888, 79725649, 79725764, 80409534, 80409538]","[78590037, 78590696, 78590698, 78591080, 78591250, 78633134, 78633144, 79725726, 80409536, 80409540]",,20260812
Cap1,10,66,0.9300069212913513,1295040,"[323396, 78590035, 78590690, 78590692, 78590698, 78590868, 78591080, 78591250, 78633132, 78633134, 78633136, 79724888, 79725649, 79725726, 80409540]","[78590037, 78590694, 78590696, 78633142, 78633144, 79724886, 79725764, 80409534, 80409536, 80409538]",,20260812
Cap1,10,67,0.9276871085166931,1295040,"[323396, 78590035, 78590692, 78590694, 78590698, 78591080, 78591250, 78633132, 79724886, 79724888, 79725649, 79725726, 80409536, 80409538, 80409540]","[78590037, 78590690, 78590696, 78590868, 78633134, 78633136, 78633142, 78633144, 79725764, 80409534]",,20260812
Cap1,10,68,0.9297267198562622,1295040,"[323396, 78590035, 78590694, 78590696, 78590868, 78591080, 78633132, 78633142, 78633144, 79725649, 79725726, 80409534, 80409536, 80409538, 80409540]","[78590037, 78590690, 78590692, 78590698, 78591250, 78633134, 78633136, 79724886, 79724888, 79725764]",,20260812
Cap1,10,69,0.9311201572418213,1295040,"[78590035, 78590037, 78590692, 78590694, 78590696, 78590698, 78590868, 78591250, 78633134, 78633136, 78633144, 79724888, 79725726, 80409534, 80409538]","[323396, 78590690, 78591080, 78633132, 78633142, 79724886, 79725649, 79725764, 80409536, 80409540]",,20260812
Cap1,10,70,0.9326841831207275,1295040,"[323396, 78590035, 78590037, 78590694, 78590696, 78590868, 78591080, 78633132, 78633134, 78633136, 79724886, 79725649, 79725726, 80409534, 80409540]","[78590690, 78590692, 78590698, 78591250, 78633142, 78633144, 79724888, 79725764, 80409536, 80409538]",,20260812
Cap1,10,71,0.9266238212585449,1295040,"[323396, 78590035, 78590692, 78590696, 78590698, 78590868, 78591080, 78591250, 78633142, 78633144, 79724888, 79725764, 80409534, 80409536, 80409540]","[78590037, 78590690, 78590694, 78633132, 78633134, 78633136, 79724886, 79725649, 79725726, 80409538]",,20260812
Cap1,10,72,0.9216232299804688,1295040,"[323396, 78590035, 78590037, 78590694, 78590696, 78591250, 78633132, 78633134, 78633144, 79724886, 79724888, 79725649, 79725764, 80409536, 80409538]","[78590690, 78590692, 78590698, 78590868, 78591080, 78633136, 78633142, 79725726, 80409534, 80409540]",,20260812
Cap1,10,73,0.9290157556533813,1295040,"[78590035, 78590692, 78590694, 78590698, 78590868, 78591080, 78633132, 78633142, 79724886, 79724888, 79725726, 80409534, 80409536, 80409538, 80409540]","[323396, 78590037, 78590690, 78590696, 78591250, 78633134, 78633136, 78633144, 79725649, 79725764]",,20260812
Cap1,10,74,0.9241068363189697,1295040,"[323396, 78590690, 78590692, 78590698, 78590868, 78591080, 78591250, 78633134, 78633136, 78633142, 78633144, 79724888, 79725764, 80409534, 80409538]","[78590035, 78590037, 78590694, 78590696, 78633132, 79724886, 79725649, 79725726, 80409536, 80409540]",,20260812
Cap1,10,75,0.9218190908432007,1295040,"[323396, 78590035, 78590037, 78590690, 78590692, 78590698, 78590868, 78591080, 78633134, 78633136, 78633142, 78633144, 79725764, 80409538, 80409540]","[78590694, 78590696, 78591250, 78633132, 79724886, 79724888, 79725649, 79725726, 80409534, 80409536]",,20260812
Cap1,10,76,0.9271786212921143,1295040,"[323396, 78590035, 78590037, 78590694, 78590696, 78590698, 78590868, 78591080, 78633132, 79724886, 79725726, 80409534, 80409536, 80409538, 80409540]","[78590690, 78590692, 78591250, 78633134, 78633136, 78633142, 78633144, 79724888, 79725649, 79725764]",,20260812
Cap1,10,77,0.9329099059104919,1295040,"[323396, 78590035, 78590692, 78590696, 78590698, 78590868, 78633134, 78633136, 78633142, 78633144, 79724886, 79725649, 79725764, 80409536, 80409538]","[78590037, 78590690, 78590694, 78591080, 78591250, 78633132, 79724888, 79725726, 80409534, 80409540]",,20260812
Cap1,10,78,0.9247544407844543,1295040,"[323396, 78590690, 78590694, 78590696, 78590868, 78591250, 78633132, 78633134, 78633136, 78633144, 79724888, 79725726, 79725764, 80409534, 80409538]","[78590035, 78590037, 78590692, 78590698, 78591080, 78633142, 79724886, 79725649, 80409536, 80409540]",,20260812
Cap1,10,79,0.9224479794502258,1295040,"[78590035, 78590037, 78590694, 78590696, 78591250, 78633132, 78633136, 78633144, 79724886, 79725649, 79725726, 79725764, 80409534, 80409536, 80409540]","[323396, 78590690, 78590692, 78590698, 78590868, 78591080, 78633134, 78633142, 79724888, 80409538]",,20260812
Cap1,10,80,0.930962085723877,1295040,"[323396, 78590035, 78590696, 78590698, 78591250, 78633132, 78633134, 78633142, 78633144, 79725649, 79725726, 79725764, 80409534, 80409536, 80409538]","[78590037, 78590690, 78590692, 78590694, 78590868, 78591080, 78633136, 79724886, 79724888, 80409540]",,20260812
Cap1,10,81,0.9337389469146729,1295040,"[78590035, 78590696, 78590698, 78590868, 78591080, 78591250, 78633132, 78633136, 78633144, 79724888, 79725726, 79725764, 80409536, 80409538, 80409540]","[323396, 78590037, 78590690, 78590692, 78590694, 78633134, 78633142, 79724886, 79725649, 80409534]",,20260812
Cap1,10,82,0.9329138398170471,1295040,"[323396, 78590694, 78590696, 78590698, 78591080, 78591250, 78633132, 78633134, 78633136, 78633142, 79724888, 79725726, 80409534, 80409536, 80409540]","[78590035, 78590037, 78590690, 78590692, 78590868, 78633144, 79724886, 79725649, 79725764, 80409538]",,20260812
Cap1,10,83,0.9221348762512207,1295040,"[323396, 78590035, 78590692, 78590694, 78590696, 78590868, 78591080, 78591250, 78633132, 78633134, 78633136, 79724888, 79725649, 79725764, 80409536]","[78590037, 78590690, 78590698, 78633142, 78633144, 79724886, 79725726, 80409534, 80409538, 80409540]",,20260812
Cap1,10,84,0.9189916849136353,1295040,"[323396, 78590037, 78590694, 78590696, 78590698, 78590868, 78591250, 78633132, 78633136, 78633144, 79724886, 79725764, 80409536, 80409538, 80409540]","[78590035, 78590690, 78590692, 78591080, 78633134, 78633142, 79724888, 79725649, 79725726, 80409534]",,20260812
Cap1,10,85,0.9308048486709595,1295040,"[323396, 78590690, 78590692, 78590696, 78591250, 78633132, 78633136, 78633144, 79724886, 79724888, 79725649, 79725764, 80409534, 80409536, 80409538]","[78590035, 78590037, 78590694, 78590698, 78590868, 78591080, 78633134, 78633142, 79725726, 80409540]",,20260812
Cap1,10,86,0.9334566593170166,1295040,"[78590035, 78590692, 78590696, 78590868, 78591250, 78633132, 78633136, 78633144, 79724886, 79725649, 79725726, 79725764, 80409534, 80409538, 80409540]","[323396, 78590037, 78590690, 78590694, 78590698, 78591080, 78633134, 78633142, 79724888, 80409536]",,20260812
Cap1,10,87,0.9332258701324463,1295040,"[323396, 78590037, 78590690, 78590696, 78590698, 78591080, 78591250, 78633132, 78633136, 78633142, 78633144, 79725649, 79725764, 80409534, 80409540]","[78590035, 78590692, 78590694, 78590868, 78633134, 79724886, 79724888, 79725726, 80409536, 80409538]",,20260812
Cap1,10,88,0.9312866926193237,1295040,"[323396, 78590035, 78590690, 78590692, 78590696, 78591250, 78633134, 78633136, 78633142, 79724886, 79724888, 79725649, 79725764, 80409536, 80409538]","[78590037, 78590694, 78590698, 78590868, 78591080, 78633132, 78633144, 79725726, 80409534, 80409540]",,20260812
Cap1,10,89,0.9249049425125122,1295040,"[323396, 78590035, 78590037, 78590692, 78590694, 78590698, 78591080, 78591250, 78633134, 78633136, 78633142, 79724886, 79725726, 80409534, 80409536]","[78590690, 78590696, 78590868, 78633132, 78633144, 79724888, 79725649, 79725764, 80409538, 80409540]",,20260812
Cap1,10,90,0.9277573823928833,1295040,"[323396, 78590694, 78590696, 78590868, 78591080, 78591250, 78633132, 78633134, 78633136, 78633142, 78633144, 79724886, 79725726, 79725764, 80409536]","[78590035, 78590037, 78590690, 78590692, 78590698, 79724888, 79725649, 80409534, 80409538, 80409540]",,20260812
Cap1,10,91,0.9244610667228699,1295040,"[323396, 78590035, 78590694, 78590696, 78590698, 78590868, 78591250, 78633132, 78633134, 78633144, 79724886, 79724888, 79725764, 80409534, 80409540]","[78590037, 78590690, 78590692, 78591080, 78633136, 78633142, 79725649, 79725726, 80409536, 80409538]",,20260812
Cap1,10,92,0.9290469884872437,1295040,"[323396, 78590037, 78590698, 78590868, 78591250, 78633132, 78633136, 78633144, 79724888, 79725649, 79725726, 79725764, 80409534, 80409536, 80409538]","[78590035, 78590690, 78590692, 78590694, 78590696, 78591080, 78633134, 78633142, 79724886, 80409540]",,20260812
Cap1,10,93,0.9318960905075073,1295040,"[78590035, 78590692, 78590696, 78590698, 78590868, 78633134, 78633136, 78633142, 78633144, 79724886, 79724888, 79725649, 79725764, 80409534, 80409536]","[323396, 78590037, 78590690, 78590694, 78591080, 78591250, 78633132, 79725726, 80409538, 80409540]",,20260812
Cap1,10,94,0.9348964691162109,1295040,"[78590035, 78590037, 78590690, 78590692, 78590696, 78590868, 78591250, 78633136, 78633142, 78633144, 79724886, 79725649, 80409534, 80409538, 80409540]","[323396, 78590694, 78590698, 78591080, 78633132, 78633134, 79724888, 79725726, 79725764, 80409536]",,20260812
Cap1,10,95,0.924881637096405,1295040,"[78590037, 78590690, 78590692, 78590694, 78590698, 78591080, 78591250, 78633132, 78633142, 78633144, 79724888, 79725726, 80409534, 80409536, 80409538]","[323396, 78590035, 78590696, 78590868, 78633134, 78633136, 79724886, 79725649, 79725764, 80409540]",,20260812
Cap1,10,96,0.9343189597129822,1295040,"[78590035, 78590037, 78590690, 78590692, 78590694, 78590696, 78633132, 78633134, 78633142, 78633144, 79724886, 79724888, 79725764, 80409538, 80409540]","[323396, 78590698, 78590868, 78591080, 78591250, 78633136, 79725649, 79725726, 80409534, 80409536]",,20260812
Cap1,10,97,0.9294434785842896,1295040,"[323396, 78590035, 78590037, 78590690, 78590694, 78590696, 78590868, 78591080, 78633132, 78633134, 78633142, 79725726, 79725764, 80409534, 80409536]","[78590692, 78590698, 78591250, 78633136, 78633144, 79724886, 79724888, 79725649, 80409538, 80409540]",,20260812
Cap1,10,98,0.9291810989379883,1295040,"[323396, 78590037, 78590696, 78590698, 78590868, 78591080, 78633132, 78633136, 78633142, 78633144, 79724886, 79724888, 79725649, 80409534, 80409540]","[78590035, 78590690, 78590692, 78590694, 78591250, 78633134, 79725726, 79725764, 80409536, 80409538]",,20260812
Cap1,10,99,0.925152063369751,1295040,"[323396, 78590035, 78590037, 78590692, 78590696, 78590698, 78591080, 78591250, 78633132, 78633134, 78633136, 79724888, 79725726, 79725764, 80409538]","[78590690, 78590694, 78590868, 78633142, 78633144, 79724886, 79725649, 80409534, 80409536, 80409540]",,20260812
Etv1,1,0,0.44450944662094116,1295040,"[72119595, 78544613, 78544615, 78544619, 78544621, 78544623, 78544625, 78544638, 78557188, 78557206, 79746112, 79746114, 80409834, 80409836, 80409877]",[78557192],79746116.0,20260812
Etv1,1,1,0.4558509588241577,1295040,"[73512203, 78544613, 78544615, 78544617, 78544619, 78544621, 78544629, 78557188, 78557190, 78557208, 79746110, 79746112, 79746114, 80409834, 80409877]",[79746108],79746116.0,20260812
Etv1,1,2,0.45432886481285095,1295040,"[73512203, 78544613, 78544615, 78544617, 78544625, 78544629, 78544638, 78557188, 78557190, 78557192, 78557206, 78557208, 80409832, 80409834, 80409877]",[79746112],79746116.0,20260812
Etv1,1,3,0.21781828999519348,1295040,"[73512203, 78544613, 78544615, 78544619, 78544621, 78544627, 78557190, 78557192, 78557208, 79746108, 79746112, 79746114, 80409834, 80409836, 80409877]",[80409832],79746116.0,20260812
Etv1,1,4,0.4370226263999939,1295040,"[72119595, 73512203, 78544613, 78544615, 78544619, 78544623, 78544627, 78544629, 78557190, 78557192, 78557206, 78557208, 80409832, 80409836, 80409877]",[78544638],79746116.0,20260812
Etv1,1,5,0.44618040323257446,1295040,"[72119595, 78544615, 78544621, 78544623, 78544627, 78544638, 78557188, 78557192, 78557206, 79746112, 79746114, 80409832, 80409834, 80409836, 80409877]",[78557190],79746116.0,20260812
Etv1,1,6,0.21233314275741577,1295040,"[72119595, 78544615, 78544617, 78544619, 78544621, 78544625, 78557188, 78557190, 78557192, 78557206, 78557208, 79746110, 79746112, 80409834, 80409877]",[80409832],79746116.0,20260812
Etv1,1,7,0.2120055854320526,1295040,"[72119595, 73512203, 78544613, 78544615, 78544617, 78544619, 78544623, 78544629, 78544638, 78557188, 78557206, 79746108, 79746112, 79746114, 80409836]",[80409832],79746116.0,20260812
Etv1,1,8,0.4419928789138794,1295040,"[73512203, 78544613, 78544619, 78544621, 78544625, 78544629, 78544638, 78557188, 78557192, 78557206, 79746108, 79746112, 79746114, 80409832, 80409877]",[78557190],79746116.0,20260812
Etv1,1,9,0.41881996393203735,1295040,"[72119595, 78544613, 78544615, 78544617, 78544619, 78544621, 78544625, 78557190, 78557192, 78557208, 79746112, 79746114, 80409834, 80409836, 80409877]",[78544629],79746116.0,20260812
Etv1,1,10,0.4075774550437927,1295040,"[73512203, 78544613, 78544619, 78544621, 78544627, 78544638, 78557188, 78557190, 78557192, 78557206, 79746108, 79746110, 80409832, 80409834, 80409877]",[80409836],79746116.0,20260812
Etv1,1,11,0.34983378648757935,1295040,"[72119595, 73512203, 78544613, 78544617, 78544619, 78544621, 78544625, 78557192, 78557208, 79746108, 79746110, 79746112, 80409832, 80409836, 80409877]",[78557188],79746116.0,20260812
Etv1,1,12,0.39856910705566406,1295040,"[73512203, 78544615, 78544617, 78544619, 78544623, 78544625, 78544627, 78557190, 78557192, 78557208, 79746108, 79746114, 80409832, 80409834, 80409877]",[78544621],79746116.0,20260812
Etv1,1,13,0.5109413862228394,1295040,"[78544613, 78544615, 78544617, 78544621, 78544623, 78544627, 78544638, 78557190, 78557192, 79746108, 79746112, 79746114, 80409832, 80409834, 80409836]",[78544625],79746116.0,20260812
Etv1,1,14,0.4352676272392273,1295040,"[73512203, 78544613, 78544615, 78544619, 78544623, 78544627, 78544629, 78557188, 79746108, 79746110, 79746114, 80409832, 80409834, 80409836, 80409877]",[78557190],79746116.0,20260812
Etv1,1,15,0.4057338833808899,1295040,"[72119595, 73512203, 78544613, 78544617, 78544619, 78544621, 78544623, 78544625, 78544627, 78544638, 78557208, 79746108, 79746110, 80409834, 80409836]",[78557206],79746116.0,20260812
Etv1,1,16,0.4086822271347046,1295040,"[73512203, 78544613, 78544615, 78544617, 78544619, 78544621, 78544623, 78544625, 78544629, 78557190, 78557192, 78557208, 79746108, 79746110, 80409834]",[79746114],79746116.0,20260812
Etv1,1,17,0.4021202027797699,1295040,"[72119595, 78544615, 78544617, 78544619, 78544621, 78544623, 78544629, 78544638, 78557192, 78557206, 78557208, 79746108, 79746110, 79746112, 79746114]",[80409877],79746116.0,20260812
Etv1,1,18,0.42553675174713135,1295040,"[72119595, 78544615, 78544623, 78544625, 78544627, 78544629, 78557190, 78557192, 78557208, 79746108, 79746110, 79746112, 80409832, 80409834, 80409877]",[80409836],79746116.0,20260812
Etv1,1,19,0.41305577754974365,1295040,"[78544615, 78544621, 78544623, 78544625, 78544627, 78544629, 78557188, 78557190, 78557192, 78557206, 78557208, 79746108, 79746110, 80409834, 80409836]",[80409877],79746116.0,20260812
Etv1,1,20,0.4417303204536438,1295040,"[72119595, 78544613, 78544615, 78544617, 78544621, 78544625, 78544638, 78557190, 78557206, 78557208, 79746112, 79746114, 80409832, 80409834, 80409836]",[79746110],79746116.0,20260812
Etv1,1,21,0.4089600741863251,1295040,"[72119595, 78544615, 78544617, 78544621, 78544625, 78544627, 78544638, 78557192, 78557206, 78557208, 79746108, 79746112, 79746114, 80409834, 80409836]",[73512203],79746116.0,20260812
Etv1,1,22,0.40449023246765137,1295040,"[72119595, 78544617, 78544619, 78544625, 78544627, 78544638, 78557190, 78557192, 78557206, 78557208, 79746108, 79746114, 80409832, 80409834, 80409836]",[73512203],79746116.0,20260812
Etv1,1,23,0.4105087220668793,1295040,"[72119595, 73512203, 78544613, 78544615, 78544617, 78544629, 78544638, 78557188, 78557192, 78557206, 79746108, 79746110, 79746112, 80409834, 80409877]",[79746114],79746116.0,20260812
Etv1,1,24,0.4472648501396179,1295040,"[72119595, 73512203, 78544619, 78544621, 78544623, 78544625, 78544627, 78544638, 78557188, 78557190, 78557206, 78557208, 79746108, 79746110, 80409832]",[78557192],79746116.0,20260812
Etv1,1,25,0.41182875633239746,1295040,"[72119595, 73512203, 78544613, 78544615, 78544617, 78544619, 78544625, 78544627, 78544629, 78557188, 78557206, 78557208, 79746110, 79746114, 80409836]",[80409877],79746116.0,20260812
Etv1,1,26,0.39965012669563293,1295040,"[73512203, 78544613, 78544615, 78544617, 78544623, 78544625, 78557188, 78557190, 78557192, 78557206, 79746108, 79746112, 79746114, 80409832, 80409834]",[78544621],79746116.0,20260812
Etv1,1,27,0.443204402923584,1295040,"[72119595, 78544613, 78544619, 78544625, 78544627, 78544629, 78544638, 78557188, 78557190, 78557192, 78557208, 79746108, 80409834, 80409836, 80409877]",[78544621],79746116.0,20260812
Etv1,1,28,0.287922739982605,1295040,"[72119595, 78544613, 78544615, 78544617, 78544619, 78544621, 78544623, 78544625, 78544627, 78544629, 78557190, 78557208, 79746108, 79746112, 79746114]",[80409834],79746116.0,20260812
Etv1,1,29,0.4172990620136261,1295040,"[78544615, 78544621, 78544623, 78544627, 78544629, 78544638, 78557190, 78557206, 78557208, 79746110, 79746114, 80409832, 80409834, 80409836, 80409877]",[78544617],79746116.0,20260812
Etv1,1,30,0.4171990156173706,1295040,"[72119595, 73512203, 78544613, 78544615, 78544619, 78544625, 78544627, 78544638, 78557190, 78557192, 79746108, 79746110, 79746112, 79746114, 80409877]",[78544629],79746116.0,20260812
Etv1,1,31,0.4141741991043091,1295040,"[72119595, 78544613, 78544615, 78544621, 78544625, 78544638, 78557190, 78557192, 78557206, 78557208, 79746108, 79746110, 79746112, 80409834, 80409877]",[80409836],79746116.0,20260812
Etv1,1,32,0.40095359086990356,1295040,"[72119595, 73512203, 78544613, 78544615, 78544617, 78544619, 78544623, 78557206, 78557208, 79746108, 79746110, 79746112, 80409832, 80409834, 80409836]",[78544621],79746116.0,20260812
Etv1,1,33,0.45005932450294495,1295040,"[72119595, 78544615, 78544619, 78544621, 78544623, 78557188, 78557192, 78557206, 78557208, 79746108, 79746110, 79746112, 79746114, 80409836, 80409877]",[78557190],79746116.0,20260812
Etv1,1,34,0.45301005244255066,1295040,"[72119595, 73512203, 78544613, 78544617, 78544621, 78544625, 78544629, 78557188, 78557190, 78557192, 78557208, 79746108, 79746114, 80409834, 80409877]",[78544627],79746116.0,20260812
Etv1,1,35,0.4185311794281006,1295040,"[72119595, 73512203, 78544613, 78544617, 78544627, 78544629, 78544638, 78557188, 78557192, 78557208, 79746114, 80409832, 80409834, 80409836, 80409877]",[78557206],79746116.0,20260812
Etv1,1,36,0.41905689239501953,1295040,"[72119595, 73512203, 78544615, 78544621, 78544625, 78544629, 78557190, 78557192, 78557208, 79746108, 79746110, 79746112, 79746114, 80409832, 80409877]",[80409836],79746116.0,20260812
Etv1,1,37,0.46031153202056885,1295040,"[73512203, 78544613, 78544615, 78544617, 78544623, 78544627, 78544629, 78544638, 78557188, 78557190, 78557192, 79746110, 79746114, 80409832, 80409877]",[79746112],79746116.0,20260812
Etv1,1,38,0.4541213810443878,1295040,"[73512203, 78544613, 78544615, 78544617, 78544623, 78544625, 78544627, 78544638, 78557188, 78557190, 78557206, 79746108, 79746112, 80409832, 80409836]",[78557208],79746116.0,20260812
Etv1,1,39,0.21614032983779907,1295040,"[78544613, 78544615, 78544617, 78544619, 78544621, 78544627, 78544629, 78544638, 78557188, 78557192, 78557208, 79746110, 79746112, 79746114, 80409834]",[80409832],79746116.0,20260812
Etv1,1,40,0.43441036343574524,1295040,"[72119595, 73512203, 78544615, 78544617, 78544619, 78544625, 78544627, 78544629, 78544638, 78557190, 78557192, 78557206, 79746114, 80409832, 80409877]",[78544623],79746116.0,20260812
Etv1,1,41,0.4564121961593628,1295040,"[72119595, 78544613, 78544615, 78544617, 78544621, 78544623, 78544625, 78557188, 78557192, 78557206, 78557208, 79746110, 79746112, 80409834, 80409877]",[79746108],79746116.0,20260812
Etv1,1,42,0.20662403106689453,1295040,"[73512203, 78544615, 78544617, 78544619, 78544621, 78544623, 78544625, 78544627, 78544629, 78557190, 78557192, 78557206, 79746114, 80409836, 80409877]",[80409832],79746116.0,20260812
Etv1,1,43,0.2929401993751526,1295040,"[72119595, 73512203, 78544615, 78544619, 78544621, 78544623, 78544625, 78544627, 78544629, 78557188, 78557190, 78557192, 79746108, 80409832, 80409877]",[80409834],79746116.0,20260812
Etv1,1,44,0.40844225883483887,1295040,"[72119595, 73512203, 78544613, 78544615, 78544621, 78544623, 78544625, 78544627, 78544629, 78557188, 78557190, 78557206, 79746108, 79746110, 80409836]",[80409877],79746116.0,20260812
Etv1,1,45,0.42182162404060364,1295040,"[78544615, 78544619, 78544621, 78544623, 78544625, 78544627, 78557190, 78557192, 78557206, 78557208, 79746110, 79746112, 79746114, 80409832, 80409836]",[78544629],79746116.0,20260812
Etv1,1,46,0.3967668414115906,1295040,"[78544615, 78544619, 78544621, 78544623, 78544625, 78544629, 78544638, 78557188, 78557190, 78557206, 78557208, 79746110, 80409832, 80409834, 80409836]",[72119595],79746116.0,20260812
Etv1,1,47,0.42284834384918213,1295040,"[72119595, 73512203, 78544613, 78544615, 78544627, 78544638, 78557188, 78557190, 78557192, 78557206, 79746108, 79746110, 80409832, 80409834, 80409836]",[78544617],79746116.0,20260812
Etv1,1,48,0.4301570653915405,1295040,"[72119595, 73512203, 78544613, 78544615, 78544623, 78544629, 78557190, 78557192, 78557206, 79746110, 79746114, 80409832, 80409834, 80409836, 80409877]",[78544638],79746116.0,20260812
Etv1,1,49,0.3885939121246338,1295040,"[78544615, 78544617, 78544619, 78544623, 78544625, 78544629, 78544638, 78557188, 78557190, 78557206, 78557208, 79746108, 79746110, 79746112, 79746114]",[78544613],79746116.0,20260812
Etv1,1,50,0.4561103582382202,1295040,"[72119595, 73512203, 78544613, 78544615, 78544617, 78544621, 78544623, 78544625, 78544627, 78557190, 78557206, 78557208, 79746110, 79746114, 80409877]",[79746108],79746116.0,20260812
Etv1,1,51,0.45783644914627075,1295040,"[78544615, 78544617, 78544621, 78544623, 78544625, 78544627, 78544638, 78557188, 78557192, 78557206, 78557208, 79746110, 80409832, 80409834, 80409836]",[78557190],79746116.0,20260812
Etv1,1,52,0.4251909852027893,1295040,"[72119595, 73512203, 78544615, 78544623, 78544625, 78544627, 78544629, 78544638, 78557188, 78557190, 78557208, 79746108, 79746112, 80409832, 80409877]",[78544617],79746116.0,20260812
Etv1,1,53,0.4042840600013733,1295040,"[72119595, 73512203, 78544613, 78544617, 78544619, 78544625, 78544629, 78557192, 78557206, 78557208, 79746108, 79746112, 79746114, 80409832, 80409836]",[80409877],79746116.0,20260812
Etv1,1,54,0.4050694406032562,1295040,"[72119595, 78544613, 78544619, 78544621, 78544623, 78544625, 78544627, 78544638, 78557188, 78557190, 78557192, 79746108, 79746112, 80409836, 80409877]",[79746114],79746116.0,20260812
Etv1,1,55,0.4441778361797333,1295040,"[72119595, 73512203, 78544613, 78544621, 78544623, 78544625, 78544627, 78544629, 78544638, 78557190, 79746108, 79746110, 79746114, 80409832, 80409834]",[78557208],79746116.0,20260812
Etv1,1,56,0.43640896677970886,1295040,"[78544613, 78544615, 78544617, 78544619, 78544623, 78544625, 78557190, 78557206, 78557208, 79746108, 79746110, 79746112, 79746114, 80409832, 80409834]",[78544638],79746116.0,20260812
Etv1,1,57,0.4132966995239258,1295040,"[72119595, 73512203, 78544615, 78544617, 78544627, 78544629, 78544638, 78557188, 78557192, 78557206, 78557208, 79746108, 79746112, 80409832, 80409834]",[80409836],79746116.0,20260812
Etv1,1,58,0.45898428559303284,1295040,"[72119595, 78544613, 78544615, 78544619, 78544621, 78544625, 78544627, 78544629, 78544638, 78557188, 78557206, 79746108, 80409832, 80409834, 80409836]",[79746112],79746116.0,20260812
Etv1,1,59,0.46505942940711975,1295040,"[72119595, 78544615, 78544619, 78544621, 78544623, 78544625, 78544629, 78544638, 78557192, 78557206, 79746112, 79746114, 80409832, 80409834, 80409836]",[78557208],79746116.0,20260812
Etv1,1,60,0.44246989488601685,1295040,"[72119595, 73512203, 78544613, 78544617, 78544623, 78544625, 78544638, 78557190, 78557206, 79746108, 79746110, 79746114, 80409832, 80409836, 80409877]",[78544615],79746116.0,20260812
Etv1,1,61,0.4246848523616791,1295040,"[78544613, 78544615, 78544617, 78544623, 78544625, 78544627, 78544629, 78557190, 78557192, 78557206, 79746108, 79746112, 80409834, 80409836, 80409877]",[78544638],79746116.0,20260812
Etv1,1,62,0.35112524032592773,1295040,"[72119595, 78544613, 78544615, 78544617, 78544619, 78544623, 78544627, 78544638, 78557206, 79746108, 79746110, 80409832, 80409834, 80409836, 80409877]",[78557188],79746116.0,20260812
Etv1,1,63,0.46664148569107056,1295040,"[72119595, 78544613, 78544615, 78544617, 78544619, 78544625, 78544638, 78557188, 78557190, 79746108, 79746110, 80409832, 80409834, 80409836, 80409877]",[78544623],79746116.0,20260812
Etv1,1,64,0.465847909450531,1295040,"[72119595, 78544613, 78544617, 78544619, 78544621, 78544623, 78544629, 78544638, 78557188, 78557190, 78557208, 79746108, 79746112, 79746114, 80409877]",[78544625],79746116.0,20260812
Etv1,1,65,0.4500562250614166,1295040,"[72119595, 73512203, 78544615, 78544617, 78544619, 78544623, 78544625, 78557190, 78557192, 78557206, 78557208, 79746110, 79746114, 80409832, 80409877]",[79746108],79746116.0,20260812
Etv1,1,66,0.4739273488521576,1295040,"[73512203, 78544613, 78544615, 78544617, 78544621, 78544623, 78544627, 78544629, 78557188, 78557208, 79746110, 79746112, 80409832, 80409836, 80409877]",[79746108],79746116.0,20260812
Etv1,1,67,0.4674088656902313,1295040,"[73512203, 78544615, 78544617, 78544619, 78544621, 78544623, 78557188, 78557190, 78557192, 78557206, 79746108, 79746110, 79746112, 80409834, 80409836]",[78544638],79746116.0,20260812
Etv1,1,68,0.46180710196495056,1295040,"[72119595, 73512203, 78544615, 78544617, 78544619, 78544621, 78544627, 78544638, 78557188, 78557190, 78557192, 79746108, 79746114, 80409832, 80409834]",[79746112],79746116.0,20260812
Etv1,1,69,0.4107317328453064,1295040,"[78544613, 78544615, 78544621, 78544629, 78557188, 78557190, 78557192, 78557206, 78557208, 79746108, 79746114, 80409832, 80409834, 80409836, 80409877]",[73512203],79746116.0,20260812
Etv1,1,70,0.4117351174354553,1295040,"[78544613, 78544615, 78544621, 78544623, 78544625, 78544627, 78544629, 78557190, 78557208, 79746108, 79746112, 79746114, 80409832, 80409834, 80409877]",[78557206],79746116.0,20260812
Etv1,1,71,0.4129110872745514,1295040,"[73512203, 78544619, 78544621, 78544623, 78544625, 78544627, 78544629, 78557190, 78557206, 78557208, 79746108, 79746112, 79746114, 80409832, 80409834]",[80409836],79746116.0,20260812
Etv1,1,72,0.5017872452735901,1295040,"[73512203, 78544613, 78544615, 78544627, 78544629, 78557188, 78557190, 78557206, 79746108, 79746110, 79746112, 80409832, 80409834, 80409836, 80409877]",[78544625],79746116.0,20260812
Etv1,1,73,0.4052432179450989,1295040,"[72119595, 73512203, 78544613, 78544617, 78544623, 78544625, 78544629, 78544638, 78557190, 78557206, 78557208, 79746108, 79746112, 80409832, 80409836]",[80409877],79746116.0,20260812
Etv1,1,74,0.4507617652416229,1295040,"[73512203, 78544615, 78544617, 78544621, 78544623, 78544625, 78544629, 78544638, 78557188, 78557190, 78557192, 78557208, 79746114, 80409832, 80409834]",[78544627],79746116.0,20260812
Etv1,1,75,0.47130951285362244,1295040,"[72119595, 73512203, 78544615, 78544619, 78544623, 78544627, 78544638, 78557188, 78557190, 78557206, 79746108, 79746110, 79746114, 80409832, 80409836]",[79746112],79746116.0,20260812
Etv1,1,76,0.21690143644809723,1295040,"[72119595, 78544615, 78544623, 78544627, 78544629, 78557190, 78557192, 78557206, 78557208, 79746108, 79746110, 79746112, 79746114, 80409834, 80409836]",[80409832],79746116.0,20260812
Etv1,1,77,0.3382498025894165,1295040,"[73512203, 78544613, 78544615, 78544617, 78544627, 78544638, 78557188, 78557190, 78557206, 78557208, 79746110, 79746112, 80409832, 80409834, 80409836]",[78544619],79746116.0,20260812
Etv1,1,78,0.336897611618042,1295040,"[72119595, 78544615, 78544617, 78544621, 78544623, 78544638, 78557188, 78557190, 78557192, 78557206, 79746110, 79746112, 80409832, 80409836, 80409877]",[78544619],79746116.0,20260812
Etv1,1,79,0.42879682779312134,1295040,"[78544613, 78544615, 78544619, 78544623, 78544625, 78544638, 78557190, 78557206, 78557208, 79746110, 79746112, 79746114, 80409832, 80409836, 80409877]",[78544627],79746116.0,20260812
Etv1,1,80,0.4107416272163391,1295040,"[72119595, 73512203, 78544613, 78544615, 78544617, 78544623, 78544625, 78544638, 78557188, 78557192, 78557206, 78557208, 79746108, 79746110, 80409877]",[79746114],79746116.0,20260812
Etv1,1,81,0.437485933303833,1295040,"[72119595, 78544613, 78544615, 78544617, 78544619, 78544621, 78544638, 78557188, 78557192, 78557206, 78557208, 79746110, 79746112, 79746114, 80409877]",[78544627],79746116.0,20260812
Etv1,1,82,0.4453933835029602,1295040,"[73512203, 78544613, 78544615, 78544621, 78544625, 78544629, 78544638, 78557188, 78557192, 78557206, 78557208, 79746112, 79746114, 80409832, 80409836]",[79746108],79746116.0,20260812
Etv1,1,83,0.4256967306137085,1295040,"[72119595, 78544617, 78544619, 78544623, 78544625, 78544629, 78557188, 78557190, 78557206, 79746110, 79746112, 79746114, 80409832, 80409834, 80409877]",[78544638],79746116.0,20260812
Etv1,1,84,0.4555361270904541,1295040,"[78544617, 78544619, 78544621, 78544623, 78544627, 78544638, 78557188, 78557206, 78557208, 79746108, 79746110, 79746112, 79746114, 80409834, 80409877]",[78557190],79746116.0,20260812
Etv1,1,85,0.4614824652671814,1295040,"[78544613, 78544615, 78544617, 78544619, 78544627, 78544629, 78557188, 78557190, 78557206, 78557208, 79746108, 79746110, 80409834, 80409836, 80409877]",[78544623],79746116.0,20260812
Etv1,1,86,0.42813509702682495,1295040,"[72119595, 78544617, 78544619, 78544621, 78544623, 78544629, 78544638, 78557188, 78557190, 78557206, 79746110, 79746112, 80409832, 80409836, 80409877]",[78544627],79746116.0,20260812
Etv1,1,87,0.4602840542793274,1295040,"[72119595, 78544613, 78544615, 78544617, 78544621, 78544623, 78544625, 78544629, 78557188, 78557190, 78557206, 78557208, 79746108, 79746114, 80409832]",[78557192],79746116.0,20260812
Etv1,1,88,0.4553377032279968,1295040,"[78544613, 78544615, 78544619, 78544621, 78544625, 78544627, 78557188, 78557206, 78557208, 79746108, 79746112, 79746114, 80409832, 80409834, 80409836]",[78557192],79746116.0,20260812
Etv1,1,89,0.43584975600242615,1295040,"[73512203, 78544613, 78544615, 78544617, 78544621, 78544623, 78544625, 78544629, 79746108, 79746110, 79746112, 79746114, 80409832, 80409834, 80409836]",[78557208],79746116.0,20260812
Etv1,1,90,0.34933382272720337,1295040,"[72119595, 73512203, 78544615, 78544617, 78544621, 78544623, 78544627, 78544629, 78544638, 78557206, 79746114, 80409832, 80409834, 80409836, 80409877]",[78557188],79746116.0,20260812
Etv1,1,91,0.44507840275764465,1295040,"[72119595, 78544613, 78544619, 78544621, 78544623, 78544629, 78544638, 78557188, 78557206, 78557208, 79746108, 79746112, 80409832, 80409834, 80409836]",[79746110],79746116.0,20260812
Etv1,1,92,0.43331289291381836,1295040,"[72119595, 73512203, 78544613, 78544617, 78544621, 78544625, 78544627, 78544629, 78544638, 79746108, 79746112, 79746114, 80409834, 80409836, 80409877]",[78544615],79746116.0,20260812
Etv1,1,93,0.3517002761363983,1295040,"[73512203, 78544621, 78544625, 78544627, 78544629, 78557188, 78557192, 78557206, 78557208, 79746108, 79746110, 79746112, 80409832, 80409834, 80409877]",[78544619],79746116.0,20260812
Etv1,1,94,0.4650040864944458,1295040,"[78544613, 78544615, 78544617, 78544619, 78544621, 78544623, 78544638, 78557188, 78557190, 78557192, 78557206, 78557208, 79746108, 80409834, 80409836]",[79746112],79746116.0,20260812
Etv1,1,95,0.40397700667381287,1295040,"[72119595, 73512203, 78544613, 78544617, 78544638, 78557188, 78557192, 78557208, 79746108, 79746110, 79746114, 80409832, 80409834, 80409836, 80409877]",[78544629],79746116.0,20260812
Etv1,1,96,0.34651505947113037,1295040,"[72119595, 73512203, 78544613, 78544621, 78544623, 78544625, 78544629, 78557190, 78557192, 78557206, 78557208, 79746108, 80409832, 80409836, 80409877]",[78544619],79746116.0,20260812
Etv1,1,97,0.4469919800758362,1295040,"[73512203, 78544613, 78544617, 78544619, 78544625, 78544627, 78544638, 78557188, 78557192, 78557206, 79746110, 79746112, 79746114, 80409832, 80409836]",[78544615],79746116.0,20260812
Etv1,1,98,0.4481624960899353,1295040,"[73512203, 78544613, 78544615, 78544617, 78544619, 78544621, 78544625, 78544629, 78557190, 78557192, 78557208, 79746108, 79746110, 80409832, 80409877]",[78544627],79746116.0,20260812
Etv1,1,99,0.4102952182292938,1295040,"[72119595, 73512203, 78544615, 78544617, 78544623, 78544625, 78544627, 78544638, 78557188, 78557190, 78557206, 79746108, 79746110, 79746112, 80409836]",[78544613],79746116.0,20260812
Etv1,2,0,0.5650112628936768,1295040,"[72119595, 73512203, 78544613, 78544617, 78544619, 78544621, 78544623, 78544627, 78544629, 78557190, 78557206, 79746108, 79746110, 80409832, 80409836]","[78544615, 78544638]",79746116.0,20260812
Etv1,2,1,0.42434731125831604,1295040,"[72119595, 78544615, 78544621, 78544623, 78544625, 78544638, 78557188, 78557190, 78557192, 78557208, 79746108, 79746112, 79746114, 80409836, 80409877]","[78544613, 80409832]",79746116.0,20260812
Etv1,2,2,0.5615601539611816,1295040,"[72119595, 73512203, 78544613, 78544617, 78544619, 78544623, 78544625, 78544627, 78544629, 78544638, 78557190, 78557192, 80409832, 80409836, 80409877]","[79746110, 79746112]",79746116.0,20260812
Etv1,2,3,0.5122281312942505,1295040,"[72119595, 73512203, 78544613, 78544615, 78544617, 78544625, 78544638, 78557188, 78557190, 78557192, 78557206, 79746108, 79746112, 80409832, 80409836]","[78544629, 79746114]",79746116.0,20260812
Etv1,2,4,0.5456855297088623,1295040,"[73512203, 78544615, 78544617, 78544619, 78544621, 78544623, 78544629, 78544638, 78557190, 78557192, 78557208, 79746110, 79746112, 80409832, 80409834]","[78544627, 79746114]",79746116.0,20260812
Etv1,2,5,0.458415150642395,1295040,"[72119595, 73512203, 78544617, 78544625, 78544627, 78544629, 78544638, 78557188, 78557192, 78557206, 78557208, 79746108, 79746112, 79746114, 80409832]","[80409834, 80409836]",79746116.0,20260812
Etv1,2,6,0.45662781596183777,1295040,"[72119595, 73512203, 78544613, 78544615, 78544617, 78544619, 78544623, 78544625, 78544627, 78557192, 78557206, 78557208, 79746112, 79746114, 80409877]","[80409834, 80409836]",79746116.0,20260812
Etv1,2,7,0.5238611698150635,1295040,"[72119595, 78544613, 78544615, 78544619, 78544623, 78544625, 78544627, 78544629, 78557188, 78557190, 78557192, 78557208, 79746108, 79746110, 80409836]","[73512203, 79746114]",79746116.0,20260812
Etv1,2,8,0.5499212741851807,1295040,"[72119595, 78544613, 78544615, 78544617, 78544621, 78544627, 78544629, 78544638, 78557188, 78557190, 78557192, 79746110, 79746112, 80409834, 80409836]","[78557208, 79746114]",79746116.0,20260812
Etv1,2,9,0.44923076033592224,1295040,"[72119595, 78544613, 78544617, 78544621, 78544625, 78544629, 78544638, 78557188, 78557190, 78557208, 79746108, 79746110, 79746112, 80409834, 80409836]","[78557206, 80409832]",79746116.0,20260812
Etv1,2,10,0.5008351802825928,1295040,"[73512203, 78544615, 78544617, 78544621, 78544629, 78544638, 78557192, 78557206, 79746108, 79746110, 79746112, 79746114, 80409834, 80409836, 80409877]","[78544625, 80409832]",79746116.0,20260812
Etv1,2,11,0.538658082485199,1295040,"[72119595, 73512203, 78544613, 78544615, 78544619, 78544623, 78544629, 78557192, 78557208, 79746108, 79746110, 79746112, 79746114, 80409832, 80409877]","[78544627, 80409836]",79746116.0,20260812
Etv1,2,12,0.548051118850708,1295040,"[72119595, 73512203, 78544613, 78544615, 78544617, 78544627, 78557188, 78557190, 78557192, 78557206, 78557208, 79746108, 79746110, 79746114, 80409832]","[78544621, 78544623]",79746116.0,20260812
Etv1,2,13,0.3864007592201233,1295040,"[72119595, 73512203, 78544613, 78544615, 78544617, 78544623, 78544629, 78544638, 78557188, 78557192, 78557208, 79746112, 79746114, 80409836, 80409877]","[78544619, 80409832]",79746116.0,20260812
Etv1,2,14,0.5624935030937195,1295040,"[72119595, 73512203, 78544613, 78544615, 78544617, 78544623, 78544625, 78544627, 78544638, 78557188, 78557206, 79746110, 80409832, 80409836, 80409877]","[78557190, 78557208]",79746116.0,20260812
Etv1,2,15,0.5481035709381104,1295040,"[72119595, 73512203, 78544615, 78544617, 78544625, 78544627, 78544629, 78544638, 78557190, 78557192, 78557208, 79746108, 79746110, 79746112, 80409834]","[78544623, 78557206]",79746116.0,20260812
Etv1,2,16,0.5728355050086975,1295040,"[72119595, 78544613, 78544615, 78544617, 78544625, 78544627, 78544629, 78557190, 78557192, 79746112, 79746114, 80409832, 80409834, 80409836, 80409877]","[78544623, 79746110]",79746116.0,20260812
Etv1,2,17,0.5528055429458618,1295040,"[72119595, 78544613, 78544619, 78544623, 78544625, 78544627, 78544638, 78557188, 78557192, 79746108, 79746110, 80409832, 80409834, 80409836, 80409877]","[79746112, 79746114]",79746116.0,20260812
Etv1,2,18,0.5611569881439209,1295040,"[73512203, 78544613, 78544619, 78544621, 78544623, 78544625, 78557188, 78557192, 78557206, 79746108, 79746112, 80409832, 80409834, 80409836, 80409877]","[78544615, 79746110]",79746116.0,20260812
Etv1,2,19,0.5523085594177246,1295040,"[72119595, 73512203, 78544613, 78544617, 78544619, 78544621, 78544623, 78544629, 78557206, 78557208, 79746110, 79746112, 79746114, 80409834, 80409877]","[78544625, 80409836]",79746116.0,20260812
Etv1,2,20,0.4842565655708313,1295040,"[72119595, 73512203, 78544613, 78544615, 78544617, 78544623, 78544625, 78544629, 78557192, 78557206, 79746108, 79746110, 79746112, 80409836, 80409877]","[78544619, 78544621]",79746116.0,20260812
Etv1,2,21,0.5726797580718994,1295040,"[78544613, 78544615, 78544617, 78544621, 78544625, 78557190, 78557192, 78557206, 78557208, 79746108, 79746112, 79746114, 80409832, 80409834, 80409836]","[78544627, 79746110]",79746116.0,20260812
Etv1,2,22,0.5231948494911194,1295040,"[73512203, 78544613, 78544617, 78544619, 78544621, 78544623, 78544629, 78544638, 78557190, 78557192, 78557208, 79746112, 79746114, 80409834, 80409836]","[72119595, 80409877]",79746116.0,20260812
Etv1,2,23,0.5101394653320312,1295040,"[78544619, 78544623, 78544625, 78544638, 78557188, 78557190, 78557192, 78557206, 78557208, 79746108, 79746110, 79746114, 80409832, 80409836, 80409877]","[78544615, 80409834]",79746116.0,20260812
Etv1,2,24,0.5511500835418701,1295040,"[78544613, 78544623, 78544627, 78544629, 78544638, 78557188, 78557190, 78557192, 78557206, 79746108, 79746112, 80409832, 80409834, 80409836, 80409877]","[72119595, 79746110]",79746116.0,20260812
Etv1,2,25,0.5413439273834229,1295040,"[73512203, 78544613, 78544617, 78544625, 78544627, 78544629, 78544638, 78557188, 78557190, 78557192, 79746108, 79746110, 80409832, 80409834, 80409836]","[78557208, 80409877]",79746116.0,20260812
Etv1,2,26,0.4942203164100647,1295040,"[78544613, 78544615, 78544617, 78544623, 78544629, 78557188, 78557192, 78557208, 79746108, 79746110, 79746112, 79746114, 80409832, 80409834, 80409877]","[73512203, 78544619]",79746116.0,20260812
Etv1,2,27,0.4587729871273041,1295040,"[78544613, 78544615, 78544619, 78544621, 78544623, 78544627, 78544638, 78557188, 78557190, 78557192, 79746108, 79746112, 79746114, 80409836, 80409877]","[79746110, 80409832]",79746116.0,20260812
Etv1,2,28,0.5749390125274658,1295040,"[72119595, 78544613, 78544615, 78544617, 78544619, 78544621, 78544638, 78557190, 78557192, 78557208, 79746108, 79746110, 79746114, 80409836, 80409877]","[78544627, 79746112]",79746116.0,20260812
Etv1,2,29,0.5232334733009338,1295040,"[73512203, 78544613, 78544615, 78544619, 78544623, 78544625, 78557188, 78557192, 78557206, 78557208, 79746112, 79746114, 80409832, 80409834, 80409836]","[78544617, 80409877]",79746116.0,20260812
Etv1,2,30,0.48878592252731323,1295040,"[72119595, 73512203, 78544617, 78544625, 78544629, 78557188, 78557190, 78557192, 78557208, 79746108, 79746110, 79746112, 80409832, 80409834, 80409877]","[78544619, 78544621]",79746116.0,20260812
Etv1,2,31,0.5805500149726868,1295040,"[72119595, 73512203, 78544615, 78544617, 78544619, 78544623, 78544629, 78544638, 78557190, 78557192, 78557208, 79746114, 80409832, 80409834, 80409836]","[78544613, 78544625]",79746116.0,20260812
Etv1,2,32,0.4580444097518921,1295040,"[73512203, 78544613, 78544621, 78544625, 78544638, 78557188, 78557192, 78557206, 78557208, 79746108, 79746110, 79746112, 79746114, 80409834, 80409836]","[78544619, 80409877]",79746116.0,20260812
Etv1,2,33,0.5533879995346069,1295040,"[73512203, 78544613, 78544615, 78544621, 78544623, 78544625, 78544629, 78557192, 78557206, 79746108, 79746112, 79746114, 80409832, 80409836, 80409877]","[72119595, 79746110]",79746116.0,20260812
Etv1,2,34,0.4836571216583252,1295040,"[72119595, 78544613, 78544615, 78544619, 78544621, 78544625, 78544627, 78544629, 78544638, 78557192, 78557206, 78557208, 79746108, 79746110, 79746112]","[78557188, 80409836]",79746116.0,20260812
Etv1,2,35,0.5556724667549133,1295040,"[73512203, 78544613, 78544615, 78544617, 78544621, 78544625, 78544627, 78544629, 78557188, 78557190, 78557206, 79746114, 80409832, 80409834, 80409877]","[78544623, 78557192]",79746116.0,20260812
Etv1,2,36,0.4540812075138092,1295040,"[72119595, 78544613, 78544615, 78544617, 78544619, 78544623, 78544627, 78544629, 78544638, 78557188, 78557190, 78557192, 78557206, 79746108, 79746110]","[80409834, 80409836]",79746116.0,20260812
Etv1,2,37,0.5235534906387329,1295040,"[73512203, 78544613, 78544621, 78544629, 78544638, 78557188, 78557190, 78557192, 78557208, 79746110, 79746112, 79746114, 80409832, 80409834, 80409836]","[72119595, 78557206]",79746116.0,20260812
Etv1,2,38,0.52653968334198,1295040,"[72119595, 73512203, 78544615, 78544617, 78544619, 78544623, 78544629, 78544638, 78557188, 78557190, 78557192, 78557208, 80409832, 80409834, 80409836]","[78544613, 79746110]",79746116.0,20260812
Etv1,2,39,0.5705534219741821,1295040,"[78544615, 78544619, 78544621, 78544623, 78544627, 78557188, 78557192, 78557206, 78557208, 79746108, 79746112, 79746114, 80409834, 80409836, 80409877]","[78544613, 78544625]",79746116.0,20260812
Etv1,2,40,0.530128002166748,1295040,"[72119595, 78544617, 78544619, 78544621, 78544625, 78557192, 78557206, 78557208, 79746108, 79746110, 79746112, 79746114, 80409832, 80409836, 80409877]","[73512203, 78544623]",79746116.0,20260812
Etv1,2,41,0.5295889973640442,1295040,"[72119595, 78544613, 78544615, 78544617, 78544619, 78544625, 78544627, 78557188, 78557206, 78557208, 79746112, 79746114, 80409832, 80409836, 80409877]","[73512203, 79746110]",79746116.0,20260812
Etv1,2,42,0.5317479968070984,1295040,"[72119595, 73512203, 78544619, 78544623, 78544625, 78544629, 78557188, 78557190, 78557192, 78557206, 79746110, 79746112, 80409832, 80409836, 80409877]","[78544627, 79746114]",79746116.0,20260812
Etv1,2,43,0.545683741569519,1295040,"[72119595, 78544619, 78544621, 78544623, 78544627, 78544638, 78557188, 78557192, 78557206, 79746108, 79746110, 79746114, 80409834, 80409836, 80409877]","[78544615, 79746112]",79746116.0,20260812
Etv1,2,44,0.5601577758789062,1295040,"[78544613, 78544621, 78544623, 78544625, 78544627, 78557190, 78557192, 78557206, 79746108, 79746110, 79746112, 79746114, 80409832, 80409834, 80409836]","[73512203, 78544615]",79746116.0,20260812
Etv1,2,45,0.5001865029335022,1295040,"[73512203, 78544613, 78544621, 78544623, 78544625, 78544627, 78544629, 78557190, 78557192, 79746108, 79746110, 79746114, 80409832, 80409834, 80409877]","[72119595, 78544619]",79746116.0,20260812
Etv1,2,46,0.5383025407791138,1295040,"[72119595, 73512203, 78544615, 78544617, 78544619, 78544623, 78544625, 78544629, 78557190, 78557206, 78557208, 79746110, 79746112, 80409832, 80409834]","[78544613, 78544638]",79746116.0,20260812
Etv1,2,47,0.5615628361701965,1295040,"[78544613, 78544617, 78544619, 78544621, 78544623, 78544625, 78544629, 78557190, 78557206, 78557208, 79746114, 80409832, 80409834, 80409836, 80409877]","[78544627, 79746112]",79746116.0,20260812
Etv1,2,48,0.47431471943855286,1295040,"[73512203, 78544615, 78544619, 78544621, 78544623, 78544625, 78544627, 78544638, 78557190, 78557208, 79746110, 79746112, 79746114, 80409832, 80409877]","[78544617, 80409834]",79746116.0,20260812
Etv1,2,49,0.4858280122280121,1295040,"[78544617, 78544619, 78544621, 78544623, 78544625, 78544627, 78544629, 78544638, 78557190, 78557206, 79746110, 79746114, 80409832, 80409836, 80409877]","[72119595, 78557188]",79746116.0,20260812
Etv1,2,50,0.5197566151618958,1295040,"[72119595, 78544613, 78544615, 78544617, 78544619, 78544623, 78544625, 78544629, 78557188, 78557192, 78557206, 78557208, 79746108, 79746114, 80409877]","[78544621, 79746110]",79746116.0,20260812
Etv1,2,51,0.5525485277175903,1295040,"[72119595, 73512203, 78544613, 78544617, 78544621, 78544623, 78557188, 78557206, 78557208, 79746108, 79746110, 79746114, 80409832, 80409834, 80409877]","[78557190, 80409836]",79746116.0,20260812
Etv1,2,52,0.5555466413497925,1295040,"[78544613, 78544615, 78544617, 78544619, 78544621, 78544629, 78544638, 78557190, 78557192, 78557206, 78557208, 79746112, 79746114, 80409834, 80409836]","[78544627, 79746110]",79746116.0,20260812
Etv1,2,53,0.5362700819969177,1295040,"[72119595, 78544613, 78544615, 78544617, 78544621, 78544625, 78544627, 78544629, 78557188, 78557192, 78557206, 78557208, 80409832, 80409836, 80409877]","[79746108, 79746112]",79746116.0,20260812
Etv1,2,54,0.5406114459037781,1295040,"[72119595, 78544613, 78544615, 78544621, 78544623, 78544627, 78544629, 78557190, 78557206, 78557208, 79746110, 79746114, 80409834, 80409836, 80409877]","[73512203, 78544617]",79746116.0,20260812
Etv1,2,55,0.4792865514755249,1295040,"[72119595, 73512203, 78544613, 78544615, 78544617, 78544619, 78544623, 78544629, 78557192, 78557206, 78557208, 79746110, 79746114, 80409832, 80409834]","[78557188, 79746112]",79746116.0,20260812
Etv1,2,56,0.48597604036331177,1295040,"[72119595, 73512203, 78544613, 78544621, 78544623, 78544625, 78544627, 78544629, 78557188, 78557190, 78557206, 78557208, 79746112, 79746114, 80409836]","[78557192, 80409832]",79746116.0,20260812
Etv1,2,57,0.5288734436035156,1295040,"[72119595, 73512203, 78544615, 78544617, 78544619, 78544625, 78544638, 78557188, 78557190, 78557206, 78557208, 79746108, 79746110, 80409832, 80409877]","[78544613, 78544629]",79746116.0,20260812
Etv1,2,58,0.5541062355041504,1295040,"[72119595, 78544615, 78544619, 78544623, 78544625, 78544627, 78544629, 78557188, 78557190, 78557206, 78557208, 79746110, 79746112, 80409834, 80409877]","[78544617, 78544638]",79746116.0,20260812
Etv1,2,59,0.5465351939201355,1295040,"[72119595, 73512203, 78544615, 78544619, 78544625, 78544627, 78544629, 78557188, 78557206, 78557208, 79746110, 79746112, 80409832, 80409834, 80409836]","[78544613, 78557192]",79746116.0,20260812
Etv1,2,60,0.5041563510894775,1295040,"[72119595, 73512203, 78544613, 78544621, 78544623, 78544629, 78544638, 78557188, 78557192, 78557206, 79746108, 79746110, 80409832, 80409834, 80409836]","[78544617, 80409877]",79746116.0,20260812
Etv1,2,61,0.537264883518219,1295040,"[72119595, 73512203, 78544615, 78544617, 78544625, 78544627, 78544629, 78544638, 78557188, 78557190, 79746108, 79746110, 79746114, 80409834, 80409877]","[78544613, 78544621]",79746116.0,20260812
Etv1,2,62,0.4867381453514099,1295040,"[72119595, 73512203, 78544615, 78544617, 78544621, 78544623, 78544625, 78544627, 78544638, 78557188, 78557190, 78557192, 78557208, 79746114, 80409877]","[78557206, 80409834]",79746116.0,20260812
Etv1,2,63,0.5518662333488464,1295040,"[72119595, 78544613, 78544621, 78544623, 78544627, 78544629, 78544638, 78557188, 78557190, 78557192, 78557208, 79746108, 79746112, 79746114, 80409836]","[73512203, 78544615]",79746116.0,20260812
Etv1,2,64,0.47743627429008484,1295040,"[73512203, 78544615, 78544619, 78544621, 78544623, 78544625, 78544638, 78557190, 78557192, 78557206, 78557208, 79746110, 79746114, 80409834, 80409877]","[78557188, 79746112]",79746116.0,20260812
Etv1,2,65,0.486270934343338,1295040,"[72119595, 73512203, 78544613, 78544617, 78544619, 78544621, 78544625, 78544627, 78544629, 78544638, 78557190, 78557206, 79746112, 79746114, 80409836]","[78557188, 79746110]",79746116.0,20260812
Etv1,2,66,0.536649227142334,1295040,"[73512203, 78544613, 78544617, 78544619, 78544621, 78544625, 78544627, 78557190, 78557192, 78557206, 78557208, 79746108, 79746110, 80409832, 80409834]","[72119595, 79746112]",79746116.0,20260812
Etv1,2,67,0.5318526029586792,1295040,"[72119595, 73512203, 78544613, 78544617, 78544619, 78544621, 78544623, 78544625, 78544627, 78557190, 78557192, 79746114, 80409832, 80409836, 80409877]","[78557206, 79746110]",79746116.0,20260812
Etv1,2,68,0.49812373518943787,1295040,"[78544613, 78544623, 78544625, 78544627, 78544629, 78544638, 78557188, 78557190, 78557192, 78557208, 79746108, 79746112, 79746114, 80409832, 80409877]","[78544619, 79746110]",79746116.0,20260812
Etv1,2,69,0.5462036728858948,1295040,"[72119595, 78544617, 78544619, 78544621, 78544623, 78544625, 78544627, 78544629, 78544638, 78557206, 78557208, 79746110, 79746112, 79746114, 80409832]","[78544613, 78557190]",79746116.0,20260812
Etv1,2,70,0.5496863722801208,1295040,"[73512203, 78544613, 78544617, 78544623, 78544627, 78544629, 78544638, 78557188, 78557190, 78557192, 78557208, 79746112, 79746114, 80409834, 80409836]","[78544625, 78557206]",79746116.0,20260812
Etv1,2,71,0.577031135559082,1295040,"[72119595, 73512203, 78544615, 78544617, 78544623, 78544627, 78544629, 78557188, 78557190, 78557206, 79746110, 79746112, 80409834, 80409836, 80409877]","[78544625, 78544638]",79746116.0,20260812
Etv1,2,72,0.5432413816452026,1295040,"[72119595, 73512203, 78544615, 78544619, 78544621, 78544625, 78544629, 78544638, 79746108, 79746110, 79746114, 80409832, 80409834, 80409836, 80409877]","[78544623, 78557190]",79746116.0,20260812
Etv1,2,73,0.5739103555679321,1295040,"[73512203, 78544613, 78544615, 78544617, 78544619, 78544621, 78544623, 78544627, 78557190, 78557192, 78557208, 79746114, 80409834, 80409836, 80409877]","[72119595, 78544625]",79746116.0,20260812
Etv1,2,74,0.5315266847610474,1295040,"[72119595, 73512203, 78544615, 78544619, 78544623, 78544625, 78557188, 78557190, 78557192, 78557206, 78557208, 79746112, 79746114, 80409834, 80409836]","[78544613, 78544627]",79746116.0,20260812
Etv1,2,75,0.5280008316040039,1295040,"[72119595, 73512203, 78544617, 78544623, 78544625, 78544627, 78544629, 78557188, 78557192, 78557206, 78557208, 79746110, 79746112, 80409832, 80409836]","[78544621, 78557190]",79746116.0,20260812
Etv1,2,76,0.5722365379333496,1295040,"[72119595, 78544613, 78544615, 78544617, 78544619, 78544621, 78544625, 78544627, 78557188, 78557192, 79746108, 79746110, 79746114, 80409832, 80409836]","[78544638, 78557190]",79746116.0,20260812
Etv1,2,77,0.4737321138381958,1295040,"[72119595, 73512203, 78544613, 78544615, 78544619, 78544621, 78544623, 78544625, 78544638, 78557190, 78557208, 79746108, 79746112, 80409832, 80409877]","[78544617, 78557188]",79746116.0,20260812
Etv1,2,78,0.5810542106628418,1295040,"[72119595, 73512203, 78544615, 78544617, 78544623, 78544625, 78544627, 78544629, 78557188, 78557190, 78557206, 78557208, 79746112, 79746114, 80409877]","[78544638, 78557192]",79746116.0,20260812
Etv1,2,79,0.527386486530304,1295040,"[72119595, 78544613, 78544615, 78544619, 78544621, 78544625, 78544627, 78544638, 78557188, 78557190, 78557208, 79746108, 79746110, 80409832, 80409877]","[78544617, 79746114]",79746116.0,20260812
Etv1,2,80,0.5127720832824707,1295040,"[72119595, 73512203, 78544613, 78544615, 78544617, 78544621, 78544627, 78544638, 78557188, 78557192, 78557206, 79746108, 79746114, 80409832, 80409877]","[78544619, 78557190]",79746116.0,20260812
Etv1,2,81,0.5215685367584229,1295040,"[72119595, 73512203, 78544613, 78544619, 78544621, 78544623, 78544629, 78544638, 78557192, 78557208, 79746110, 79746112, 79746114, 80409834, 80409836]","[78544617, 78557206]",79746116.0,20260812
Etv1,2,82,0.49315670132637024,1295040,"[78544613, 78544617, 78544623, 78544625, 78544627, 78544629, 78557188, 78557190, 78557192, 78557206, 79746108, 79746110, 79746112, 80409834, 80409836]","[78544621, 79746114]",79746116.0,20260812
Etv1,2,83,0.5756971836090088,1295040,"[72119595, 78544613, 78544615, 78544617, 78544619, 78544621, 78544623, 78544625, 78544638, 78557190, 78557192, 78557208, 79746110, 79746114, 80409834]","[78544627, 79746112]",79746116.0,20260812
Etv1,2,84,0.5714259147644043,1295040,"[72119595, 78544613, 78544615, 78544617, 78544619, 78544621, 78544623, 78544625, 78557188, 78557190, 78557192, 79746110, 79746112, 80409832, 80409836]","[78544638, 79746108]",79746116.0,20260812
Etv1,2,85,0.5659627914428711,1295040,"[73512203, 78544615, 78544617, 78544619, 78544621, 78544623, 78544625, 78544638, 78557188, 78557192, 78557206, 78557208, 79746108, 79746110, 80409834]","[78544627, 78557190]",79746116.0,20260812
Etv1,2,86,0.5163213610649109,1295040,"[73512203, 78544613, 78544615, 78544617, 78544619, 78544621, 78544625, 78544638, 78557188, 78557190, 78557192, 78557206, 79746108, 79746114, 80409832]","[80409836, 80409877]",79746116.0,20260812
Etv1,2,87,0.42062270641326904,1295040,"[72119595, 73512203, 78544613, 78544617, 78544619, 78544621, 78544623, 78544627, 78544629, 78544638, 78557190, 78557192, 78557208, 79746108, 79746112]","[80409832, 80409877]",79746116.0,20260812
Etv1,2,88,0.527283787727356,1295040,"[72119595, 78544613, 78544615, 78544617, 78544619, 78544621, 78544629, 78557188, 78557190, 78557192, 78557206, 79746108, 79746110, 79746112, 80409877]","[73512203, 79746114]",79746116.0,20260812
Etv1,2,89,0.5551074743270874,1295040,"[72119595, 78544613, 78544619, 78544627, 78544629, 78557188, 78557190, 78557206, 78557208, 79746108, 79746110, 79746112, 80409832, 80409836, 80409877]","[78544617, 78544625]",79746116.0,20260812
Etv1,2,90,0.4993867576122284,1295040,"[72119595, 73512203, 78544613, 78544615, 78544619, 78544625, 78557188, 78557190, 78557206, 78557208, 79746108, 79746110, 79746114, 80409832, 80409834]","[78544621, 78544638]",79746116.0,20260812
Etv1,2,91,0.5502104759216309,1295040,"[78544613, 78544617, 78544619, 78544621, 78544623, 78544625, 78544629, 78557188, 78557206, 78557208, 79746108, 79746112, 80409832, 80409836, 80409877]","[73512203, 78544615]",79746116.0,20260812
Etv1,2,92,0.5441265106201172,1295040,"[72119595, 73512203, 78544613, 78544615, 78544623, 78544625, 78544629, 78557192, 78557208, 79746108, 79746112, 79746114, 80409832, 80409834, 80409877]","[78557206, 80409836]",79746116.0,20260812
Etv1,2,93,0.534048318862915,1295040,"[72119595, 78544613, 78544615, 78544619, 78544621, 78544627, 78544638, 78557188, 78557190, 78557208, 79746108, 79746112, 79746114, 80409832, 80409834]","[78557206, 79746110]",79746116.0,20260812
Etv1,2,94,0.5531895756721497,1295040,"[72119595, 73512203, 78544617, 78544619, 78544623, 78544625, 78544629, 78544638, 78557190, 78557192, 78557206, 78557208, 79746110, 79746112, 80409832]","[78544627, 79746114]",79746116.0,20260812
Etv1,2,95,0.4610809087753296,1295040,"[72119595, 73512203, 78544615, 78544619, 78544621, 78544623, 78544629, 78557190, 78557192, 78557206, 78557208, 79746110, 79746114, 80409832, 80409877]","[78544613, 80409834]",79746116.0,20260812
Etv1,2,96,0.5054267644882202,1295040,"[73512203, 78544615, 78544617, 78544619, 78544621, 78544625, 78544627, 78544638, 78557206, 78557208, 79746110, 79746112, 79746114, 80409832, 80409836]","[78544613, 80409877]",79746116.0,20260812
Etv1,2,97,0.5351133942604065,1295040,"[72119595, 73512203, 78544613, 78544615, 78544617, 78544623, 78544638, 78557188, 78557192, 78557206, 78557208, 79746112, 80409832, 80409834, 80409836]","[78557190, 80409877]",79746116.0,20260812
Etv1,2,98,0.508225679397583,1295040,"[78544617, 78544619, 78544621, 78544625, 78544629, 78544638, 78557188, 78557206, 78557208, 79746110, 79746112, 80409832, 80409834, 80409836, 80409877]","[73512203, 79746108]",79746116.0,20260812
Etv1,2,99,0.5143567323684692,1295040,"[72119595, 73512203, 78544615, 78544619, 78544621, 78544623, 78544625, 78544629, 78544638, 78557188, 78557190, 78557206, 80409832, 80409834, 80409877]","[78544627, 80409836]",79746116.0,20260812
Etv1,3,0,0.6040983200073242,1295040,"[72119595, 78544613, 78544619, 78544621, 78544625, 78557190, 78557192, 78557208, 79746108, 79746110, 79746114, 80409832, 80409834, 80409836, 80409877]","[78544629, 78557206, 79746112]",79746116.0,20260812
Etv1,3,1,0.6052382588386536,1295040,"[72119595, 73512203, 78544613, 78544621, 78544623, 78544627, 78544638, 78557188, 78557192, 78557206, 78557208, 79746112, 80409832, 80409834, 80409877]","[78544625, 79746114, 80409836]",79746116.0,20260812
Etv1,3,2,0.6247472167015076,1295040,"[72119595, 78544613, 78544619, 78544621, 78544627, 78544638, 78557188, 78557192, 78557206, 78557208, 79746108, 79746110, 79746114, 80409836, 80409877]","[73512203, 78544615, 78544629]",79746116.0,20260812
Etv1,3,3,0.5619016885757446,1295040,"[72119595, 73512203, 78544615, 78544617, 78544619, 78544627, 78544638, 78557192, 78557206, 78557208, 79746108, 79746114, 80409832, 80409834, 80409836]","[78544623, 78544629, 78557188]",79746116.0,20260812
Etv1,3,4,0.6182772517204285,1295040,"[78544619, 78544625, 78544627, 78544629, 78544638, 78557188, 78557190, 78557192, 78557208, 79746108, 79746112, 79746114, 80409832, 80409834, 80409836]","[78544615, 78544623, 80409877]",79746116.0,20260812
Etv1,3,5,0.5957074165344238,1295040,"[73512203, 78544615, 78544617, 78544619, 78544623, 78544625, 78557188, 78557190, 78557192, 78557208, 79746110, 79746114, 80409834, 80409836, 80409877]","[72119595, 78544629, 78557206]",79746116.0,20260812
Etv1,3,6,0.5755917429924011,1295040,"[72119595, 78544613, 78544617, 78544625, 78544627, 78544629, 78544638, 78557190, 78557208, 79746108, 79746110, 79746114, 80409832, 80409834, 80409877]","[78557188, 79746112, 80409836]",79746116.0,20260812
Etv1,3,7,0.5652301907539368,1295040,"[78544617, 78544619, 78544621, 78544623, 78544625, 78544638, 78557188, 78557190, 78557192, 78557206, 79746108, 79746110, 79746112, 80409834, 80409836]","[78544613, 78557208, 80409832]",79746116.0,20260812
Etv1,3,8,0.5585759878158569,1295040,"[72119595, 78544613, 78544619, 78544621, 78544623, 78544627, 78544629, 78544638, 78557188, 78557190, 78557206, 78557208, 79746110, 80409832, 80409877]","[78557192, 79746112, 80409834]",79746116.0,20260812
Etv1,3,9,0.6127492189407349,1295040,"[72119595, 73512203, 78544613, 78544615, 78544619, 78544625, 78544629, 78544638, 78557188, 78557190, 78557206, 79746112, 80409834, 80409836, 80409877]","[78544623, 78557192, 79746108]",79746116.0,20260812
Etv1,3,10,0.568414568901062,1295040,"[72119595, 78544617, 78544623, 78544627, 78544629, 78544638, 78557190, 78557192, 78557206, 79746108, 79746110, 79746114, 80409832, 80409836, 80409877]","[78544619, 78557208, 80409834]",79746116.0,20260812
Etv1,3,11,0.6129264831542969,1295040,"[72119595, 73512203, 78544615, 78544619, 78544623, 78544625, 78544627, 78544638, 78557192, 78557206, 79746108, 79746110, 79746112, 79746114, 80409832]","[78544617, 78544629, 80409836]",79746116.0,20260812
Etv1,3,12,0.5932939052581787,1295040,"[73512203, 78544613, 78544617, 78544619, 78544621, 78544623, 78544629, 78557192, 79746108, 79746110, 79746112, 79746114, 80409832, 80409836, 80409877]","[78557188, 78557190, 78557208]",79746116.0,20260812
Etv1,3,13,0.5701686143875122,1295040,"[78544615, 78544621, 78544623, 78544625, 78544629, 78557188, 78557190, 78557192, 78557206, 78557208, 79746108, 79746112, 80409832, 80409836, 80409877]","[72119595, 79746110, 80409834]",79746116.0,20260812
Etv1,3,14,0.47567018866539,1295040,"[72119595, 73512203, 78544617, 78544619, 78544623, 78544625, 78544627, 78544638, 78557188, 78557190, 78557208, 79746108, 79746110, 79746112, 80409836]","[80409832, 80409834, 80409877]",79746116.0,20260812
Etv1,3,15,0.5354701280593872,1295040,"[73512203, 78544619, 78544621, 78544625, 78544629, 78544638, 78557188, 78557190, 78557206, 78557208, 79746108, 79746110, 79746112, 79746114, 80409832]","[78544623, 80409834, 80409836]",79746116.0,20260812
Etv1,3,16,0.624555230140686,1295040,"[72119595, 73512203, 78544613, 78544619, 78544625, 78544627, 78544629, 78557190, 78557192, 78557206, 78557208, 79746108, 79746112, 80409832, 80409877]","[78544615, 78544617, 78544621]",79746116.0,20260812
Etv1,3,17,0.6134270429611206,1295040,"[72119595, 73512203, 78544615, 78544621, 78544623, 78544625, 78544627, 78544629, 78557188, 78557192, 78557206, 78557208, 79746112, 80409834, 80409877]","[78557190, 79746108, 79746110]",79746116.0,20260812
Etv1,3,18,0.5055972337722778,1295040,"[72119595, 73512203, 78544613, 78544615, 78544617, 78544621, 78544625, 78544627, 78544629, 78557192, 78557206, 78557208, 79746110, 79746114, 80409877]","[78557190, 80409832, 80409834]",79746116.0,20260812
Etv1,3,19,0.5597430467605591,1295040,"[72119595, 73512203, 78544613, 78544615, 78544619, 78544621, 78544623, 78544625, 78544638, 78557190, 78557206, 79746110, 80409832, 80409836, 80409877]","[78544629, 79746114, 80409834]",79746116.0,20260812
Etv1,3,20,0.5428138971328735,1295040,"[78544613, 78544615, 78544617, 78544621, 78544623, 78544627, 78544638, 78557192, 78557206, 78557208, 79746110, 79746112, 80409834, 80409836, 80409877]","[78544619, 79746108, 79746114]",79746116.0,20260812
Etv1,3,21,0.621949315071106,1295040,"[73512203, 78544617, 78544621, 78544623, 78544625, 78544627, 78544638, 78557192, 78557206, 79746108, 79746110, 79746114, 80409832, 80409836, 80409877]","[78544615, 78544629, 79746112]",79746116.0,20260812
Etv1,3,22,0.6390763521194458,1295040,"[72119595, 73512203, 78544617, 78544619, 78544621, 78544629, 78557188, 78557192, 78557206, 78557208, 79746110, 79746112, 79746114, 80409832, 80409877]","[78544625, 78544638, 78557190]",79746116.0,20260812
Etv1,3,23,0.573307991027832,1295040,"[73512203, 78544613, 78544615, 78544619, 78544623, 78544625, 78544629, 78544638, 78557190, 78557206, 79746110, 79746114, 80409834, 80409836, 80409877]","[72119595, 78544627, 78557188]",79746116.0,20260812
Etv1,3,24,0.6197023391723633,1295040,"[72119595, 78544613, 78544615, 78544619, 78544621, 78544623, 78544627, 78557188, 78557190, 78557192, 78557206, 79746108, 79746110, 79746112, 80409832]","[78544629, 78544638, 79746114]",79746116.0,20260812
Etv1,3,25,0.563533365726471,1295040,"[72119595, 78544615, 78544617, 78544619, 78544623, 78544625, 78544627, 78544638, 78557192, 78557206, 79746110, 79746112, 79746114, 80409836, 80409877]","[73512203, 78544613, 78557188]",79746116.0,20260812
Etv1,3,26,0.596346378326416,1295040,"[78544613, 78544615, 78544617, 78544619, 78544623, 78544629, 78557188, 78557190, 78557208, 79746108, 79746110, 79746114, 80409832, 80409836, 80409877]","[72119595, 73512203, 78544638]",79746116.0,20260812
Etv1,3,27,0.5254194736480713,1295040,"[72119595, 73512203, 78544615, 78544617, 78544623, 78544625, 78544638, 78557188, 78557190, 79746108, 79746110, 79746112, 79746114, 80409834, 80409877]","[78544619, 78544621, 80409832]",79746116.0,20260812
Etv1,3,28,0.6242128610610962,1295040,"[72119595, 73512203, 78544613, 78544617, 78544623, 78544625, 78544629, 78544638, 78557188, 78557192, 78557206, 79746108, 79746114, 80409834, 80409836]","[78544615, 79746112, 80409877]",79746116.0,20260812
Etv1,3,29,0.6116676926612854,1295040,"[72119595, 78544613, 78544621, 78544623, 78544625, 78544627, 78557192, 79746108, 79746110, 79746112, 79746114, 80409832, 80409834, 80409836, 80409877]","[78544617, 78544629, 78557190]",79746116.0,20260812
Etv1,3,30,0.5768505930900574,1295040,"[78544615, 78544619, 78544621, 78544623, 78544627, 78544629, 78557190, 78557192, 78557208, 79746108, 79746110, 79746114, 80409832, 80409834, 80409836]","[78544617, 78557188, 79746112]",79746116.0,20260812
Etv1,3,31,0.5726149678230286,1295040,"[72119595, 73512203, 78544615, 78544617, 78544621, 78544623, 78544627, 78557188, 78557190, 78557208, 79746110, 79746112, 80409832, 80409836, 80409877]","[79746108, 79746114, 80409834]",79746116.0,20260812
Etv1,3,32,0.6166591644287109,1295040,"[72119595, 73512203, 78544615, 78544617, 78544621, 78544623, 78544625, 78544627, 78557188, 78557190, 78557192, 79746110, 79746112, 79746114, 80409832]","[78557206, 78557208, 79746108]",79746116.0,20260812
Etv1,3,33,0.5760387182235718,1295040,"[72119595, 73512203, 78544615, 78544619, 78557188, 78557190, 78557206, 78557208, 79746108, 79746110, 79746112, 79746114, 80409834, 80409836, 80409877]","[78544617, 78544621, 78544638]",79746116.0,20260812
Etv1,3,34,0.5964184999465942,1295040,"[72119595, 78544613, 78544621, 78544623, 78544625, 78544629, 78544638, 78557188, 78557206, 78557208, 79746108, 79746110, 79746112, 80409832, 80409834]","[78544615, 78544627, 80409877]",79746116.0,20260812
Etv1,3,35,0.608697235584259,1295040,"[72119595, 78544615, 78544619, 78544623, 78544625, 78544627, 78544638, 78557206, 78557208, 79746110, 79746112, 80409832, 80409834, 80409836, 80409877]","[73512203, 78544621, 78557190]",79746116.0,20260812
Etv1,3,36,0.6357542276382446,1295040,"[72119595, 73512203, 78544613, 78544615, 78544617, 78544619, 78544621, 78544627, 78557188, 78557208, 79746108, 79746110, 79746114, 80409832, 80409834]","[78544638, 78557192, 80409836]",79746116.0,20260812
Etv1,3,37,0.5559822916984558,1295040,"[78544617, 78544627, 78544629, 78557188, 78557190, 78557192, 78557206, 78557208, 79746110, 79746112, 79746114, 80409832, 80409834, 80409836, 80409877]","[73512203, 78544613, 79746108]",79746116.0,20260812
Etv1,3,38,0.5864661335945129,1295040,"[73512203, 78544615, 78544623, 78544627, 78544638, 78557190, 78557206, 78557208, 79746108, 79746110, 79746112, 80409832, 80409834, 80409836, 80409877]","[78544619, 78544625, 79746114]",79746116.0,20260812
Etv1,3,39,0.6007896661758423,1295040,"[72119595, 73512203, 78544615, 78544617, 78544619, 78544621, 78544623, 78544627, 78544629, 78544638, 78557192, 78557206, 79746108, 79746114, 80409834]","[79746110, 80409836, 80409877]",79746116.0,20260812
Etv1,3,40,0.6064861416816711,1295040,"[73512203, 78544613, 78544615, 78544617, 78544621, 78544627, 78544629, 78557190, 78557192, 78557208, 79746108, 79746110, 79746112, 80409836, 80409877]","[78544625, 78557188, 78557206]",79746116.0,20260812
Etv1,3,41,0.6137418150901794,1295040,"[73512203, 78544615, 78544619, 78544621, 78544623, 78544627, 78544629, 78544638, 78557188, 78557190, 78557206, 80409832, 80409834, 80409836, 80409877]","[72119595, 78544617, 78544625]",79746116.0,20260812
Etv1,3,42,0.5638532042503357,1295040,"[72119595, 73512203, 78544615, 78544617, 78544619, 78544638, 78557192, 78557206, 78557208, 79746108, 79746110, 79746112, 80409832, 80409836, 80409877]","[78544623, 78557188, 79746114]",79746116.0,20260812
Etv1,3,43,0.599925696849823,1295040,"[72119595, 78544615, 78544619, 78544621, 78544623, 78544625, 78544627, 78544629, 78544638, 78557190, 78557206, 79746110, 79746114, 80409832, 80409834]","[78544617, 78557192, 80409877]",79746116.0,20260812
Etv1,3,44,0.5934725999832153,1295040,"[78544615, 78544621, 78544625, 78544627, 78544629, 78557190, 78557192, 78557206, 78557208, 79746108, 79746110, 79746112, 80409832, 80409834, 80409836]","[78544619, 78544638, 80409877]",79746116.0,20260812
Etv1,3,45,0.6398780345916748,1295040,"[72119595, 78544613, 78544615, 78544617, 78544619, 78544621, 78544623, 78544625, 78557188, 78557192, 78557208, 79746108, 79746110, 79746114, 80409836]","[78544638, 78557190, 79746112]",79746116.0,20260812
Etv1,3,46,0.6190905570983887,1295040,"[72119595, 73512203, 78544613, 78544615, 78544619, 78544621, 78544623, 78544625, 78544627, 78557190, 78557192, 78557206, 79746112, 79746114, 80409836]","[78544629, 78557208, 80409877]",79746116.0,20260812
Etv1,3,47,0.5993156433105469,1295040,"[78544613, 78544615, 78544617, 78544621, 78544623, 78544629, 78544638, 78557188, 78557206, 78557208, 79746108, 79746112, 79746114, 80409832, 80409834]","[78544619, 78557192, 80409836]",79746116.0,20260812
Etv1,3,48,0.5137861967086792,1295040,"[78544613, 78544615, 78544617, 78544621, 78544625, 78544627, 78544629, 78557188, 78557190, 78557192, 78557206, 79746110, 79746112, 80409834, 80409836]","[73512203, 78544619, 80409832]",79746116.0,20260812
Etv1,3,49,0.597152590751648,1295040,"[73512203, 78544617, 78544625, 78544627, 78544629, 78544638, 78557192, 78557206, 78557208, 79746110, 79746112, 79746114, 80409832, 80409834, 80409836]","[78544613, 78544621, 80409877]",79746116.0,20260812
Etv1,3,50,0.4674893617630005,1295040,"[72119595, 78544613, 78544615, 78544621, 78544627, 78544638, 78557188, 78557190, 78557192, 78557206, 78557208, 79746108, 79746110, 79746114, 80409836]","[78544619, 78544629, 80409832]",79746116.0,20260812
Etv1,3,51,0.5730279684066772,1295040,"[73512203, 78544613, 78544615, 78544617, 78544621, 78544623, 78544627, 78544629, 78544638, 78557188, 78557190, 78557192, 79746114, 80409836, 80409877]","[78544619, 78557206, 79746112]",79746116.0,20260812
Etv1,3,52,0.5961490869522095,1295040,"[72119595, 73512203, 78544613, 78544615, 78544619, 78544623, 78544625, 78544627, 78557188, 78557192, 78557208, 80409832, 80409834, 80409836, 80409877]","[78544617, 78544621, 79746110]",79746116.0,20260812
Etv1,3,53,0.5995481014251709,1295040,"[78544615, 78544617, 78544619, 78544623, 78544625, 78544629, 78544638, 78557188, 78557190, 79746108, 79746112, 79746114, 80409834, 80409836, 80409877]","[78544613, 78544621, 78557206]",79746116.0,20260812
Etv1,3,54,0.617918848991394,1295040,"[72119595, 78544613, 78544615, 78544619, 78544623, 78544625, 78544629, 78557188, 78557190, 78557192, 79746112, 79746114, 80409832, 80409834, 80409877]","[78544617, 78557208, 79746108]",79746116.0,20260812
Etv1,3,55,0.5601641535758972,1295040,"[72119595, 78544613, 78544615, 78544621, 78544623, 78544625, 78544627, 78544629, 78544638, 78557190, 78557192, 78557206, 79746112, 79746114, 80409836]","[78544617, 78544619, 80409877]",79746116.0,20260812
Etv1,3,56,0.5260406136512756,1295040,"[72119595, 73512203, 78544617, 78544621, 78544623, 78544625, 78544627, 78544629, 78557188, 78557190, 78557208, 79746108, 79746112, 80409836, 80409877]","[78557206, 79746114, 80409832]",79746116.0,20260812
Etv1,3,57,0.5466138124465942,1295040,"[72119595, 73512203, 78544615, 78544617, 78544623, 78544625, 78544627, 78544629, 78544638, 78557188, 78557190, 79746110, 80409834, 80409836, 80409877]","[78544613, 79746108, 80409832]",79746116.0,20260812
Etv1,3,58,0.5992375612258911,1295040,"[73512203, 78544613, 78544615, 78544617, 78544621, 78544623, 78544629, 78557188, 78557192, 78557206, 79746108, 79746110, 79746114, 80409836, 80409877]","[78544625, 78544627, 80409834]",79746116.0,20260812
Etv1,3,59,0.5696536898612976,1295040,"[73512203, 78544617, 78544619, 78544621, 78544623, 78544627, 78544629, 78557190, 78557192, 78557206, 79746110, 79746112, 80409832, 80409834, 80409877]","[72119595, 78544613, 78557188]",79746116.0,20260812
Etv1,3,60,0.601258397102356,1295040,"[72119595, 78544613, 78544615, 78544621, 78544623, 78544625, 78544629, 78557188, 78557190, 78557192, 78557206, 79746108, 79746110, 79746114, 80409834]","[73512203, 79746112, 80409836]",79746116.0,20260812
Etv1,3,61,0.5776349306106567,1295040,"[78544617, 78544619, 78544621, 78544623, 78544625, 78544627, 78544629, 78544638, 78557190, 78557192, 79746108, 79746110, 79746114, 80409832, 80409834]","[72119595, 73512203, 79746112]",79746116.0,20260812
Etv1,3,62,0.6232953071594238,1295040,"[72119595, 73512203, 78544613, 78544615, 78544619, 78544621, 78557188, 78557190, 78557192, 78557208, 79746114, 80409832, 80409834, 80409836, 80409877]","[78544629, 78544638, 78557206]",79746116.0,20260812
Etv1,3,63,0.6234678030014038,1295040,"[72119595, 73512203, 78544621, 78544623, 78544625, 78544627, 78544629, 78557190, 78557206, 79746108, 79746110, 79746112, 80409832, 80409834, 80409836]","[78544613, 78544638, 79746114]",79746116.0,20260812
Etv1,3,64,0.5779549479484558,1295040,"[72119595, 73512203, 78544613, 78544617, 78544621, 78544623, 78544627, 78544629, 78557188, 78557192, 79746110, 79746114, 80409834, 80409836, 80409877]","[78544638, 79746112, 80409832]",79746116.0,20260812
Etv1,3,65,0.658121645450592,1295040,"[72119595, 73512203, 78544613, 78544621, 78544625, 78544627, 78544629, 78557188, 78557190, 78557192, 78557208, 79746110, 79746112, 80409834, 80409877]","[78544623, 78544638, 79746108]",79746116.0,20260812
Etv1,3,66,0.5952112674713135,1295040,"[78544615, 78544619, 78544621, 78544627, 78544629, 78544638, 78557188, 78557190, 78557206, 78557208, 79746108, 79746110, 79746114, 80409834, 80409836]","[78544613, 78557192, 79746112]",79746116.0,20260812
Etv1,3,67,0.6189634799957275,1295040,"[72119595, 78544613, 78544617, 78544619, 78544621, 78544623, 78544625, 78544627, 78544629, 78557188, 78557192, 79746108, 79746110, 79746114, 80409834]","[73512203, 78557190, 78557206]",79746116.0,20260812
Etv1,3,68,0.605765700340271,1295040,"[72119595, 73512203, 78544613, 78544617, 78544623, 78544625, 78557188, 78557190, 78557206, 79746108, 79746110, 79746112, 80409832, 80409834, 80409836]","[78544627, 78557192, 78557208]",79746116.0,20260812
Etv1,3,69,0.5920027494430542,1295040,"[72119595, 73512203, 78544613, 78544615, 78544617, 78544619, 78544623, 78544627, 78544629, 78544638, 78557206, 79746112, 80409832, 80409834, 80409877]","[78544621, 78557188, 80409836]",79746116.0,20260812
Etv1,3,70,0.6160207390785217,1295040,"[78544613, 78544617, 78544619, 78544623, 78544625, 78544629, 78544638, 78557190, 78557206, 79746110, 79746112, 79746114, 80409832, 80409836, 80409877]","[72119595, 78544615, 78544627]",79746116.0,20260812
Etv1,3,71,0.5999842882156372,1295040,"[72119595, 73512203, 78544613, 78544615, 78544627, 78544638, 78557188, 78557190, 78557192, 78557206, 79746108, 79746110, 80409834, 80409836, 80409877]","[78544621, 78544629, 79746114]",79746116.0,20260812
Etv1,3,72,0.6032311916351318,1295040,"[72119595, 78544613, 78544615, 78544617, 78544619, 78544621, 78544623, 78544629, 78544638, 78557188, 78557192, 78557208, 79746110, 80409834, 80409877]","[73512203, 78544627, 79746114]",79746116.0,20260812
Etv1,3,73,0.5389289259910583,1295040,"[72119595, 78544615, 78544617, 78544619, 78544621, 78544623, 78544629, 78557190, 78557206, 78557208, 79746108, 79746112, 79746114, 80409836, 80409877]","[78544613, 79746110, 80409832]",79746116.0,20260812
Etv1,3,74,0.5885506868362427,1295040,"[72119595, 73512203, 78544615, 78544619, 78544623, 78544625, 78544627, 78544629, 78557188, 78557190, 78557206, 79746108, 79746114, 80409832, 80409877]","[78544613, 79746110, 80409836]",79746116.0,20260812
Etv1,3,75,0.5509528517723083,1295040,"[73512203, 78544621, 78544623, 78544625, 78544627, 78544629, 78544638, 78557192, 78557206, 78557208, 79746112, 80409832, 80409834, 80409836, 80409877]","[72119595, 78544619, 78557188]",79746116.0,20260812
Etv1,3,76,0.6093353033065796,1295040,"[72119595, 78544613, 78544615, 78544617, 78544621, 78544623, 78544625, 78544629, 78557188, 78557192, 78557206, 78557208, 79746108, 80409832, 80409877]","[78544619, 78544627, 78544638]",79746116.0,20260812
Etv1,3,77,0.6024608612060547,1295040,"[72119595, 73512203, 78544613, 78544619, 78544621, 78544623, 78544625, 78544627, 78544638, 78557206, 79746108, 79746112, 79746114, 80409832, 80409834]","[78544615, 78557208, 80409877]",79746116.0,20260812
Etv1,3,78,0.5654898881912231,1295040,"[72119595, 78544613, 78544619, 78544623, 78544625, 78544629, 78544638, 78557190, 78557192, 78557206, 78557208, 79746110, 80409832, 80409834, 80409877]","[78557188, 79746112, 80409836]",79746116.0,20260812
Etv1,3,79,0.5861908197402954,1295040,"[73512203, 78544617, 78544619, 78544623, 78544625, 78544638, 78557192, 78557206, 78557208, 79746108, 79746110, 79746114, 80409834, 80409836, 80409877]","[78544615, 78557190, 80409832]",79746116.0,20260812
Etv1,3,80,0.5183882117271423,1295040,"[72119595, 78544615, 78544619, 78544623, 78544625, 78544627, 78544629, 78544638, 78557190, 78557192, 78557206, 78557208, 79746114, 80409834, 80409877]","[78544613, 80409832, 80409836]",79746116.0,20260812
Etv1,3,81,0.5701686143875122,1295040,"[72119595, 78544613, 78544615, 78544617, 78544623, 78544625, 78544629, 78557188, 78557192, 79746108, 79746110, 79746114, 80409832, 80409836, 80409877]","[78544619, 78544621, 78557190]",79746116.0,20260812
Etv1,3,82,0.6497536897659302,1295040,"[72119595, 73512203, 78544615, 78544619, 78544623, 78544629, 78544638, 78557188, 78557190, 78557206, 78557208, 79746110, 79746112, 80409834, 80409836]","[78544621, 78544625, 78544627]",79746116.0,20260812
Etv1,3,83,0.572050929069519,1295040,"[72119595, 73512203, 78544613, 78544615, 78544617, 78544621, 78544625, 78544627, 78544629, 78544638, 78557188, 78557190, 78557208, 79746108, 79746114]","[78557192, 80409834, 80409877]",79746116.0,20260812
Etv1,3,84,0.5957128405570984,1295040,"[72119595, 73512203, 78544613, 78544617, 78544621, 78544625, 78544629, 78557188, 78557190, 79746108, 79746112, 79746114, 80409832, 80409834, 80409877]","[78544615, 78544619, 79746110]",79746116.0,20260812
Etv1,3,85,0.6270629167556763,1295040,"[72119595, 73512203, 78544613, 78544621, 78544625, 78544627, 78544638, 78557190, 78557192, 78557206, 78557208, 79746112, 80409832, 80409834, 80409877]","[78544615, 79746110, 80409836]",79746116.0,20260812
Etv1,3,86,0.6046791076660156,1295040,"[72119595, 73512203, 78544613, 78544615, 78544619, 78544629, 78544638, 78557188, 78557190, 78557192, 78557206, 79746108, 79746110, 79746112, 80409832]","[78544617, 78544625, 80409836]",79746116.0,20260812
Etv1,3,87,0.5935084819793701,1295040,"[72119595, 78544615, 78544623, 78544629, 78557188, 78557190, 78557192, 78557206, 78557208, 79746108, 79746110, 79746112, 79746114, 80409834, 80409836]","[78544613, 78544617, 78544621]",79746116.0,20260812
Etv1,3,88,0.6069930791854858,1295040,"[78544613, 78544615, 78544619, 78544621, 78544623, 78544638, 78557188, 78557190, 78557192, 78557206, 78557208, 79746108, 79746112, 80409836, 80409877]","[73512203, 78544629, 79746114]",79746116.0,20260812
Etv1,3,89,0.5612688064575195,1295040,"[72119595, 73512203, 78544613, 78544617, 78544621, 78544623, 78544625, 78544629, 78544638, 78557188, 78557190, 78557208, 79746108, 79746112, 80409832]","[78544627, 80409834, 80409836]",79746116.0,20260812
Etv1,3,90,0.6023684144020081,1295040,"[72119595, 78544615, 78544617, 78544619, 78544621, 78544627, 78544638, 78557188, 78557192, 79746108, 79746110, 79746112, 79746114, 80409832, 80409877]","[73512203, 78544623, 78544629]",79746116.0,20260812
Etv1,3,91,0.5613198280334473,1295040,"[72119595, 73512203, 78544619, 78544623, 78544625, 78544629, 78544638, 78557188, 78557190, 78557192, 78557206, 79746110, 79746112, 79746114, 80409877]","[78557208, 80409832, 80409836]",79746116.0,20260812
Etv1,3,92,0.6194771528244019,1295040,"[73512203, 78544613, 78544615, 78544619, 78544623, 78544625, 78557188, 78557192, 79746108, 79746110, 79746112, 80409832, 80409834, 80409836, 80409877]","[72119595, 78544629, 78557190]",79746116.0,20260812
Etv1,3,93,0.5830628871917725,1295040,"[73512203, 78544615, 78544621, 78544623, 78544627, 78544629, 78544638, 78557192, 78557206, 78557208, 79746108, 79746112, 79746114, 80409832, 80409834]","[78544613, 80409836, 80409877]",79746116.0,20260812
Etv1,3,94,0.6158557534217834,1295040,"[72119595, 73512203, 78544613, 78544615, 78544617, 78544621, 78544625, 78544627, 78557188, 79746108, 79746110, 79746112, 79746114, 80409834, 80409877]","[78544623, 78557206, 80409836]",79746116.0,20260812
Etv1,3,95,0.5566616058349609,1295040,"[73512203, 78544621, 78544625, 78544627, 78544638, 78557188, 78557190, 78557192, 78557206, 79746112, 79746114, 80409832, 80409834, 80409836, 80409877]","[78544619, 78544623, 79746108]",79746116.0,20260812
Etv1,3,96,0.5883227586746216,1295040,"[73512203, 78544619, 78544621, 78544625, 78544638, 78557190, 78557192, 78557206, 78557208, 79746108, 79746112, 79746114, 80409832, 80409834, 80409877]","[72119595, 78544617, 80409836]",79746116.0,20260812
Etv1,3,97,0.5120487809181213,1295040,"[73512203, 78544613, 78544617, 78544619, 78544621, 78544623, 78544625, 78544627, 78544629, 78544638, 78557188, 78557206, 79746108, 79746110, 80409877]","[78557190, 80409832, 80409834]",79746116.0,20260812
Etv1,3,98,0.6283562779426575,1295040,"[72119595, 73512203, 78544613, 78544617, 78544619, 78544621, 78544623, 78544625, 78544627, 78544638, 78557190, 78557192, 79746108, 79746114, 80409832]","[78557208, 79746110, 80409877]",79746116.0,20260812
Etv1,3,99,0.6120722889900208,1295040,"[73512203, 78544613, 78544615, 78544617, 78544619, 78544621, 78544623, 78544625, 78557190, 78557192, 79746108, 79746110, 80409832, 80409834, 80409877]","[78544627, 78557206, 80409836]",79746116.0,20260812
Etv1,4,0,0.6359976530075073,1295040,"[72119595, 73512203, 78544617, 78544619, 78544621, 78544625, 78544627, 78544629, 78557188, 78557190, 79746108, 79746114, 80409834, 80409836, 80409877]","[78544613, 78544623, 78557192, 79746112]",79746116.0,20260812
Etv1,4,1,0.6358041763305664,1295040,"[72119595, 78544613, 78544619, 78544621, 78544625, 78544629, 78544638, 78557188, 78557190, 78557208, 79746108, 79746110, 79746114, 80409832, 80409834]","[78544617, 78544623, 78557206, 80409877]",79746116.0,20260812
Etv1,4,2,0.6166030168533325,1295040,"[72119595, 73512203, 78544615, 78544617, 78544621, 78544625, 78544629, 78544638, 78557190, 78557208, 79746110, 79746112, 80409832, 80409834, 80409836]","[78544623, 78544627, 78557188, 80409877]",79746116.0,20260812
Etv1,4,3,0.556486189365387,1295040,"[73512203, 78544613, 78544615, 78544621, 78544623, 78544625, 78544627, 78544638, 78557188, 78557190, 78557192, 78557206, 79746112, 79746114, 80409836]","[72119595, 78544629, 80409832, 80409834]",79746116.0,20260812
Etv1,4,4,0.6343307495117188,1295040,"[72119595, 73512203, 78544613, 78544621, 78544625, 78544629, 78544638, 78557188, 78557190, 78557206, 79746112, 79746114, 80409832, 80409834, 80409877]","[78544617, 78544623, 78544627, 78557208]",79746116.0,20260812
Etv1,4,5,0.5992285013198853,1295040,"[78544615, 78544617, 78544621, 78544625, 78544627, 78544629, 78544638, 78557188, 78557192, 78557206, 79746108, 79746112, 80409832, 80409834, 80409877]","[73512203, 78544613, 78544623, 80409836]",79746116.0,20260812
Etv1,4,6,0.607676088809967,1295040,"[72119595, 78544613, 78544621, 78544623, 78544627, 78544638, 78557190, 78557206, 78557208, 79746108, 79746110, 79746114, 80409832, 80409834, 80409836]","[73512203, 78544615, 78544619, 78557188]",79746116.0,20260812
Etv1,4,7,0.6727803945541382,1295040,"[73512203, 78544613, 78544617, 78544619, 78544638, 78557188, 78557192, 78557206, 78557208, 79746108, 79746110, 79746112, 80409832, 80409834, 80409877]","[78544621, 78544625, 78544629, 78557190]",79746116.0,20260812
Etv1,4,8,0.6013826131820679,1295040,"[78544613, 78544615, 78544617, 78544619, 78544621, 78544623, 78544627, 78544629, 78557188, 78557206, 78557208, 79746110, 79746114, 80409836, 80409877]","[73512203, 79746108, 79746112, 80409834]",79746116.0,20260812
Etv1,4,9,0.6321502923965454,1295040,"[72119595, 78544615, 78544619, 78544623, 78544625, 78544638, 78557190, 78557192, 78557206, 78557208, 79746108, 79746110, 80409834, 80409836, 80409877]","[78544627, 78544629, 79746112, 80409832]",79746116.0,20260812
Etv1,4,10,0.6589996814727783,1295040,"[72119595, 78544617, 78544619, 78544621, 78544623, 78544627, 78544629, 78557190, 78557192, 78557208, 79746110, 79746112, 79746114, 80409832, 80409836]","[78544613, 78544638, 78557206, 80409877]",79746116.0,20260812
Etv1,4,11,0.6724929809570312,1295040,"[73512203, 78544613, 78544617, 78544619, 78544621, 78544623, 78544627, 78557190, 78557192, 78557206, 79746114, 80409832, 80409834, 80409836, 80409877]","[72119595, 78544629, 78544638, 79746110]",79746116.0,20260812
Etv1,4,12,0.6545354127883911,1295040,"[72119595, 78544613, 78544619, 78544621, 78544623, 78544625, 78544629, 78557188, 78557192, 78557208, 79746108, 79746110, 79746112, 79746114, 80409832]","[78544615, 78544617, 78544638, 80409834]",79746116.0,20260812
Etv1,4,13,0.6750262975692749,1295040,"[72119595, 73512203, 78544613, 78544615, 78544625, 78544629, 78544638, 78557188, 78557190, 78557208, 79746108, 79746110, 79746114, 80409832, 80409836]","[78544621, 78544623, 78557192, 78557206]",79746116.0,20260812
Etv1,4,14,0.6171597838401794,1295040,"[73512203, 78544613, 78544615, 78544619, 78544621, 78544623, 78544625, 78544627, 78544629, 78544638, 78557190, 78557206, 78557208, 79746114, 80409836]","[78544617, 78557188, 79746110, 79746112]",79746116.0,20260812
Etv1,4,15,0.5810377597808838,1295040,"[73512203, 78544613, 78544621, 78544627, 78544638, 78557190, 78557192, 78557206, 79746110, 79746112, 79746114, 80409832, 80409834, 80409836, 80409877]","[78544617, 78544619, 78544629, 78557188]",79746116.0,20260812
Etv1,4,16,0.6160166263580322,1295040,"[72119595, 73512203, 78544619, 78544621, 78544625, 78544638, 78557192, 78557208, 79746108, 79746110, 79746112, 80409832, 80409834, 80409836, 80409877]","[78544613, 78544617, 78557188, 79746114]",79746116.0,20260812
Etv1,4,17,0.6729187369346619,1295040,"[78544613, 78544615, 78544621, 78544625, 78544629, 78557188, 78557206, 78557208, 79746108, 79746110, 79746112, 80409832, 80409834, 80409836, 80409877]","[72119595, 78544617, 78544638, 78557190]",79746116.0,20260812
Etv1,4,18,0.6807680130004883,1295040,"[72119595, 78544613, 78544619, 78544625, 78544627, 78544638, 78557188, 78557190, 78557192, 78557208, 79746108, 79746110, 79746112, 80409834, 80409877]","[78544617, 78544621, 78544623, 78557206]",79746116.0,20260812
Etv1,4,19,0.673844575881958,1295040,"[72119595, 73512203, 78544613, 78544619, 78544621, 78544623, 78544627, 78557192, 78557208, 79746108, 79746114, 80409832, 80409834, 80409836, 80409877]","[78544615, 78544629, 78544638, 79746110]",79746116.0,20260812
Etv1,4,20,0.5985620021820068,1295040,"[72119595, 78544613, 78544619, 78544621, 78544625, 78544627, 78544629, 78557190, 78557206, 78557208, 79746110, 79746112, 79746114, 80409832, 80409836]","[78544617, 78544623, 78557188, 80409834]",79746116.0,20260812
Etv1,4,21,0.6042343974113464,1295040,"[72119595, 73512203, 78544617, 78544621, 78544623, 78544638, 78557188, 78557190, 78557206, 78557208, 79746108, 79746112, 79746114, 80409836, 80409877]","[78544615, 78544625, 78544629, 80409832]",79746116.0,20260812
Etv1,4,22,0.6604353189468384,1295040,"[72119595, 73512203, 78544615, 78544617, 78544619, 78544621, 78544625, 78544638, 78557192, 78557206, 79746112, 80409832, 80409834, 80409836, 80409877]","[78544627, 78544629, 79746108, 79746110]",79746116.0,20260812
Etv1,4,23,0.5683188438415527,1295040,"[72119595, 73512203, 78544613, 78544615, 78544617, 78544619, 78544621, 78544625, 78544629, 78544638, 78557190, 78557192, 78557206, 78557208, 79746112]","[78544623, 78557188, 80409832, 80409877]",79746116.0,20260812
Etv1,4,24,0.6407527923583984,1295040,"[72119595, 73512203, 78544613, 78544619, 78544621, 78544623, 78544627, 78544638, 78557188, 78557190, 79746110, 79746112, 80409832, 80409834, 80409877]","[78544617, 78544629, 78557192, 80409836]",79746116.0,20260812
Etv1,4,25,0.6592248678207397,1295040,"[72119595, 73512203, 78544615, 78544619, 78544621, 78544625, 78544627, 78544629, 78557188, 78557208, 79746112, 79746114, 80409832, 80409834, 80409836]","[78544623, 78557190, 78557192, 79746108]",79746116.0,20260812
Etv1,4,26,0.6455041170120239,1295040,"[72119595, 73512203, 78544613, 78544619, 78544623, 78544625, 78544627, 78544629, 78544638, 78557192, 78557206, 79746110, 79746112, 80409834, 80409836]","[78544621, 78557208, 79746108, 80409832]",79746116.0,20260812
Etv1,4,27,0.6409112215042114,1295040,"[73512203, 78544613, 78544615, 78544619, 78544621, 78544623, 78544625, 78544627, 78544629, 78544638, 78557188, 78557192, 79746110, 80409832, 80409836]","[72119595, 78557206, 79746108, 79746114]",79746116.0,20260812
Etv1,4,28,0.634968638420105,1295040,"[73512203, 78544617, 78544619, 78544625, 78544627, 78544638, 78557190, 78557192, 78557206, 78557208, 79746108, 79746112, 79746114, 80409832, 80409834]","[72119595, 78544623, 78544629, 80409877]",79746116.0,20260812
Etv1,4,29,0.5749959349632263,1295040,"[78544613, 78544615, 78544619, 78544621, 78544625, 78544627, 78544629, 78557190, 78557192, 78557206, 78557208, 79746110, 79746114, 80409834, 80409836]","[72119595, 78557188, 79746112, 80409832]",79746116.0,20260812
Etv1,4,30,0.6414501667022705,1295040,"[73512203, 78544623, 78544625, 78544629, 78544638, 78557190, 78557192, 78557206, 78557208, 79746108, 79746110, 79746112, 79746114, 80409832, 80409877]","[72119595, 78544613, 78544621, 80409834]",79746116.0,20260812
Etv1,4,31,0.6369530558586121,1295040,"[72119595, 73512203, 78544613, 78544619, 78544623, 78544629, 78557192, 78557208, 79746110, 79746112, 79746114, 80409832, 80409834, 80409836, 80409877]","[78544615, 78544638, 78557188, 79746108]",79746116.0,20260812
Etv1,4,32,0.6143516898155212,1295040,"[72119595, 78544613, 78544617, 78544619, 78544627, 78544638, 78557188, 78557190, 79746108, 79746110, 79746112, 80409832, 80409834, 80409836, 80409877]","[78544629, 78557206, 78557208, 79746114]",79746116.0,20260812
Etv1,4,33,0.6639761328697205,1295040,"[78544613, 78544617, 78544619, 78544621, 78544623, 78544625, 78544627, 78557188, 78557190, 78557192, 78557206, 78557208, 79746110, 80409832, 80409836]","[78544629, 78544638, 79746114, 80409877]",79746116.0,20260812
Etv1,4,34,0.6861627101898193,1295040,"[78544613, 78544615, 78544621, 78544625, 78544627, 78544629, 78557188, 78557190, 78557192, 78557206, 78557208, 79746108, 79746110, 79746112, 80409832]","[78544617, 78544623, 78544638, 80409836]",79746116.0,20260812
Etv1,4,35,0.6705873012542725,1295040,"[73512203, 78544613, 78544617, 78544619, 78544625, 78544627, 78544629, 78557188, 78557192, 78557206, 79746108, 79746112, 79746114, 80409832, 80409877]","[78544615, 78544623, 78557208, 80409836]",79746116.0,20260812
Etv1,4,36,0.58826744556427,1295040,"[72119595, 78544613, 78544615, 78544617, 78544619, 78544625, 78544627, 78544629, 78544638, 78557190, 78557192, 78557208, 79746110, 79746112, 80409836]","[78557188, 79746108, 79746114, 80409834]",79746116.0,20260812
Etv1,4,37,0.6313296556472778,1295040,"[73512203, 78544613, 78544615, 78544619, 78544621, 78544623, 78544625, 78544629, 78544638, 78557188, 78557190, 78557192, 78557206, 79746112, 80409877]","[72119595, 78544617, 78557208, 80409834]",79746116.0,20260812
Etv1,4,38,0.6075851917266846,1295040,"[73512203, 78544613, 78544615, 78544621, 78544625, 78544627, 78544629, 78557190, 78557192, 78557206, 78557208, 79746114, 80409832, 80409834, 80409877]","[78557188, 79746108, 79746110, 80409836]",79746116.0,20260812
Etv1,4,39,0.6560150384902954,1295040,"[78544613, 78544617, 78544619, 78544621, 78544623, 78544625, 78544627, 78544629, 78544638, 78557188, 78557192, 78557206, 79746110, 80409836, 80409877]","[73512203, 78544615, 79746108, 79746112]",79746116.0,20260812
Etv1,4,40,0.6620652675628662,1295040,"[73512203, 78544613, 78544617, 78544625, 78544627, 78557188, 78557206, 78557208, 79746108, 79746110, 79746112, 79746114, 80409832, 80409834, 80409836]","[72119595, 78544623, 78544629, 78557192]",79746116.0,20260812
Etv1,4,41,0.6619142293930054,1295040,"[72119595, 73512203, 78544613, 78544615, 78544621, 78544627, 78557190, 78557192, 78557206, 79746108, 79746112, 79746114, 80409832, 80409834, 80409877]","[78544619, 78544623, 78544638, 78557208]",79746116.0,20260812
Etv1,4,42,0.6707950830459595,1295040,"[72119595, 73512203, 78544615, 78544617, 78544623, 78544627, 78544629, 78544638, 78557188, 78557190, 79746108, 79746110, 79746114, 80409832, 80409877]","[78544613, 78544619, 78544621, 78544625]",79746116.0,20260812
Etv1,4,43,0.6633968353271484,1295040,"[72119595, 78544621, 78544623, 78544625, 78544627, 78557188, 78557190, 78557192, 78557206, 78557208, 79746114, 80409832, 80409834, 80409836, 80409877]","[73512203, 78544638, 79746110, 79746112]",79746116.0,20260812
Etv1,4,44,0.6365784406661987,1295040,"[78544613, 78544615, 78544619, 78544621, 78544623, 78544625, 78544627, 78544629, 78557206, 79746108, 79746110, 79746112, 80409832, 80409834, 80409836]","[78544617, 78557192, 79746114, 80409877]",79746116.0,20260812
Etv1,4,45,0.6377679109573364,1295040,"[73512203, 78544613, 78544615, 78544617, 78544619, 78544621, 78544627, 78544638, 78557188, 78557206, 79746108, 79746110, 79746112, 80409832, 80409877]","[78544625, 78557208, 80409834, 80409836]",79746116.0,20260812
Etv1,4,46,0.6827115416526794,1295040,"[72119595, 73512203, 78544617, 78544619, 78544621, 78544627, 78544629, 78544638, 78557192, 78557206, 79746108, 79746112, 79746114, 80409834, 80409877]","[78544623, 78544625, 78557208, 79746110]",79746116.0,20260812
Etv1,4,47,0.6636576056480408,1295040,"[78544613, 78544617, 78544625, 78544627, 78544629, 78557188, 78557190, 78557192, 78557206, 78557208, 79746110, 79746114, 80409832, 80409836, 80409877]","[78544615, 78544621, 79746108, 79746112]",79746116.0,20260812
Etv1,4,48,0.6614365577697754,1295040,"[72119595, 73512203, 78544619, 78544623, 78544625, 78544627, 78557188, 78557192, 78557208, 79746108, 79746112, 79746114, 80409832, 80409836, 80409877]","[78544615, 78544617, 78557190, 78557206]",79746116.0,20260812
Etv1,4,49,0.6446945667266846,1295040,"[73512203, 78544613, 78544615, 78544619, 78544625, 78544627, 78544638, 78557190, 78557192, 78557206, 78557208, 79746110, 79746114, 80409832, 80409834]","[78544621, 78544623, 78557188, 80409877]",79746116.0,20260812
Etv1,4,50,0.6684961318969727,1295040,"[73512203, 78544617, 78544619, 78544621, 78544625, 78544627, 78544629, 78557190, 78557206, 79746108, 79746112, 79746114, 80409832, 80409834, 80409836]","[72119595, 78544623, 78544638, 79746110]",79746116.0,20260812
Etv1,4,51,0.6592072248458862,1295040,"[73512203, 78544615, 78544617, 78544619, 78544621, 78544627, 78544629, 78557188, 78557190, 78557208, 79746108, 80409832, 80409834, 80409836, 80409877]","[78544613, 78544625, 78557192, 79746110]",79746116.0,20260812
Etv1,4,52,0.5964086055755615,1295040,"[73512203, 78544613, 78544615, 78544619, 78544621, 78544623, 78544625, 78544627, 78544629, 78544638, 78557192, 78557206, 79746108, 79746110, 79746112]","[78544617, 79746114, 80409832, 80409836]",79746116.0,20260812
Etv1,4,53,0.6245162487030029,1295040,"[73512203, 78544613, 78544615, 78544619, 78544621, 78544623, 78544629, 78557188, 78557190, 78557192, 79746108, 79746114, 80409832, 80409836, 80409877]","[78544627, 78557206, 78557208, 80409834]",79746116.0,20260812
Etv1,4,54,0.619633674621582,1295040,"[72119595, 73512203, 78544613, 78544619, 78544623, 78544625, 78544627, 78557192, 78557206, 79746108, 79746110, 79746114, 80409834, 80409836, 80409877]","[78544638, 78557208, 79746112, 80409832]",79746116.0,20260812
Etv1,4,55,0.6386289000511169,1295040,"[72119595, 78544623, 78544625, 78544627, 78544629, 78544638, 78557188, 78557206, 78557208, 79746108, 79746112, 80409832, 80409834, 80409836, 80409877]","[73512203, 78544613, 78557190, 79746114]",79746116.0,20260812
Etv1,4,56,0.6533405780792236,1295040,"[72119595, 78544615, 78544621, 78544623, 78544629, 78544638, 78557188, 78557192, 78557206, 79746108, 79746110, 80409832, 80409834, 80409836, 80409877]","[78544613, 78544619, 78557190, 78557208]",79746116.0,20260812
Etv1,4,57,0.5964435935020447,1295040,"[72119595, 73512203, 78544619, 78544623, 78544625, 78544627, 78544638, 78557188, 78557192, 78557208, 79746110, 79746112, 79746114, 80409836, 80409877]","[78544621, 78544629, 80409832, 80409834]",79746116.0,20260812
Etv1,4,58,0.6324689388275146,1295040,"[73512203, 78544613, 78544615, 78544621, 78544623, 78544627, 78544629, 78557188, 78557190, 78557192, 78557206, 79746110, 80409834, 80409836, 80409877]","[78544617, 78544638, 79746114, 80409832]",79746116.0,20260812
Etv1,4,59,0.6386276483535767,1295040,"[72119595, 78544613, 78544615, 78544619, 78544625, 78544627, 78544638, 78557188, 78557206, 78557208, 79746110, 79746112, 79746114, 80409832, 80409836]","[73512203, 78544621, 80409834, 80409877]",79746116.0,20260812
Etv1,4,60,0.6264844536781311,1295040,"[72119595, 73512203, 78544613, 78544615, 78544617, 78544619, 78544623, 78544627, 78544629, 78544638, 78557190, 78557206, 79746108, 79746112, 80409832]","[78557208, 79746114, 80409834, 80409836]",79746116.0,20260812
Etv1,4,61,0.6716620326042175,1295040,"[72119595, 73512203, 78544613, 78544617, 78544623, 78544625, 78544638, 78557188, 78557206, 78557208, 79746108, 79746114, 80409832, 80409834, 80409836]","[78544621, 78544627, 78557192, 80409877]",79746116.0,20260812
Etv1,4,62,0.6359893679618835,1295040,"[72119595, 73512203, 78544613, 78544615, 78544625, 78544627, 78544629, 78557190, 78557192, 78557208, 79746108, 79746110, 80409834, 80409836, 80409877]","[78544623, 78557206, 79746112, 80409832]",79746116.0,20260812
Etv1,4,63,0.6241046786308289,1295040,"[72119595, 73512203, 78544613, 78544619, 78544621, 78544623, 78544627, 78544638, 78557190, 78557192, 78557206, 78557208, 79746110, 79746112, 79746114]","[78544615, 78544629, 78557188, 80409877]",79746116.0,20260812
Etv1,4,64,0.5892716646194458,1295040,"[73512203, 78544613, 78544617, 78544619, 78544621, 78544629, 78544638, 78557190, 78557192, 78557206, 78557208, 79746108, 79746110, 80409832, 80409877]","[78544627, 78557188, 79746112, 80409834]",79746116.0,20260812
Etv1,4,65,0.6639800667762756,1295040,"[72119595, 78544613, 78544617, 78544619, 78544623, 78544625, 78544629, 78544638, 78557188, 78557190, 78557192, 78557206, 79746108, 80409834, 80409836]","[73512203, 78544621, 78557208, 79746112]",79746116.0,20260812
Etv1,4,66,0.6591048240661621,1295040,"[72119595, 73512203, 78544617, 78544619, 78544623, 78544627, 78544638, 78557188, 78557190, 78557192, 78557206, 78557208, 79746108, 80409832, 80409877]","[78544621, 78544629, 79746110, 79746114]",79746116.0,20260812
Etv1,4,67,0.6400245428085327,1295040,"[72119595, 73512203, 78544613, 78544617, 78544619, 78544623, 78544625, 78544627, 78544629, 78557188, 78557208, 79746108, 79746110, 79746114, 80409834]","[78544621, 78557190, 78557206, 80409836]",79746116.0,20260812
Etv1,4,68,0.6150610446929932,1295040,"[72119595, 78544613, 78544615, 78544619, 78544623, 78544627, 78544629, 78557188, 78557208, 79746108, 79746110, 79746112, 79746114, 80409834, 80409836]","[73512203, 78544621, 78544638, 78557190]",79746116.0,20260812
Etv1,4,69,0.6571706533432007,1295040,"[72119595, 73512203, 78544615, 78544619, 78544623, 78544629, 78544638, 78557192, 78557206, 79746108, 79746110, 79746112, 80409832, 80409834, 80409877]","[78544621, 78544625, 78557188, 78557190]",79746116.0,20260812
Etv1,4,70,0.6615432500839233,1295040,"[78544617, 78544619, 78544625, 78544629, 78544638, 78557188, 78557190, 78557206, 78557208, 79746108, 79746112, 79746114, 80409834, 80409836, 80409877]","[73512203, 78544615, 78544623, 78544627]",79746116.0,20260812
Etv1,4,71,0.6414312124252319,1295040,"[72119595, 78544613, 78544615, 78544617, 78544619, 78544623, 78544625, 78544627, 78544629, 78557188, 78557192, 78557206, 79746108, 79746110, 80409834]","[78544638, 78557190, 80409836, 80409877]",79746116.0,20260812
Etv1,4,72,0.6448846459388733,1295040,"[78544613, 78544617, 78544621, 78544625, 78544627, 78544629, 78544638, 78557188, 78557192, 78557206, 78557208, 79746114, 80409832, 80409834, 80409836]","[73512203, 78544623, 79746112, 80409877]",79746116.0,20260812
Etv1,4,73,0.5848984718322754,1295040,"[72119595, 73512203, 78544613, 78544615, 78544617, 78544623, 78544625, 78557192, 78557206, 79746110, 79746112, 79746114, 80409832, 80409836, 80409877]","[78544621, 78544629, 78544638, 80409834]",79746116.0,20260812
Etv1,4,74,0.5972378253936768,1295040,"[72119595, 78544617, 78544619, 78544623, 78544625, 78544627, 78544629, 78557188, 78557190, 78557192, 78557206, 78557208, 79746108, 79746112, 80409834]","[78544621, 80409832, 80409836, 80409877]",79746116.0,20260812
Etv1,4,75,0.6425125598907471,1295040,"[73512203, 78544613, 78544621, 78544623, 78544627, 78544629, 78544638, 78557190, 78557206, 79746108, 79746110, 79746112, 80409832, 80409834, 80409877]","[72119595, 78544615, 78557192, 80409836]",79746116.0,20260812
Etv1,4,76,0.6351766586303711,1295040,"[78544617, 78544619, 78544625, 78544627, 78544629, 78544638, 78557188, 78557192, 78557206, 79746108, 79746110, 79746114, 80409832, 80409834, 80409877]","[73512203, 78544613, 78557190, 78557208]",79746116.0,20260812
Etv1,4,77,0.6301953792572021,1295040,"[72119595, 78544615, 78544619, 78544623, 78544625, 78544629, 78557188, 78557206, 79746108, 79746110, 79746112, 79746114, 80409832, 80409834, 80409877]","[73512203, 78544613, 78544627, 78544638]",79746116.0,20260812
Etv1,4,78,0.6000494956970215,1295040,"[72119595, 73512203, 78544613, 78544615, 78544617, 78544623, 78544625, 78544638, 78557188, 78557192, 78557208, 79746112, 79746114, 80409832, 80409877]","[78544619, 78544627, 79746110, 80409834]",79746116.0,20260812
Etv1,4,79,0.6145710945129395,1295040,"[73512203, 78544613, 78544615, 78544617, 78544621, 78544623, 78544625, 78544627, 78544638, 78557188, 78557192, 79746114, 80409832, 80409834, 80409836]","[72119595, 78544619, 78557206, 79746112]",79746116.0,20260812
Etv1,4,80,0.6499109268188477,1295040,"[72119595, 73512203, 78544613, 78544619, 78544621, 78544625, 78544627, 78544629, 78557192, 79746108, 79746114, 80409832, 80409834, 80409836, 80409877]","[78544638, 78557188, 78557190, 78557208]",79746116.0,20260812
Etv1,4,81,0.6221370697021484,1295040,"[72119595, 73512203, 78544613, 78544615, 78544617, 78544623, 78544625, 78544629, 78557192, 78557206, 79746110, 79746112, 79746114, 80409834, 80409877]","[78544638, 78557208, 80409832, 80409836]",79746116.0,20260812
Etv1,4,82,0.6360583901405334,1295040,"[72119595, 73512203, 78544615, 78544619, 78544621, 78544627, 78544629, 78544638, 78557206, 79746108, 79746112, 79746114, 80409834, 80409836, 80409877]","[78544613, 78544617, 78544623, 78557192]",79746116.0,20260812
Etv1,4,83,0.6641727089881897,1295040,"[73512203, 78544613, 78544617, 78544619, 78544621, 78544625, 78544629, 78557188, 78557208, 79746108, 79746110, 79746112, 79746114, 80409832, 80409836]","[78544623, 78544627, 78544638, 80409834]",79746116.0,20260812
Etv1,4,84,0.6274020671844482,1295040,"[72119595, 78544613, 78544619, 78544621, 78544623, 78544627, 78544629, 78557208, 79746108, 79746110, 79746112, 79746114, 80409832, 80409834, 80409877]","[78544617, 78557188, 78557206, 80409836]",79746116.0,20260812
Etv1,4,85,0.6229724884033203,1295040,"[73512203, 78544613, 78544615, 78544619, 78544621, 78544623, 78557188, 78557192, 78557206, 78557208, 79746108, 79746112, 80409832, 80409836, 80409877]","[78544617, 78557190, 79746110, 80409834]",79746116.0,20260812
Etv1,4,86,0.6615797281265259,1295040,"[72119595, 78544615, 78544617, 78544625, 78544627, 78544629, 78544638, 78557188, 78557192, 78557208, 79746108, 79746114, 80409832, 80409834, 80409836]","[78557190, 78557206, 79746110, 79746112]",79746116.0,20260812
Etv1,4,87,0.617268443107605,1295040,"[78544615, 78544617, 78544619, 78544629, 78544638, 78557188, 78557192, 78557206, 78557208, 79746110, 79746112, 79746114, 80409832, 80409834, 80409836]","[72119595, 73512203, 78544613, 78557190]",79746116.0,20260812
Etv1,4,88,0.6356409192085266,1295040,"[72119595, 73512203, 78544613, 78544615, 78544625, 78544627, 78544629, 78557188, 78557190, 79746108, 79746110, 79746112, 80409832, 80409834, 80409877]","[78544638, 78557208, 79746114, 80409836]",79746116.0,20260812
Etv1,4,89,0.6316159963607788,1295040,"[78544613, 78544617, 78544619, 78544623, 78544625, 78544627, 78544629, 78544638, 78557188, 78557206, 79746112, 79746114, 80409832, 80409836, 80409877]","[78557190, 79746108, 79746110, 80409834]",79746116.0,20260812
Etv1,4,90,0.6632710099220276,1295040,"[72119595, 73512203, 78544621, 78544623, 78544629, 78557190, 78557192, 78557206, 78557208, 79746110, 79746112, 79746114, 80409832, 80409834, 80409836]","[78544615, 78544617, 78544627, 78544638]",79746116.0,20260812
Etv1,4,91,0.6540791392326355,1295040,"[72119595, 73512203, 78544615, 78544619, 78544627, 78544629, 78544638, 78557188, 78557206, 79746108, 79746112, 79746114, 80409832, 80409834, 80409836]","[78544613, 78544621, 78544623, 78557192]",79746116.0,20260812
Etv1,4,92,0.6806020736694336,1295040,"[72119595, 78544613, 78544617, 78544619, 78544621, 78544625, 78544629, 78557188, 78557206, 78557208, 79746108, 79746110, 79746112, 79746114, 80409877]","[73512203, 78544627, 78544638, 78557190]",79746116.0,20260812
Etv1,4,93,0.6534398794174194,1295040,"[72119595, 78544617, 78544621, 78544623, 78544629, 78557188, 78557190, 78557192, 78557206, 78557208, 79746108, 79746112, 80409832, 80409834, 80409877]","[78544613, 78544615, 78544627, 80409836]",79746116.0,20260812
Etv1,4,94,0.6417490243911743,1295040,"[72119595, 78544613, 78544617, 78544621, 78544623, 78544629, 78544638, 78557188, 78557206, 78557208, 79746110, 79746112, 80409832, 80409836, 80409877]","[73512203, 78544615, 78557192, 79746114]",79746116.0,20260812
Etv1,4,95,0.6409536600112915,1295040,"[73512203, 78544613, 78544615, 78544623, 78544625, 78544627, 78544629, 78557188, 78557190, 78557192, 79746108, 79746110, 80409832, 80409834, 80409877]","[78544617, 78557206, 79746112, 79746114]",79746116.0,20260812
Etv1,4,96,0.6560835838317871,1295040,"[73512203, 78544615, 78544619, 78544623, 78544625, 78544629, 78544638, 78557190, 78557192, 78557206, 79746108, 79746114, 80409834, 80409836, 80409877]","[78544617, 78544627, 78557208, 79746110]",79746116.0,20260812
Etv1,4,97,0.6507354974746704,1295040,"[72119595, 78544613, 78544617, 78544621, 78544623, 78544627, 78544638, 78557190, 78557206, 79746110, 79746112, 79746114, 80409832, 80409834, 80409836]","[78544619, 78544625, 78557208, 79746108]",79746116.0,20260812
Etv1,4,98,0.6080411076545715,1295040,"[73512203, 78544613, 78544615, 78544617, 78544619, 78544625, 78544629, 78557188, 78557190, 78557206, 78557208, 79746108, 79746110, 79746114, 80409834]","[72119595, 78544623, 80409832, 80409877]",79746116.0,20260812
Etv1,4,99,0.642001211643219,1295040,"[72119595, 78544613, 78544619, 78544623, 78544625, 78544627, 78544629, 78544638, 78557188, 78557192, 78557208, 79746112, 80409832, 80409834, 80409877]","[73512203, 78544621, 79746114, 80409836]",79746116.0,20260812
Etv1,5,0,0.6509793996810913,1295040,"[72119595, 78544615, 78544617, 78544619, 78544623, 78544625, 78544627, 78544629, 78557206, 79746108, 79746110, 79746112, 80409832, 80409834, 80409877]","[73512203, 78544621, 78544638, 78557192, 80409836]",79746116.0,20260812
Etv1,5,1,0.6951706409454346,1295040,"[78544619, 78544625, 78544627, 78544638, 78557188, 78557190, 78557192, 78557206, 78557208, 79746108, 79746110, 79746112, 79746114, 80409834, 80409877]","[73512203, 78544617, 78544621, 78544623, 80409836]",79746116.0,20260812
Etv1,5,2,0.6345908641815186,1295040,"[72119595, 73512203, 78544613, 78544615, 78544617, 78544619, 78544621, 78544623, 78544629, 78557190, 78557192, 78557206, 79746108, 79746112, 80409836]","[78544627, 78544638, 78557188, 80409832, 80409834]",79746116.0,20260812
Etv1,5,3,0.6335961222648621,1295040,"[72119595, 73512203, 78544613, 78544617, 78544625, 78544627, 78544629, 78544638, 78557192, 78557206, 78557208, 79746112, 79746114, 80409832, 80409836]","[78544619, 78544621, 78557188, 80409834, 80409877]",79746116.0,20260812
Etv1,5,4,0.6742700338363647,1295040,"[73512203, 78544615, 78544617, 78544619, 78544621, 78544623, 78544625, 78544629, 78544638, 78557190, 78557206, 78557208, 80409834, 80409836, 80409877]","[72119595, 78544613, 78544627, 78557192, 79746110]",79746116.0,20260812
Etv1,5,5,0.6995114684104919,1295040,"[72119595, 78544615, 78544619, 78544623, 78544629, 78544638, 78557188, 78557190, 78557206, 79746108, 79746112, 79746114, 80409832, 80409834, 80409836]","[78544613, 78544625, 78557192, 78557208, 79746110]",79746116.0,20260812
Etv1,5,6,0.6926130056381226,1295040,"[73512203, 78544615, 78544619, 78544621, 78544623, 78544627, 78544629, 78557188, 78557190, 79746108, 79746110, 79746112, 79746114, 80409834, 80409836]","[78544613, 78544617, 78544638, 78557206, 78557208]",79746116.0,20260812
Etv1,5,7,0.6437180638313293,1295040,"[73512203, 78544615, 78544621, 78544623, 78544625, 78544627, 78544629, 78557188, 78557192, 78557206, 78557208, 79746108, 79746112, 79746114, 80409834]","[72119595, 78544613, 78544619, 78557190, 80409832]",79746116.0,20260812
Etv1,5,8,0.7092195749282837,1295040,"[73512203, 78544613, 78544617, 78544619, 78544621, 78544625, 78544629, 78557190, 78557206, 78557208, 79746108, 79746112, 80409832, 80409836, 80409877]","[72119595, 78544623, 78544638, 78557192, 79746110]",79746116.0,20260812
Etv1,5,9,0.6646723747253418,1295040,"[78544613, 78544619, 78544621, 78544627, 78544629, 78557188, 78557190, 78557192, 78557206, 78557208, 79746108, 79746114, 80409834, 80409836, 80409877]","[72119595, 78544617, 78544625, 79746112, 80409832]",79746116.0,20260812
Etv1,5,10,0.6315319538116455,1295040,"[78544615, 78544617, 78544621, 78544623, 78544627, 78544629, 78544638, 78557188, 78557190, 78557192, 78557206, 78557208, 79746110, 79746112, 80409834]","[78544613, 79746114, 80409832, 80409836, 80409877]",79746116.0,20260812
Etv1,5,11,0.6822023391723633,1295040,"[72119595, 78544613, 78544617, 78544623, 78544627, 78544629, 78544638, 78557188, 78557192, 78557206, 79746108, 79746110, 80409832, 80409834, 80409836]","[73512203, 78544615, 78544621, 78544625, 79746112]",79746116.0,20260812
Etv1,5,12,0.6918642520904541,1295040,"[72119595, 78544621, 78544623, 78544625, 78544629, 78557188, 78557190, 78557192, 78557206, 78557208, 79746108, 79746112, 79746114, 80409832, 80409836]","[73512203, 78544615, 78544617, 78544627, 79746110]",79746116.0,20260812
Etv1,5,13,0.6727010011672974,1295040,"[72119595, 73512203, 78544613, 78544615, 78544619, 78544625, 78544629, 78544638, 78557190, 78557206, 79746108, 79746110, 79746112, 79746114, 80409832]","[78544617, 78544623, 78557188, 78557192, 78557208]",79746116.0,20260812
Etv1,5,14,0.6476596593856812,1295040,"[72119595, 73512203, 78544615, 78544619, 78544621, 78544623, 78544627, 78544629, 78557206, 78557208, 79746108, 79746112, 80409834, 80409836, 80409877]","[78544625, 78557188, 79746110, 79746114, 80409832]",79746116.0,20260812
Etv1,5,15,0.6690597534179688,1295040,"[73512203, 78544615, 78544617, 78544621, 78544623, 78544625, 78544627, 78544629, 78544638, 78557188, 78557190, 78557208, 79746108, 79746110, 80409836]","[72119595, 78557192, 79746112, 80409834, 80409877]",79746116.0,20260812
Etv1,5,16,0.6715559363365173,1295040,"[72119595, 73512203, 78544613, 78544615, 78544621, 78544623, 78544627, 78544629, 78557192, 78557206, 78557208, 79746108, 79746110, 80409832, 80409877]","[78544617, 78544625, 78557188, 79746114, 80409836]",79746116.0,20260812
Etv1,5,17,0.6880115866661072,1295040,"[73512203, 78544613, 78544619, 78544623, 78544625, 78544627, 78544629, 78544638, 78557192, 78557206, 78557208, 79746114, 80409832, 80409834, 80409877]","[78544615, 78544617, 78544621, 78557188, 78557190]",79746116.0,20260812
Etv1,5,18,0.6886550784111023,1295040,"[72119595, 78544617, 78544623, 78544625, 78544627, 78544638, 78557188, 78557192, 78557206, 78557208, 79746108, 80409832, 80409834, 80409836, 80409877]","[78544613, 78544615, 78544629, 79746110, 79746112]",79746116.0,20260812
Etv1,5,19,0.6764085292816162,1295040,"[72119595, 73512203, 78544613, 78544621, 78544623, 78544627, 78544638, 78557188, 78557192, 78557206, 78557208, 79746114, 80409832, 80409834, 80409877]","[78544615, 78544625, 79746108, 79746110, 79746112]",79746116.0,20260812
Etv1,5,20,0.6898447871208191,1295040,"[78544613, 78544615, 78544617, 78544619, 78544621, 78544623, 78544638, 78557188, 78557192, 78557208, 79746108, 79746110, 79746114, 80409832, 80409834]","[78544627, 78544629, 78557206, 79746112, 80409877]",79746116.0,20260812
Etv1,5,21,0.6522552967071533,1295040,"[72119595, 73512203, 78544613, 78544615, 78544617, 78544623, 78544625, 78544627, 78544629, 78544638, 78557188, 78557206, 79746114, 80409834, 80409877]","[78544619, 78557208, 79746110, 79746112, 80409832]",79746116.0,20260812
Etv1,5,22,0.6920877695083618,1295040,"[72119595, 78544615, 78544617, 78544619, 78544623, 78544627, 78544629, 78557188, 78557190, 78557192, 79746112, 79746114, 80409834, 80409836, 80409877]","[78544621, 78544625, 78557206, 78557208, 79746108]",79746116.0,20260812
Etv1,5,23,0.6839324235916138,1295040,"[78544615, 78544617, 78544619, 78544621, 78544623, 78544625, 78544629, 78544638, 78557188, 79746110, 79746112, 79746114, 80409832, 80409834, 80409836]","[78544627, 78557190, 78557192, 78557208, 79746108]",79746116.0,20260812
Etv1,5,24,0.6561815142631531,1295040,"[72119595, 73512203, 78544613, 78544615, 78544619, 78544621, 78544625, 78544629, 78544638, 78557188, 79746108, 79746112, 79746114, 80409834, 80409836]","[78557206, 78557208, 79746110, 80409832, 80409877]",79746116.0,20260812
Etv1,5,25,0.671829879283905,1295040,"[73512203, 78544613, 78544615, 78544617, 78544619, 78544623, 78544627, 78544629, 78557188, 78557192, 78557206, 79746110, 79746112, 80409834, 80409836]","[72119595, 78544621, 79746108, 79746114, 80409877]",79746116.0,20260812
Etv1,5,26,0.6924320459365845,1295040,"[73512203, 78544613, 78544615, 78544617, 78544621, 78544623, 78544625, 78544627, 78544629, 78557190, 78557206, 78557208, 79746108, 79746112, 80409877]","[78544638, 78557192, 79746110, 80409832, 80409836]",79746116.0,20260812
Etv1,5,27,0.6676854491233826,1295040,"[73512203, 78544619, 78544621, 78544629, 78544638, 78557188, 78557192, 78557206, 79746108, 79746110, 79746112, 79746114, 80409832, 80409834, 80409877]","[72119595, 78544617, 78544623, 78557190, 78557208]",79746116.0,20260812
Etv1,5,28,0.7147755026817322,1295040,"[73512203, 78544613, 78544615, 78544617, 78544627, 78544629, 78557190, 78557192, 78557206, 78557208, 79746108, 79746110, 79746114, 80409832, 80409836]","[72119595, 78544623, 78544625, 79746112, 80409877]",79746116.0,20260812
Etv1,5,29,0.656355082988739,1295040,"[78544615, 78544617, 78544621, 78544623, 78544625, 78544627, 78544629, 78544638, 78557190, 78557192, 78557206, 79746108, 80409832, 80409834, 80409877]","[72119595, 78544613, 79746110, 79746112, 80409836]",79746116.0,20260812
Etv1,5,30,0.681257963180542,1295040,"[78544613, 78544615, 78544617, 78544619, 78544621, 78544629, 78557188, 78557206, 78557208, 79746110, 79746112, 79746114, 80409834, 80409836, 80409877]","[78544627, 78544638, 78557190, 79746108, 80409832]",79746116.0,20260812
Etv1,5,31,0.6424618363380432,1295040,"[72119595, 73512203, 78544613, 78544615, 78544617, 78544619, 78544621, 78544623, 78544625, 78544638, 78557190, 78557206, 78557208, 79746110, 79746112]","[78544627, 79746108, 79746114, 80409832, 80409836]",79746116.0,20260812
Etv1,5,32,0.6603977680206299,1295040,"[73512203, 78544615, 78544623, 78544625, 78544629, 78544638, 78557190, 78557192, 78557208, 79746108, 79746110, 79746112, 80409832, 80409834, 80409836]","[72119595, 78544617, 78544619, 78557206, 79746114]",79746116.0,20260812
Etv1,5,33,0.6563594341278076,1295040,"[73512203, 78544617, 78544619, 78544623, 78544625, 78544627, 78557188, 78557190, 78557206, 78557208, 79746108, 79746112, 80409834, 80409836, 80409877]","[72119595, 78544615, 78544621, 78544638, 79746114]",79746116.0,20260812
Etv1,5,34,0.7001690864562988,1295040,"[72119595, 78544613, 78544617, 78544619, 78544621, 78544623, 78544625, 78544629, 78557190, 78557206, 79746110, 79746112, 79746114, 80409832, 80409834]","[73512203, 78544615, 78544627, 78557208, 79746108]",79746116.0,20260812
Etv1,5,35,0.6880772113800049,1295040,"[78544615, 78544617, 78544621, 78544623, 78544625, 78544629, 78544638, 78557192, 78557206, 79746108, 79746110, 79746112, 79746114, 80409832, 80409877]","[72119595, 73512203, 78544619, 78557190, 78557208]",79746116.0,20260812
Etv1,5,36,0.693651556968689,1295040,"[72119595, 73512203, 78544613, 78544615, 78544617, 78544629, 78544638, 78557188, 78557208, 79746112, 79746114, 80409832, 80409834, 80409836, 80409877]","[78544619, 78544621, 78544623, 78557190, 79746108]",79746116.0,20260812
Etv1,5,37,0.6682143211364746,1295040,"[72119595, 73512203, 78544615, 78544621, 78544623, 78544625, 78544627, 78544638, 78557188, 78557192, 78557206, 79746108, 79746114, 80409834, 80409877]","[78544613, 78544617, 78544619, 78557190, 80409836]",79746116.0,20260812
Etv1,5,38,0.6668093204498291,1295040,"[72119595, 73512203, 78544613, 78544617, 78544619, 78544623, 78544627, 78544629, 78557206, 78557208, 79746108, 79746110, 79746112, 80409834, 80409836]","[78544615, 78544621, 78544625, 78557192, 80409877]",79746116.0,20260812
Etv1,5,39,0.6628725528717041,1295040,"[72119595, 73512203, 78544613, 78544617, 78544619, 78544625, 78544627, 78557188, 78557192, 78557206, 78557208, 79746108, 79746110, 79746112, 80409877]","[78544621, 78544623, 78544629, 78557190, 80409832]",79746116.0,20260812
Etv1,5,40,0.7059199213981628,1295040,"[72119595, 78544613, 78544619, 78544623, 78544625, 78544638, 78557188, 78557192, 78557206, 79746108, 79746110, 79746112, 79746114, 80409836, 80409877]","[73512203, 78544621, 78544627, 78544629, 78557208]",79746116.0,20260812
Etv1,5,41,0.6670216917991638,1295040,"[73512203, 78544613, 78544619, 78544623, 78544625, 78544638, 78557190, 78557206, 78557208, 79746110, 79746112, 79746114, 80409832, 80409834, 80409836]","[78544615, 78544627, 78557188, 78557192, 80409877]",79746116.0,20260812
Etv1,5,42,0.6472489237785339,1295040,"[72119595, 78544613, 78544619, 78544621, 78544623, 78544629, 78544638, 78557206, 79746108, 79746110, 79746114, 80409832, 80409834, 80409836, 80409877]","[78544615, 78544617, 78544625, 78557190, 79746112]",79746116.0,20260812
Etv1,5,43,0.6914024353027344,1295040,"[73512203, 78544613, 78544615, 78544619, 78544621, 78544623, 78544627, 78544629, 78557188, 78557208, 79746108, 79746112, 79746114, 80409834, 80409836]","[72119595, 78544638, 78557192, 78557206, 80409877]",79746116.0,20260812
Etv1,5,44,0.7029205560684204,1295040,"[72119595, 73512203, 78544617, 78544619, 78544621, 78544625, 78544627, 78544638, 78557190, 78557206, 79746110, 79746112, 79746114, 80409834, 80409877]","[78544615, 78544623, 78544629, 78557208, 80409836]",79746116.0,20260812
Etv1,5,45,0.6645431518554688,1295040,"[78544613, 78544615, 78544617, 78544619, 78544621, 78544623, 78544625, 78544627, 78544638, 78557206, 78557208, 79746108, 79746110, 80409836, 80409877]","[72119595, 78557190, 79746112, 79746114, 80409832]",79746116.0,20260812
Etv1,5,46,0.6943879127502441,1295040,"[72119595, 73512203, 78544615, 78544617, 78544619, 78544629, 78557190, 78557192, 78557208, 79746108, 79746110, 79746114, 80409832, 80409836, 80409877]","[78544623, 78544625, 78544638, 78557188, 79746112]",79746116.0,20260812
Etv1,5,47,0.6736291646957397,1295040,"[72119595, 78544615, 78544617, 78544621, 78544623, 78557188, 78557190, 78557192, 78557206, 78557208, 79746108, 79746110, 79746112, 80409834, 80409836]","[73512203, 78544619, 78544625, 78544638, 80409832]",79746116.0,20260812
Etv1,5,48,0.6603186130523682,1295040,"[72119595, 73512203, 78544613, 78544619, 78544621, 78544623, 78544625, 78544627, 78544629, 78544638, 78557190, 78557206, 78557208, 80409832, 80409877]","[78544615, 79746108, 79746112, 79746114, 80409834]",79746116.0,20260812
Etv1,5,49,0.7056235074996948,1295040,"[78544613, 78544615, 78544619, 78544623, 78544627, 78544638, 78557188, 78557190, 78557208, 79746108, 79746112, 80409832, 80409834, 80409836, 80409877]","[78544617, 78544621, 78544629, 78557192, 79746110]",79746116.0,20260812
Etv1,5,50,0.6758581399917603,1295040,"[72119595, 78544613, 78544615, 78544617, 78544619, 78544621, 78544625, 78544638, 78557188, 78557190, 79746108, 79746110, 79746112, 80409832, 80409836]","[73512203, 78544627, 78544629, 79746114, 80409834]",79746116.0,20260812
Etv1,5,51,0.6347221732139587,1295040,"[72119595, 73512203, 78544615, 78544619, 78544621, 78544623, 78544627, 78544629, 78557190, 78557206, 78557208, 79746108, 79746110, 79746112, 80409877]","[78544638, 78557188, 80409832, 80409834, 80409836]",79746116.0,20260812
Etv1,5,52,0.67487633228302,1295040,"[72119595, 73512203, 78544613, 78544615, 78544617, 78544619, 78544621, 78544623, 78544627, 78544629, 78557188, 78557206, 80409834, 80409836, 80409877]","[78544625, 78557192, 78557208, 79746110, 80409832]",79746116.0,20260812
Etv1,5,53,0.6821503043174744,1295040,"[73512203, 78544617, 78544619, 78544621, 78544623, 78544627, 78544629, 78544638, 78557188, 78557206, 78557208, 79746108, 79746112, 80409832, 80409877]","[78544613, 78544615, 78557190, 78557192, 80409836]",79746116.0,20260812
Etv1,5,54,0.6981639266014099,1295040,"[73512203, 78544615, 78544619, 78544621, 78544627, 78544629, 78557188, 78557192, 78557206, 78557208, 79746108, 79746110, 79746112, 80409832, 80409877]","[78544623, 78544625, 78544638, 79746114, 80409834]",79746116.0,20260812
Etv1,5,55,0.6670429110527039,1295040,"[72119595, 78544613, 78544621, 78544623, 78544625, 78544627, 78544629, 78544638, 78557188, 78557190, 79746108, 79746110, 79746112, 80409832, 80409836]","[78544615, 78544617, 78557208, 80409834, 80409877]",79746116.0,20260812
Etv1,5,56,0.6752138137817383,1295040,"[78544613, 78544615, 78544617, 78544621, 78544623, 78544629, 78544638, 78557208, 79746108, 79746110, 79746112, 80409832, 80409834, 80409836, 80409877]","[72119595, 73512203, 78557188, 78557190, 78557206]",79746116.0,20260812
Etv1,5,57,0.7130030989646912,1295040,"[72119595, 78544613, 78544617, 78544619, 78544621, 78544625, 78544627, 78557188, 78557190, 78557206, 78557208, 79746108, 79746110, 79746112, 80409877]","[78544615, 78544629, 78544638, 79746114, 80409836]",79746116.0,20260812
Etv1,5,58,0.6895709037780762,1295040,"[72119595, 78544613, 78544619, 78544621, 78544625, 78544638, 78557188, 78557192, 78557206, 79746108, 79746110, 79746112, 80409832, 80409834, 80409877]","[73512203, 78544615, 78544617, 78544623, 78557190]",79746116.0,20260812
Etv1,5,59,0.6401989459991455,1295040,"[78544613, 78544615, 78544617, 78544625, 78544627, 78557188, 78557190, 78557192, 78557206, 78557208, 79746112, 80409832, 80409834, 80409836, 80409877]","[73512203, 78544621, 78544638, 79746108, 79746110]",79746116.0,20260812
Etv1,5,60,0.6956316828727722,1295040,"[78544623, 78544625, 78544627, 78544629, 78544638, 78557188, 78557190, 78557192, 78557206, 79746108, 79746110, 79746114, 80409834, 80409836, 80409877]","[72119595, 73512203, 78544617, 78557208, 79746112]",79746116.0,20260812
Etv1,5,61,0.6948926448822021,1295040,"[72119595, 73512203, 78544613, 78544615, 78544619, 78544621, 78544625, 78544627, 78544629, 78557192, 79746110, 79746112, 80409834, 80409836, 80409877]","[78544617, 78544623, 78544638, 78557208, 80409832]",79746116.0,20260812
Etv1,5,62,0.6747063398361206,1295040,"[72119595, 73512203, 78544613, 78544617, 78544619, 78544625, 78544629, 78557190, 78557208, 79746108, 79746112, 79746114, 80409832, 80409834, 80409877]","[78544621, 78544623, 78557188, 78557206, 80409836]",79746116.0,20260812
Etv1,5,63,0.6743385791778564,1295040,"[73512203, 78544613, 78544617, 78544619, 78544621, 78544623, 78544625, 78544627, 78544638, 78557190, 78557192, 78557206, 78557208, 80409834, 80409836]","[72119595, 78544615, 78544629, 78557188, 79746108]",79746116.0,20260812
Etv1,5,64,0.6809760332107544,1295040,"[78544613, 78544615, 78544617, 78544621, 78544629, 78544638, 78557188, 78557190, 78557192, 79746110, 79746112, 79746114, 80409834, 80409836, 80409877]","[72119595, 78544619, 78544625, 78557206, 79746108]",79746116.0,20260812
Etv1,5,65,0.643308699131012,1295040,"[72119595, 78544615, 78544621, 78544625, 78544627, 78544629, 78544638, 78557188, 78557190, 78557192, 78557206, 78557208, 79746114, 80409834, 80409836]","[73512203, 78544617, 79746108, 79746110, 80409832]",79746116.0,20260812
Etv1,5,66,0.6504107713699341,1295040,"[73512203, 78544613, 78544617, 78544619, 78544621, 78544623, 78544627, 78544629, 78544638, 78557190, 78557208, 79746108, 79746114, 80409832, 80409877]","[72119595, 78557192, 78557206, 80409834, 80409836]",79746116.0,20260812
Etv1,5,67,0.6937222480773926,1295040,"[72119595, 73512203, 78544615, 78544623, 78544625, 78544629, 78544638, 78557188, 78557190, 78557192, 79746108, 79746110, 79746112, 79746114, 80409832]","[78544613, 78544621, 78544627, 80409836, 80409877]",79746116.0,20260812
Etv1,5,68,0.6451199650764465,1295040,"[72119595, 73512203, 78544613, 78544615, 78544617, 78544619, 78544621, 78544627, 78544638, 78557190, 78557192, 79746108, 79746110, 79746112, 80409836]","[78544625, 78557188, 78557206, 79746114, 80409832]",79746116.0,20260812
Etv1,5,69,0.618398904800415,1295040,"[78544615, 78544617, 78544621, 78544625, 78544629, 78544638, 78557190, 78557192, 78557206, 78557208, 79746112, 79746114, 80409832, 80409834, 80409877]","[73512203, 78544613, 78557188, 79746108, 79746110]",79746116.0,20260812
Etv1,5,70,0.6483019590377808,1295040,"[72119595, 73512203, 78544613, 78544615, 78544617, 78544623, 78544627, 78544629, 78544638, 78557192, 79746110, 80409832, 80409834, 80409836, 80409877]","[78544619, 78557188, 78557206, 79746108, 79746112]",79746116.0,20260812
Etv1,5,71,0.6895548105239868,1295040,"[72119595, 78544613, 78544615, 78544617, 78544619, 78544621, 78544623, 78544629, 78544638, 78557188, 78557190, 78557192, 78557208, 79746110, 80409834]","[78544625, 78544627, 78557206, 79746114, 80409877]",79746116.0,20260812
Etv1,5,72,0.6901791095733643,1295040,"[72119595, 73512203, 78544615, 78544617, 78544621, 78544623, 78544625, 78557208, 79746108, 79746110, 79746112, 80409832, 80409834, 80409836, 80409877]","[78544629, 78544638, 78557190, 78557206, 79746114]",79746116.0,20260812
Etv1,5,73,0.6834078431129456,1295040,"[72119595, 73512203, 78544613, 78544615, 78544617, 78544623, 78544629, 78544638, 78557192, 78557206, 78557208, 79746112, 80409832, 80409836, 80409877]","[78544621, 78544625, 78557188, 79746108, 80409834]",79746116.0,20260812
Etv1,5,74,0.6493203043937683,1295040,"[73512203, 78544615, 78544617, 78544619, 78544621, 78544625, 78544629, 78544638, 78557192, 78557206, 78557208, 79746112, 80409832, 80409834, 80409836]","[78544613, 78544627, 78557188, 79746114, 80409877]",79746116.0,20260812
Etv1,5,75,0.6620422601699829,1295040,"[73512203, 78544619, 78544621, 78544625, 78544629, 78544638, 78557188, 78557190, 78557192, 78557206, 78557208, 79746108, 79746110, 79746112, 80409877]","[72119595, 78544615, 78544627, 79746114, 80409834]",79746116.0,20260812
Etv1,5,76,0.6902512311935425,1295040,"[78544615, 78544619, 78544621, 78544623, 78544625, 78544627, 78544629, 78557188, 78557190, 78557208, 79746110, 79746114, 80409832, 80409834, 80409836]","[78544638, 78557192, 78557206, 79746108, 79746112]",79746116.0,20260812
Etv1,5,77,0.6396147608757019,1295040,"[78544613, 78544615, 78544617, 78544621, 78544623, 78544625, 78544627, 78544638, 78557192, 78557206, 78557208, 79746108, 79746112, 80409836, 80409877]","[73512203, 78544619, 78544629, 78557190, 80409834]",79746116.0,20260812
Etv1,5,78,0.6333239078521729,1295040,"[72119595, 73512203, 78544613, 78544617, 78544619, 78544623, 78544627, 78544629, 78557188, 78557190, 78557192, 79746112, 79746114, 80409836, 80409877]","[78544615, 78544621, 79746110, 80409832, 80409834]",79746116.0,20260812
Etv1,5,79,0.6792080998420715,1295040,"[78544613, 78544615, 78544619, 78544623, 78544627, 78544638, 78557190, 78557192, 78557206, 78557208, 79746110, 79746112, 80409832, 80409836, 80409877]","[73512203, 78544621, 78544629, 79746114, 80409834]",79746116.0,20260812
Etv1,5,80,0.6852715015411377,1295040,"[78544613, 78544615, 78544617, 78544619, 78544623, 78544625, 78544627, 78544638, 78557190, 78557206, 79746108, 79746110, 79746112, 79746114, 80409832]","[73512203, 78544621, 78557188, 78557192, 80409836]",79746116.0,20260812
Etv1,5,81,0.6650351285934448,1295040,"[73512203, 78544617, 78544621, 78544625, 78544627, 78544638, 78557188, 78557192, 79746108, 79746110, 79746114, 80409832, 80409834, 80409836, 80409877]","[72119595, 78544613, 78544619, 78557190, 79746112]",79746116.0,20260812
Etv1,5,82,0.7026320695877075,1295040,"[73512203, 78544613, 78544615, 78544617, 78544619, 78544623, 78544625, 78544638, 78557188, 78557190, 78557206, 79746112, 80409832, 80409834, 80409836]","[78544627, 78544629, 78557208, 79746108, 80409877]",79746116.0,20260812
Etv1,5,83,0.6896275281906128,1295040,"[72119595, 73512203, 78544613, 78544619, 78544621, 78544625, 78544627, 78557188, 78557192, 78557206, 78557208, 79746108, 79746112, 79746114, 80409877]","[78544615, 78544617, 78544629, 79746110, 80409834]",79746116.0,20260812
Etv1,5,84,0.6311367750167847,1295040,"[72119595, 73512203, 78544613, 78544615, 78544617, 78544619, 78544625, 78557188, 78557190, 78557206, 78557208, 79746110, 79746114, 80409834, 80409877]","[78544621, 78544638, 79746108, 80409832, 80409836]",79746116.0,20260812
Etv1,5,85,0.6899134516716003,1295040,"[73512203, 78544613, 78544615, 78544617, 78544621, 78544629, 78557188, 78557206, 79746108, 79746110, 79746112, 79746114, 80409832, 80409834, 80409836]","[78544619, 78544623, 78544625, 78544627, 80409877]",79746116.0,20260812
Etv1,5,86,0.6955081820487976,1295040,"[72119595, 73512203, 78544617, 78544619, 78544621, 78544623, 78544625, 78544627, 78544638, 78557190, 78557206, 78557208, 79746108, 79746110, 80409834]","[78544613, 78544615, 78544629, 79746112, 80409836]",79746116.0,20260812
Etv1,5,87,0.7059099674224854,1295040,"[72119595, 73512203, 78544613, 78544615, 78544617, 78544621, 78544623, 78544627, 78544629, 78557188, 78557190, 78557206, 79746112, 79746114, 80409834]","[78544625, 79746108, 79746110, 80409836, 80409877]",79746116.0,20260812
Etv1,5,88,0.6927717924118042,1295040,"[72119595, 73512203, 78544613, 78544615, 78544617, 78544619, 78544629, 78544638, 78557188, 78557190, 78557192, 79746110, 79746114, 80409836, 80409877]","[78544623, 78544625, 78557208, 79746112, 80409832]",79746116.0,20260812
Etv1,5,89,0.6721549034118652,1295040,"[72119595, 73512203, 78544615, 78544617, 78544619, 78544621, 78544623, 78544627, 78544629, 78557188, 79746108, 79746110, 79746114, 80409834, 80409836]","[78544625, 78557190, 78557208, 80409832, 80409877]",79746116.0,20260812
Etv1,5,90,0.6707410216331482,1295040,"[72119595, 73512203, 78544613, 78544619, 78544621, 78544623, 78544629, 78557192, 78557206, 79746108, 79746114, 80409832, 80409834, 80409836, 80409877]","[78544627, 78544638, 78557188, 78557190, 79746112]",79746116.0,20260812
Etv1,5,91,0.6745814681053162,1295040,"[78544613, 78544615, 78544625, 78544638, 78557188, 78557190, 78557192, 78557206, 78557208, 79746110, 79746112, 79746114, 80409832, 80409836, 80409877]","[73512203, 78544619, 78544621, 78544623, 79746108]",79746116.0,20260812
Etv1,5,92,0.6947364807128906,1295040,"[78544615, 78544621, 78544625, 78544627, 78544629, 78557188, 78557190, 78557192, 78557206, 78557208, 79746112, 80409832, 80409834, 80409836, 80409877]","[73512203, 78544617, 78544638, 79746108, 79746110]",79746116.0,20260812
Etv1,5,93,0.7027535438537598,1295040,"[73512203, 78544613, 78544615, 78544619, 78544627, 78544629, 78544638, 78557188, 78557190, 78557206, 79746108, 79746112, 80409832, 80409834, 80409836]","[78544617, 78544623, 78544625, 78557208, 79746114]",79746116.0,20260812
Etv1,5,94,0.6612924933433533,1295040,"[72119595, 78544615, 78544617, 78544619, 78544623, 78544627, 78544629, 78544638, 78557188, 78557206, 78557208, 79746108, 79746114, 80409832, 80409836]","[78544613, 78557190, 79746110, 80409834, 80409877]",79746116.0,20260812
Etv1,5,95,0.6460087299346924,1295040,"[73512203, 78544619, 78544621, 78544625, 78544638, 78557188, 78557192, 78557206, 78557208, 79746108, 79746110, 79746112, 80409834, 80409836, 80409877]","[78544615, 78544617, 78544623, 78544627, 80409832]",79746116.0,20260812
Etv1,5,96,0.5730387568473816,1295040,"[72119595, 78544613, 78544619, 78544621, 78544623, 78544629, 78544638, 78557188, 78557190, 78557206, 78557208, 79746108, 79746110, 79746112, 80409877]","[78544617, 78544627, 79746114, 80409832, 80409834]",79746116.0,20260812
Etv1,5,97,0.6474326252937317,1295040,"[72119595, 78544613, 78544617, 78544619, 78544621, 78544623, 78544625, 78544638, 78557190, 78557206, 78557208, 79746108, 79746112, 79746114, 80409834]","[73512203, 78544627, 78557188, 78557192, 80409832]",79746116.0,20260812
Etv1,5,98,0.6816451549530029,1295040,"[72119595, 78544623, 78544625, 78544627, 78544629, 78557188, 78557192, 78557206, 78557208, 79746108, 79746110, 80409832, 80409834, 80409836, 80409877]","[73512203, 78544615, 78544617, 78544619, 79746112]",79746116.0,20260812
Etv1,5,99,0.62480229139328,1295040,"[73512203, 78544613, 78544615, 78544617, 78544623, 78544627, 78544629, 78544638, 78557192, 78557206, 79746110, 79746112, 79746114, 80409834, 80409836]","[78544619, 78544621, 78557188, 80409832, 80409877]",79746116.0,20260812
Etv1,6,0,0.7223284244537354,1295040,"[78544613, 78544615, 78544617, 78544619, 78544623, 78544627, 78544629, 78544638, 78557190, 78557192, 78557206, 78557208, 79746110, 79746112, 80409832]","[72119595, 78544621, 78544625, 78557188, 79746108, 80409877]",79746116.0,20260812
Etv1,6,1,0.7057497501373291,1295040,"[72119595, 78544613, 78544617, 78544621, 78544623, 78544627, 78544629, 78557188, 78557190, 78557192, 79746108, 79746110, 79746112, 80409836, 80409877]","[73512203, 78544625, 78544638, 78557208, 80409832, 80409834]",79746116.0,20260812
Etv1,6,2,0.6897631287574768,1295040,"[72119595, 78544613, 78544625, 78544627, 78557188, 78557190, 78557192, 78557208, 79746110, 79746112, 79746114, 80409832, 80409834, 80409836, 80409877]","[73512203, 78544615, 78544619, 78544621, 78544623, 78544629]",79746116.0,20260812
Etv1,6,3,0.6913802623748779,1295040,"[72119595, 73512203, 78544613, 78544621, 78544625, 78544627, 78544629, 78544638, 78557206, 78557208, 79746108, 79746110, 79746112, 80409834, 80409877]","[78544615, 78544617, 78544619, 78544623, 78557188, 79746114]",79746116.0,20260812
Etv1,6,4,0.7067588567733765,1295040,"[72119595, 78544613, 78544615, 78544617, 78544619, 78544621, 78544623, 78544625, 78544627, 78544629, 78557188, 78557192, 79746114, 80409832, 80409877]","[73512203, 78544638, 78557208, 79746110, 80409834, 80409836]",79746116.0,20260812
Etv1,6,5,0.6777978539466858,1295040,"[72119595, 73512203, 78544613, 78544621, 78544623, 78544625, 78544627, 78544638, 78557188, 78557190, 78557192, 78557206, 80409832, 80409834, 80409877]","[78544617, 78544619, 78544629, 79746108, 79746110, 80409836]",79746116.0,20260812
Etv1,6,6,0.7025877237319946,1295040,"[78544613, 78544615, 78544617, 78544621, 78544625, 78544629, 78544638, 78557190, 78557206, 79746108, 79746110, 80409832, 80409834, 80409836, 80409877]","[73512203, 78544623, 78544627, 78557188, 78557208, 79746112]",79746116.0,20260812
Etv1,6,7,0.7104766368865967,1295040,"[78544617, 78544619, 78544623, 78544627, 78544629, 78544638, 78557188, 78557190, 78557192, 78557206, 79746108, 79746110, 79746114, 80409836, 80409877]","[72119595, 78544613, 78544615, 78544621, 78557208, 79746112]",79746116.0,20260812
Etv1,6,8,0.6981741189956665,1295040,"[72119595, 73512203, 78544613, 78544617, 78544621, 78544623, 78544627, 78544638, 78557188, 78557190, 78557206, 79746110, 79746114, 80409832, 80409834]","[78544615, 78544629, 78557192, 78557208, 79746112, 80409877]",79746116.0,20260812
Etv1,6,9,0.6939511895179749,1295040,"[72119595, 78544613, 78544615, 78544617, 78544619, 78544623, 78544625, 78544627, 78557190, 78557192, 78557206, 78557208, 79746108, 79746110, 79746114]","[73512203, 78544629, 78544638, 79746112, 80409834, 80409836]",79746116.0,20260812
Etv1,6,10,0.7043507099151611,1295040,"[72119595, 78544617, 78544619, 78544621, 78544623, 78544625, 78544627, 78544629, 78557188, 78557206, 78557208, 79746108, 80409832, 80409834, 80409877]","[73512203, 78544613, 78544638, 78557190, 79746110, 79746114]",79746116.0,20260812
Etv1,6,11,0.6841576099395752,1295040,"[78544613, 78544615, 78544617, 78544619, 78544621, 78544625, 78544627, 78544629, 78544638, 78557188, 78557206, 78557208, 79746114, 80409836, 80409877]","[72119595, 78544623, 78557190, 79746108, 79746110, 79746112]",79746116.0,20260812
Etv1,6,12,0.6944130659103394,1295040,"[72119595, 73512203, 78544613, 78544615, 78544617, 78544619, 78544625, 78544627, 78544629, 78544638, 78557188, 78557206, 79746108, 79746110, 79746112]","[78544623, 78557190, 78557192, 80409832, 80409836, 80409877]",79746116.0,20260812
Etv1,6,13,0.729326069355011,1295040,"[73512203, 78544613, 78544615, 78544619, 78544627, 78557188, 78557192, 78557208, 79746108, 79746110, 79746112, 79746114, 80409832, 80409836, 80409877]","[72119595, 78544617, 78544623, 78544625, 78544629, 78557190]",79746116.0,20260812
Etv1,6,14,0.7000610828399658,1295040,"[73512203, 78544613, 78544615, 78544617, 78544619, 78544623, 78544625, 78544627, 78557188, 78557206, 78557208, 79746110, 80409832, 80409834, 80409836]","[72119595, 78544621, 78557190, 79746108, 79746112, 80409877]",79746116.0,20260812
Etv1,6,15,0.7073150277137756,1295040,"[72119595, 73512203, 78544615, 78544619, 78544621, 78544629, 78544638, 78557188, 78557192, 78557206, 78557208, 79746108, 79746112, 80409834, 80409877]","[78544613, 78544625, 78544627, 78557190, 79746114, 80409836]",79746116.0,20260812
Etv1,6,16,0.6954221725463867,1295040,"[72119595, 78544613, 78544619, 78544621, 78544623, 78544629, 78557190, 78557192, 78557208, 79746108, 79746112, 80409832, 80409834, 80409836, 80409877]","[78544615, 78544625, 78544627, 78544638, 78557206, 79746114]",79746116.0,20260812
Etv1,6,17,0.7132138013839722,1295040,"[72119595, 78544617, 78544625, 78544629, 78544638, 78557188, 78557206, 78557208, 79746108, 79746110, 79746112, 80409832, 80409834, 80409836, 80409877]","[73512203, 78544613, 78544615, 78544621, 78544627, 79746114]",79746116.0,20260812
Etv1,6,18,0.6937433481216431,1295040,"[72119595, 73512203, 78544613, 78544617, 78544621, 78544629, 78544638, 78557188, 78557190, 78557206, 78557208, 79746110, 80409832, 80409834, 80409877]","[78544619, 78544623, 78544627, 79746108, 79746112, 79746114]",79746116.0,20260812
Etv1,6,19,0.6873721480369568,1295040,"[78544615, 78544619, 78544621, 78544638, 78557190, 78557206, 78557208, 79746108, 79746110, 79746112, 79746114, 80409832, 80409834, 80409836, 80409877]","[78544613, 78544617, 78544623, 78544625, 78544629, 78557188]",79746116.0,20260812
Etv1,6,20,0.6737850904464722,1295040,"[72119595, 73512203, 78544613, 78544619, 78544621, 78544625, 78544627, 78557190, 78557192, 78557208, 79746110, 79746112, 79746114, 80409834, 80409836]","[78544617, 78557188, 78557206, 79746108, 80409832, 80409877]",79746116.0,20260812
Etv1,6,21,0.7000518441200256,1295040,"[72119595, 73512203, 78544613, 78544615, 78544617, 78544621, 78544625, 78544627, 78544638, 79746110, 79746112, 79746114, 80409832, 80409834, 80409877]","[78544629, 78557188, 78557190, 78557192, 78557206, 79746108]",79746116.0,20260812
Etv1,6,22,0.7214064598083496,1295040,"[72119595, 73512203, 78544613, 78544617, 78544625, 78544627, 78544629, 78544638, 78557190, 78557192, 78557206, 79746108, 79746110, 79746114, 80409877]","[78544615, 78544619, 78544621, 78544623, 78557188, 79746112]",79746116.0,20260812
Etv1,6,23,0.719122588634491,1295040,"[73512203, 78544617, 78544619, 78544623, 78544625, 78544629, 78557190, 78557192, 78557206, 78557208, 79746114, 80409832, 80409834, 80409836, 80409877]","[72119595, 78544615, 78544621, 78544627, 79746108, 79746112]",79746116.0,20260812
Etv1,6,24,0.7015622854232788,1295040,"[72119595, 73512203, 78544613, 78544617, 78544621, 78544625, 78544627, 78557190, 78557206, 79746110, 79746112, 79746114, 80409834, 80409836, 80409877]","[78544615, 78544619, 78544623, 78557192, 79746108, 80409832]",79746116.0,20260812
Etv1,6,25,0.7331930994987488,1295040,"[72119595, 78544615, 78544617, 78544621, 78544623, 78544629, 78557188, 78557192, 78557206, 79746108, 79746110, 79746112, 80409834, 80409836, 80409877]","[73512203, 78544625, 78544627, 78544638, 78557190, 79746114]",79746116.0,20260812
Etv1,6,26,0.702463686466217,1295040,"[73512203, 78544613, 78544617, 78544619, 78544625, 78544627, 78544629, 78544638, 78557188, 78557208, 79746108, 79746110, 79746112, 80409832, 80409836]","[78544621, 78557190, 78557192, 78557206, 79746114, 80409877]",79746116.0,20260812
Etv1,6,27,0.6805713772773743,1295040,"[72119595, 73512203, 78544613, 78544617, 78544621, 78544623, 78544627, 78544629, 78557190, 78557206, 79746108, 79746110, 80409832, 80409834, 80409877]","[78544615, 78544625, 78557188, 78557192, 78557208, 79746114]",79746116.0,20260812
Etv1,6,28,0.6714617013931274,1295040,"[73512203, 78544613, 78544617, 78544619, 78544621, 78544629, 78544638, 78557188, 78557190, 78557206, 78557208, 79746110, 79746114, 80409832, 80409836]","[72119595, 78544615, 78544623, 78544625, 79746108, 80409834]",79746116.0,20260812
Etv1,6,29,0.7037656903266907,1295040,"[72119595, 78544613, 78544617, 78544619, 78544621, 78544625, 78544627, 78544629, 78544638, 78557188, 78557190, 79746110, 79746112, 80409834, 80409877]","[78544615, 78544623, 78557192, 78557208, 79746114, 80409836]",79746116.0,20260812
Etv1,6,30,0.699847936630249,1295040,"[72119595, 73512203, 78544617, 78544619, 78544625, 78544629, 78544638, 78557188, 78557190, 78557192, 79746108, 79746110, 79746112, 80409834, 80409836]","[78544615, 78544621, 78557206, 78557208, 79746114, 80409877]",79746116.0,20260812
Etv1,6,31,0.6925811767578125,1295040,"[78544613, 78544615, 78544617, 78544621, 78544625, 78544638, 78557188, 78557190, 78557208, 79746108, 79746110, 79746112, 80409832, 80409834, 80409836]","[72119595, 73512203, 78544627, 78557206, 79746114, 80409877]",79746116.0,20260812
Etv1,6,32,0.6973530054092407,1295040,"[78544613, 78544617, 78544619, 78544623, 78544625, 78544638, 78557190, 78557192, 78557206, 79746108, 79746110, 79746112, 79746114, 80409834, 80409836]","[72119595, 78544615, 78544621, 78544629, 78557188, 80409832]",79746116.0,20260812
Etv1,6,33,0.6671501994132996,1295040,"[78544613, 78544615, 78544617, 78544621, 78544623, 78544625, 78544627, 78544629, 78544638, 78557208, 79746108, 79746110, 79746114, 80409834, 80409836]","[72119595, 73512203, 78544619, 78557206, 80409832, 80409877]",79746116.0,20260812
Etv1,6,34,0.6862756013870239,1295040,"[72119595, 78544613, 78544617, 78544623, 78544627, 78557188, 78557190, 78557192, 78557208, 79746112, 79746114, 80409832, 80409834, 80409836, 80409877]","[78544621, 78544625, 78544629, 78544638, 79746108, 79746110]",79746116.0,20260812
Etv1,6,35,0.6915242075920105,1295040,"[78544619, 78544621, 78544625, 78544629, 78544638, 78557188, 78557190, 78557192, 79746110, 79746112, 79746114, 80409832, 80409834, 80409836, 80409877]","[72119595, 78544613, 78544615, 78544627, 78557206, 78557208]",79746116.0,20260812
Etv1,6,36,0.7029508352279663,1295040,"[72119595, 78544613, 78544619, 78544621, 78544623, 78544627, 78544629, 78544638, 78557188, 78557190, 79746108, 79746112, 79746114, 80409832, 80409877]","[73512203, 78544617, 78544625, 78557192, 78557208, 79746110]",79746116.0,20260812
Etv1,6,37,0.7152338027954102,1295040,"[72119595, 73512203, 78544613, 78544615, 78544617, 78544619, 78544621, 78557190, 78557206, 79746110, 79746114, 80409832, 80409834, 80409836, 80409877]","[78544627, 78544629, 78544638, 78557188, 78557192, 78557208]",79746116.0,20260812
Etv1,6,38,0.6810333132743835,1295040,"[72119595, 78544615, 78544617, 78544627, 78544638, 78557188, 78557190, 78557192, 78557206, 78557208, 79746110, 79746112, 80409832, 80409834, 80409836]","[73512203, 78544613, 78544623, 79746108, 79746114, 80409877]",79746116.0,20260812
Etv1,6,39,0.7050526142120361,1295040,"[72119595, 78544615, 78544617, 78544619, 78544623, 78544625, 78544629, 78544638, 78557188, 78557192, 78557206, 79746110, 80409832, 80409834, 80409836]","[78544613, 78544621, 78557190, 78557208, 79746112, 79746114]",79746116.0,20260812
Etv1,6,40,0.6781315803527832,1295040,"[73512203, 78544613, 78544615, 78544617, 78544623, 78544625, 78544638, 78557192, 78557206, 78557208, 79746108, 79746112, 79746114, 80409832, 80409877]","[78544619, 78544627, 78544629, 78557190, 80409834, 80409836]",79746116.0,20260812
Etv1,6,41,0.6951121091842651,1295040,"[72119595, 78544613, 78544617, 78544619, 78544625, 78544627, 78544638, 78557192, 78557206, 78557208, 79746108, 79746110, 79746112, 80409834, 80409836]","[73512203, 78544623, 78557190, 79746114, 80409832, 80409877]",79746116.0,20260812
Etv1,6,42,0.689888596534729,1295040,"[72119595, 73512203, 78544613, 78544617, 78544621, 78544627, 78544638, 78557188, 78557190, 78557192, 79746108, 79746114, 80409832, 80409836, 80409877]","[78544615, 78544625, 78544629, 79746110, 79746112, 80409834]",79746116.0,20260812
Etv1,6,43,0.6907094717025757,1295040,"[72119595, 78544613, 78544615, 78544621, 78544623, 78544625, 78544629, 78557192, 78557206, 79746108, 79746110, 79746112, 79746114, 80409832, 80409877]","[73512203, 78544617, 78544619, 78557208, 80409834, 80409836]",79746116.0,20260812
Etv1,6,44,0.7188079357147217,1295040,"[72119595, 78544619, 78544623, 78544625, 78544629, 78544638, 78557188, 78557206, 78557208, 79746108, 79746110, 79746112, 79746114, 80409836, 80409877]","[73512203, 78544613, 78544615, 78544617, 78544621, 78557192]",79746116.0,20260812
Etv1,6,45,0.6972618699073792,1295040,"[72119595, 73512203, 78544615, 78544617, 78544625, 78544627, 78544629, 78544638, 78557188, 78557192, 78557208, 79746108, 79746110, 80409834, 80409877]","[78544613, 78544621, 78557206, 79746112, 80409832, 80409836]",79746116.0,20260812
Etv1,6,46,0.6454501748085022,1295040,"[72119595, 73512203, 78544613, 78544621, 78544623, 78544638, 78557188, 78557190, 78557206, 78557208, 79746108, 79746110, 79746112, 80409832, 80409836]","[78544617, 78544619, 78544625, 78544627, 78544629, 80409834]",79746116.0,20260812
Etv1,6,47,0.670714795589447,1295040,"[72119595, 78544615, 78544617, 78544619, 78544623, 78544625, 78544629, 78557192, 78557208, 79746112, 79746114, 80409832, 80409834, 80409836, 80409877]","[73512203, 78544621, 78544638, 78557188, 78557190, 78557206]",79746116.0,20260812
Etv1,6,48,0.7042638063430786,1295040,"[78544615, 78544619, 78544621, 78544623, 78544627, 78544629, 78544638, 78557188, 78557190, 78557192, 78557208, 79746108, 80409832, 80409834, 80409877]","[73512203, 78544625, 79746110, 79746112, 79746114, 80409836]",79746116.0,20260812
Etv1,6,49,0.7100620865821838,1295040,"[72119595, 73512203, 78544613, 78544615, 78544617, 78544619, 78544621, 78544625, 78557188, 78557208, 79746108, 79746110, 79746114, 80409832, 80409834]","[78544623, 78544627, 78557192, 78557206, 79746112, 80409836]",79746116.0,20260812
Etv1,6,50,0.7010225653648376,1295040,"[72119595, 73512203, 78544619, 78544623, 78544627, 78544629, 78544638, 78557190, 78557192, 78557206, 79746108, 79746112, 80409832, 80409836, 80409877]","[78544615, 78544621, 78557188, 78557208, 79746114, 80409834]",79746116.0,20260812
Etv1,6,51,0.7132344245910645,1295040,"[72119595, 73512203, 78544617, 78544619, 78544621, 78544625, 78544629, 78557188, 78557192, 78557206, 79746108, 79746110, 79746112, 80409834, 80409836]","[78544615, 78544623, 78544638, 78557190, 78557208, 80409832]",79746116.0,20260812
Etv1,6,52,0.671202540397644,1295040,"[72119595, 73512203, 78544613, 78544619, 78544621, 78544623, 78544627, 78544629, 78557190, 78557192, 78557206, 78557208, 79746108, 79746110, 79746114]","[78544617, 78544638, 78557188, 79746112, 80409832, 80409834]",79746116.0,20260812
Etv1,6,53,0.6654748320579529,1295040,"[72119595, 78544615, 78544617, 78544621, 78544627, 78544629, 78544638, 78557188, 78557190, 78557192, 78557206, 79746108, 80409834, 80409836, 80409877]","[73512203, 78544613, 79746110, 79746112, 79746114, 80409832]",79746116.0,20260812
Etv1,6,54,0.7224317789077759,1295040,"[73512203, 78544613, 78544617, 78544619, 78544621, 78544623, 78557188, 78557190, 78557206, 78557208, 79746110, 79746112, 79746114, 80409832, 80409836]","[78544615, 78544625, 78544638, 78557192, 79746108, 80409877]",79746116.0,20260812
Etv1,6,55,0.7160645723342896,1295040,"[78544613, 78544615, 78544623, 78544625, 78544627, 78544629, 78557188, 78557190, 78557206, 78557208, 79746110, 79746112, 79746114, 80409832, 80409836]","[72119595, 78544617, 78544619, 78557192, 79746108, 80409877]",79746116.0,20260812
Etv1,6,56,0.6821911334991455,1295040,"[73512203, 78544615, 78544619, 78544629, 78544638, 78557190, 78557206, 78557208, 79746108, 79746110, 79746112, 79746114, 80409832, 80409836, 80409877]","[72119595, 78544613, 78544617, 78544627, 78557188, 78557192]",79746116.0,20260812
Etv1,6,57,0.7171823382377625,1295040,"[72119595, 78544613, 78544621, 78544623, 78544627, 78557188, 78557190, 78557192, 78557206, 78557208, 79746108, 79746112, 79746114, 80409834, 80409877]","[73512203, 78544615, 78544619, 78544638, 79746110, 80409836]",79746116.0,20260812
Etv1,6,58,0.6941542029380798,1295040,"[72119595, 78544613, 78544617, 78544619, 78544627, 78544629, 78544638, 78557188, 78557190, 78557206, 78557208, 79746110, 79746112, 79746114, 80409834]","[73512203, 78544615, 78544623, 78544625, 80409832, 80409877]",79746116.0,20260812
Etv1,6,59,0.7088832855224609,1295040,"[72119595, 73512203, 78544613, 78544617, 78544619, 78544621, 78544627, 78544629, 78557188, 78557190, 78557192, 79746108, 80409832, 80409834, 80409836]","[78544623, 78544638, 78557206, 79746112, 79746114, 80409877]",79746116.0,20260812
Etv1,6,60,0.6987371444702148,1295040,"[72119595, 73512203, 78544613, 78544621, 78544623, 78544625, 78544627, 78544629, 78544638, 78557190, 78557192, 78557208, 79746108, 80409832, 80409834]","[78544615, 78544619, 79746110, 79746112, 79746114, 80409836]",79746116.0,20260812
Etv1,6,61,0.669075071811676,1295040,"[73512203, 78544615, 78544617, 78544619, 78544623, 78544625, 78544638, 78557190, 78557192, 78557206, 78557208, 79746108, 79746114, 80409832, 80409877]","[72119595, 78544613, 79746110, 79746112, 80409834, 80409836]",79746116.0,20260812
Etv1,6,62,0.6866791248321533,1295040,"[72119595, 78544613, 78544617, 78544619, 78544623, 78544629, 78557188, 78557192, 78557206, 79746108, 79746110, 79746112, 80409832, 80409834, 80409877]","[78544615, 78544625, 78544627, 78557190, 78557208, 80409836]",79746116.0,20260812
Etv1,6,63,0.7219020128250122,1295040,"[72119595, 78544613, 78544619, 78544621, 78544623, 78544627, 78544629, 78557188, 78557190, 78557192, 78557208, 79746114, 80409832, 80409834, 80409836]","[78544615, 78544617, 78544625, 78544638, 79746110, 80409877]",79746116.0,20260812
Etv1,6,64,0.70014488697052,1295040,"[72119595, 73512203, 78544619, 78544623, 78544625, 78544629, 78544638, 78557188, 78557190, 78557206, 79746110, 79746112, 79746114, 80409834, 80409877]","[78544613, 78544617, 78544621, 78557192, 78557208, 80409832]",79746116.0,20260812
Etv1,6,65,0.7207602262496948,1295040,"[78544613, 78544615, 78544623, 78544625, 78544629, 78544638, 78557188, 78557190, 78557206, 78557208, 79746110, 79746112, 79746114, 80409836, 80409877]","[72119595, 78544617, 78544619, 78544621, 78544627, 78557192]",79746116.0,20260812
Etv1,6,66,0.7088255286216736,1295040,"[73512203, 78544613, 78544615, 78544617, 78544619, 78544621, 78544625, 78544638, 78557188, 78557208, 79746108, 79746110, 80409832, 80409836, 80409877]","[78544623, 78544629, 78557190, 79746112, 79746114, 80409834]",79746116.0,20260812
Etv1,6,67,0.7270034551620483,1295040,"[72119595, 73512203, 78544615, 78544621, 78544623, 78544629, 78557188, 78557190, 78557192, 78557206, 79746108, 79746110, 79746114, 80409834, 80409877]","[78544613, 78544625, 78544627, 78557208, 79746112, 80409836]",79746116.0,20260812
Etv1,6,68,0.655350387096405,1295040,"[73512203, 78544615, 78544617, 78544619, 78544621, 78544623, 78544629, 78544638, 78557188, 78557192, 78557206, 78557208, 79746108, 79746110, 79746114]","[78544625, 78544627, 80409832, 80409834, 80409836, 80409877]",79746116.0,20260812
Etv1,6,69,0.6916289329528809,1295040,"[72119595, 73512203, 78544613, 78544615, 78544617, 78544623, 78544625, 78544638, 78557188, 78557192, 78557208, 79746108, 80409834, 80409836, 80409877]","[78544619, 78544629, 78557190, 78557206, 79746110, 79746112]",79746116.0,20260812
Etv1,6,70,0.7124053835868835,1295040,"[73512203, 78544613, 78544615, 78544617, 78544621, 78544625, 78544627, 78544629, 78544638, 78557206, 78557208, 79746114, 80409832, 80409834, 80409836]","[72119595, 78557190, 78557192, 79746108, 79746110, 80409877]",79746116.0,20260812
Etv1,6,71,0.7022008299827576,1295040,"[78544619, 78544621, 78544625, 78544627, 78544629, 78544638, 78557188, 78557192, 78557208, 79746108, 79746112, 79746114, 80409834, 80409836, 80409877]","[73512203, 78544617, 78557190, 78557206, 79746110, 80409832]",79746116.0,20260812
Etv1,6,72,0.668463945388794,1295040,"[72119595, 73512203, 78544613, 78544617, 78544623, 78544625, 78544627, 78544638, 78557188, 78557190, 79746110, 79746112, 80409832, 80409834, 80409877]","[78544615, 78544619, 78557192, 78557206, 78557208, 79746114]",79746116.0,20260812
Etv1,6,73,0.7011443376541138,1295040,"[78544615, 78544621, 78544623, 78544625, 78544627, 78544629, 78544638, 78557188, 78557190, 78557192, 78557206, 79746112, 79746114, 80409832, 80409834]","[72119595, 78544619, 78557208, 79746108, 79746110, 80409836]",79746116.0,20260812
Etv1,6,74,0.7254184484481812,1295040,"[72119595, 73512203, 78544613, 78544615, 78544621, 78544627, 78544629, 78557188, 78557206, 79746108, 79746112, 79746114, 80409832, 80409834, 80409836]","[78544617, 78544619, 78544623, 78544638, 78557192, 78557208]",79746116.0,20260812
Etv1,6,75,0.6986771821975708,1295040,"[72119595, 73512203, 78544613, 78544619, 78544621, 78544625, 78544627, 78544629, 78544638, 78557190, 78557192, 78557208, 79746114, 80409834, 80409836]","[78544617, 78544623, 78557188, 78557206, 79746110, 79746112]",79746116.0,20260812
Etv1,6,76,0.6767643690109253,1295040,"[72119595, 73512203, 78544613, 78544615, 78544617, 78544619, 78544625, 78544627, 78544629, 78557192, 78557206, 78557208, 79746112, 80409834, 80409877]","[78544621, 78544623, 78544638, 78557188, 78557190, 79746110]",79746116.0,20260812
Etv1,6,77,0.7097100019454956,1295040,"[72119595, 78544613, 78544615, 78544617, 78544619, 78544621, 78544623, 78544627, 78544638, 78557192, 79746108, 79746110, 79746112, 79746114, 80409836]","[73512203, 78544625, 78557188, 78557206, 78557208, 80409877]",79746116.0,20260812
Etv1,6,78,0.7115422487258911,1295040,"[72119595, 78544613, 78544617, 78544619, 78544621, 78544623, 78544625, 78544627, 78544629, 78557188, 78557206, 79746112, 79746114, 80409832, 80409877]","[73512203, 78544615, 78557192, 78557208, 79746108, 80409836]",79746116.0,20260812
Etv1,6,79,0.6418452262878418,1295040,"[73512203, 78544615, 78544617, 78544621, 78544625, 78544629, 78544638, 78557192, 78557206, 78557208, 79746110, 79746112, 79746114, 80409834, 80409877]","[72119595, 78544623, 78557188, 79746108, 80409832, 80409836]",79746116.0,20260812
Etv1,6,80,0.7088468074798584,1295040,"[72119595, 73512203, 78544613, 78544619, 78544629, 78544638, 78557188, 78557190, 78557192, 79746110, 79746112, 79746114, 80409834, 80409836, 80409877]","[78544615, 78544621, 78544623, 78544627, 78557208, 80409832]",79746116.0,20260812
Etv1,6,81,0.6945825815200806,1295040,"[73512203, 78544617, 78544619, 78544623, 78544625, 78544627, 78544638, 78557188, 78557190, 78557208, 79746108, 79746110, 79746114, 80409834, 80409877]","[72119595, 78544615, 78544621, 78557206, 80409832, 80409836]",79746116.0,20260812
Etv1,6,82,0.6872515082359314,1295040,"[72119595, 73512203, 78544613, 78544615, 78544619, 78544623, 78544625, 78544638, 78557192, 78557206, 78557208, 79746108, 79746112, 79746114, 80409834]","[78544627, 78557188, 78557190, 79746110, 80409836, 80409877]",79746116.0,20260812
Etv1,6,83,0.7004222869873047,1295040,"[78544617, 78544621, 78544623, 78544625, 78544627, 78544629, 78557188, 78557192, 78557206, 79746108, 79746110, 80409832, 80409834, 80409836, 80409877]","[73512203, 78544613, 78544615, 78544619, 78544638, 79746114]",79746116.0,20260812
Etv1,6,84,0.7311099767684937,1295040,"[72119595, 78544613, 78544621, 78544625, 78544627, 78544629, 78544638, 78557188, 78557190, 78557206, 79746112, 79746114, 80409832, 80409834, 80409836]","[73512203, 78544615, 78557208, 79746108, 79746110, 80409877]",79746116.0,20260812
Etv1,6,85,0.6761816740036011,1295040,"[72119595, 73512203, 78544615, 78544617, 78544623, 78544625, 78557188, 78557190, 78557206, 79746110, 79746114, 80409832, 80409834, 80409836, 80409877]","[78544619, 78544621, 78544629, 78544638, 78557192, 78557208]",79746116.0,20260812
Etv1,6,86,0.7214961051940918,1295040,"[73512203, 78544615, 78544619, 78544623, 78544638, 78557188, 78557192, 79746108, 79746110, 79746112, 79746114, 80409832, 80409834, 80409836, 80409877]","[78544613, 78544617, 78544621, 78544625, 78557190, 78557206]",79746116.0,20260812
Etv1,6,87,0.6963704824447632,1295040,"[72119595, 78544613, 78544615, 78544619, 78544623, 78544627, 78544629, 78557188, 78557206, 79746108, 79746110, 79746114, 80409834, 80409836, 80409877]","[73512203, 78544617, 78544625, 78557192, 78557208, 80409832]",79746116.0,20260812
Etv1,6,88,0.700980544090271,1295040,"[73512203, 78544615, 78544619, 78544625, 78544627, 78544638, 78557188, 78557190, 78557192, 78557208, 79746108, 79746110, 80409834, 80409836, 80409877]","[72119595, 78544613, 78544617, 78544623, 78557206, 79746112]",79746116.0,20260812
Etv1,6,89,0.6819730997085571,1295040,"[73512203, 78544615, 78544617, 78544621, 78544625, 78544627, 78544629, 78544638, 78557188, 78557190, 78557206, 78557208, 79746112, 80409832, 80409836]","[72119595, 78544623, 78557192, 79746108, 79746110, 80409834]",79746116.0,20260812
Etv1,6,90,0.7332659959793091,1295040,"[72119595, 73512203, 78544615, 78544617, 78544619, 78544623, 78544627, 78544638, 78557188, 78557192, 78557208, 79746108, 79746112, 80409832, 80409877]","[78544621, 78544625, 78544629, 78557190, 79746110, 80409836]",79746116.0,20260812
Etv1,6,91,0.6801989078521729,1295040,"[73512203, 78544613, 78544615, 78544619, 78544621, 78544623, 78544629, 78544638, 78557190, 79746110, 79746112, 79746114, 80409832, 80409834, 80409836]","[78544617, 78544625, 78557192, 78557206, 78557208, 80409877]",79746116.0,20260812
Etv1,6,92,0.6614927649497986,1295040,"[72119595, 73512203, 78544615, 78544617, 78544619, 78544623, 78544627, 78544629, 78557192, 78557208, 79746108, 79746112, 79746114, 80409836, 80409877]","[78544613, 78544621, 78544638, 78557188, 79746110, 80409834]",79746116.0,20260812
Etv1,6,93,0.703967809677124,1295040,"[72119595, 78544619, 78544621, 78544625, 78544627, 78544629, 78544638, 78557190, 78557206, 79746110, 79746112, 79746114, 80409832, 80409834, 80409877]","[78544615, 78544617, 78557188, 78557192, 78557208, 79746108]",79746116.0,20260812
Etv1,6,94,0.7203582525253296,1295040,"[72119595, 73512203, 78544613, 78544615, 78544619, 78544621, 78544625, 78544629, 78557190, 78557206, 79746108, 79746112, 80409832, 80409836, 80409877]","[78544623, 78544638, 78557208, 79746110, 79746114, 80409834]",79746116.0,20260812
Etv1,6,95,0.6807360053062439,1295040,"[72119595, 78544615, 78544617, 78544619, 78544623, 78544627, 78544629, 78544638, 78557190, 78557192, 78557206, 79746110, 79746114, 80409834, 80409836]","[73512203, 78557188, 78557208, 79746108, 79746112, 80409832]",79746116.0,20260812
Etv1,6,96,0.6847065687179565,1295040,"[72119595, 78544617, 78544621, 78544623, 78544625, 78544629, 78544638, 78557190, 78557206, 78557208, 79746108, 79746112, 79746114, 80409836, 80409877]","[73512203, 78544613, 78544619, 78544627, 79746110, 80409834]",79746116.0,20260812
Etv1,6,97,0.7288447618484497,1295040,"[72119595, 73512203, 78544617, 78544619, 78544623, 78544625, 78544627, 78544629, 78544638, 78557188, 78557190, 78557192, 78557206, 79746110, 80409877]","[78544615, 78544621, 78557208, 79746108, 79746112, 80409836]",79746116.0,20260812
Etv1,6,98,0.7044146060943604,1295040,"[78544613, 78544619, 78544627, 78544629, 78557188, 78557190, 78557192, 78557206, 78557208, 79746108, 79746110, 79746114, 80409832, 80409834, 80409877]","[73512203, 78544615, 78544617, 78544621, 79746112, 80409836]",79746116.0,20260812
Etv1,6,99,0.6787099242210388,1295040,"[72119595, 73512203, 78544617, 78544619, 78544621, 78544625, 78544638, 78557188, 78557190, 78557206, 79746108, 79746110, 79746112, 79746114, 80409877]","[78544613, 78544623, 78544627, 78557208, 80409832, 80409836]",79746116.0,20260812
Etv1,7,0,0.6866575479507446,1295040,"[72119595, 73512203, 78544613, 78544615, 78544617, 78544621, 78544623, 78544625, 78544638, 78557190, 78557206, 79746112, 79746114, 80409834, 80409877]","[78544619, 78557188, 78557192, 79746108, 79746110, 80409832, 80409836]",79746116.0,20260812
Etv1,7,1,0.6920675039291382,1295040,"[72119595, 73512203, 78544613, 78544615, 78544617, 78544619, 78544623, 78544625, 78544627, 78557190, 78557192, 78557208, 79746112, 80409834, 80409836]","[78544638, 78557188, 79746108, 79746110, 79746114, 80409832, 80409877]",79746116.0,20260812
Etv1,7,2,0.7266925573348999,1295040,"[72119595, 78544617, 78544619, 78544623, 78544625, 78557188, 78557190, 78557208, 79746108, 79746110, 79746112, 80409832, 80409834, 80409836, 80409877]","[73512203, 78544613, 78544627, 78544629, 78544638, 78557192, 79746114]",79746116.0,20260812
Etv1,7,3,0.6910455226898193,1295040,"[72119595, 73512203, 78544617, 78544621, 78544625, 78544627, 78544638, 78557190, 78557192, 78557206, 78557208, 79746110, 79746114, 80409834, 80409836]","[78544613, 78544615, 78544623, 78557188, 79746108, 80409832, 80409877]",79746116.0,20260812
Etv1,7,4,0.6953674554824829,1295040,"[73512203, 78544613, 78544617, 78544619, 78544621, 78544629, 78544638, 78557188, 78557192, 78557206, 78557208, 79746108, 79746110, 80409836, 80409877]","[72119595, 78544625, 78557190, 79746112, 79746114, 80409832, 80409834]",79746116.0,20260812
Etv1,7,5,0.7148386836051941,1295040,"[72119595, 78544617, 78544621, 78544623, 78557188, 78557190, 78557192, 78557206, 78557208, 79746110, 79746112, 79746114, 80409832, 80409834, 80409877]","[78544613, 78544615, 78544619, 78544625, 78544627, 78544629, 79746108]",79746116.0,20260812
Etv1,7,6,0.6978604793548584,1295040,"[72119595, 73512203, 78544615, 78544617, 78544619, 78544625, 78544629, 78557192, 78557206, 79746112, 79746114, 80409832, 80409834, 80409836, 80409877]","[78544621, 78544623, 78544638, 78557190, 78557208, 79746108, 79746110]",79746116.0,20260812
Etv1,7,7,0.7230486869812012,1295040,"[78544613, 78544615, 78544617, 78544621, 78544629, 78557188, 78557190, 78557192, 78557208, 79746108, 79746110, 79746112, 79746114, 80409836, 80409877]","[72119595, 73512203, 78544619, 78544623, 78544625, 78544627, 80409832]",79746116.0,20260812
Etv1,7,8,0.7306405305862427,1295040,"[73512203, 78544613, 78544615, 78544623, 78544627, 78544629, 78544638, 78557188, 78557208, 79746108, 79746110, 79746112, 80409832, 80409834, 80409836]","[72119595, 78544617, 78544625, 78557190, 78557192, 79746114, 80409877]",79746116.0,20260812
Etv1,7,9,0.7136780023574829,1295040,"[72119595, 73512203, 78544613, 78544617, 78544619, 78544627, 78544629, 78557190, 78557192, 78557206, 79746108, 79746114, 80409834, 80409836, 80409877]","[78544615, 78544621, 78544623, 78544625, 78557188, 79746112, 80409832]",79746116.0,20260812
Etv1,7,10,0.7245771288871765,1295040,"[78544613, 78544617, 78544621, 78544623, 78544629, 78544638, 78557188, 78557190, 78557206, 78557208, 79746108, 79746114, 80409832, 80409834, 80409877]","[73512203, 78544615, 78544619, 78544627, 78557192, 79746110, 80409836]",79746116.0,20260812
Etv1,7,11,0.7322350740432739,1295040,"[72119595, 73512203, 78544617, 78544621, 78544623, 78544625, 78544627, 78544629, 78557188, 78557192, 78557208, 79746112, 80409832, 80409836, 80409877]","[78544615, 78557190, 78557206, 79746108, 79746110, 79746114, 80409834]",79746116.0,20260812
Etv1,7,12,0.7293702363967896,1295040,"[72119595, 73512203, 78544617, 78544619, 78544627, 78557188, 78557192, 78557208, 79746110, 79746112, 79746114, 80409832, 80409834, 80409836, 80409877]","[78544621, 78544623, 78544625, 78544629, 78557190, 78557206, 79746108]",79746116.0,20260812
Etv1,7,13,0.6892344355583191,1295040,"[72119595, 78544613, 78544615, 78544617, 78544621, 78544625, 78544627, 78544638, 78557192, 78557206, 79746110, 79746112, 80409832, 80409834, 80409877]","[73512203, 78544619, 78544629, 78557188, 78557208, 79746108, 79746114]",79746116.0,20260812
Etv1,7,14,0.7009183168411255,1295040,"[72119595, 78544613, 78544615, 78544623, 78544625, 78544627, 78544629, 78557188, 78557192, 78557206, 79746112, 80409832, 80409834, 80409836, 80409877]","[73512203, 78544617, 78544619, 78544621, 78557190, 78557208, 79746114]",79746116.0,20260812
Etv1,7,15,0.7397714853286743,1295040,"[72119595, 73512203, 78544613, 78544615, 78544617, 78544621, 78544625, 78544627, 78544629, 78557188, 78557206, 79746110, 79746114, 80409834, 80409836]","[78544623, 78544638, 78557192, 78557208, 79746112, 80409832, 80409877]",79746116.0,20260812
Etv1,7,16,0.7051364183425903,1295040,"[72119595, 73512203, 78544613, 78544615, 78544617, 78544621, 78544623, 78544627, 78557188, 78557208, 79746110, 79746112, 79746114, 80409832, 80409836]","[78544619, 78544625, 78544629, 78557190, 79746108, 80409834, 80409877]",79746116.0,20260812
Etv1,7,17,0.7208962440490723,1295040,"[78544615, 78544617, 78544619, 78544621, 78544625, 78544627, 78544629, 78557188, 78557192, 78557208, 79746110, 79746112, 79746114, 80409832, 80409834]","[73512203, 78544613, 78544623, 78544638, 78557190, 78557206, 80409877]",79746116.0,20260812
Etv1,7,18,0.703792154788971,1295040,"[73512203, 78544613, 78544617, 78544619, 78544621, 78544625, 78544629, 78544638, 78557188, 79746108, 79746110, 79746114, 80409832, 80409834, 80409836]","[72119595, 78544615, 78544627, 78557190, 78557192, 78557206, 78557208]",79746116.0,20260812
Etv1,7,19,0.6898103356361389,1295040,"[73512203, 78544613, 78544615, 78544617, 78544623, 78544627, 78544638, 78557188, 78557192, 78557206, 79746108, 79746110, 79746114, 80409836, 80409877]","[72119595, 78544619, 78544625, 78544629, 78557190, 80409832, 80409834]",79746116.0,20260812
Etv1,7,20,0.7200161218643188,1295040,"[72119595, 78544613, 78544615, 78544617, 78544623, 78544625, 78544629, 78544638, 78557188, 78557208, 79746110, 79746114, 80409832, 80409836, 80409877]","[73512203, 78544619, 78557192, 78557206, 79746108, 79746112, 80409834]",79746116.0,20260812
Etv1,7,21,0.7336993217468262,1295040,"[72119595, 73512203, 78544615, 78544619, 78544621, 78544623, 78544625, 78557188, 78557190, 78557192, 79746110, 79746112, 80409832, 80409836, 80409877]","[78544613, 78544617, 78544629, 78557208, 79746108, 79746114, 80409834]",79746116.0,20260812
Etv1,7,22,0.7342873811721802,1295040,"[72119595, 73512203, 78544613, 78544623, 78544625, 78544627, 78544638, 78557190, 78557192, 78557208, 79746108, 79746114, 80409832, 80409834, 80409836]","[78544615, 78544617, 78544621, 78544629, 78557188, 79746110, 79746112]",79746116.0,20260812
Etv1,7,23,0.7259948253631592,1295040,"[72119595, 78544613, 78544615, 78544619, 78544621, 78544623, 78544625, 78544627, 78557188, 78557190, 78557192, 78557208, 79746110, 80409834, 80409877]","[78544617, 78544638, 78557206, 79746108, 79746112, 79746114, 80409832]",79746116.0,20260812
Etv1,7,24,0.6924583315849304,1295040,"[78544613, 78544615, 78544619, 78544621, 78544625, 78544627, 78557190, 78557192, 78557206, 78557208, 79746108, 79746112, 79746114, 80409832, 80409836]","[72119595, 73512203, 78544623, 78544629, 78557188, 80409834, 80409877]",79746116.0,20260812
Etv1,7,25,0.739230215549469,1295040,"[73512203, 78544613, 78544615, 78544619, 78544621, 78544627, 78557188, 78557190, 78557192, 78557206, 78557208, 80409832, 80409834, 80409836, 80409877]","[78544617, 78544623, 78544638, 79746108, 79746110, 79746112, 79746114]",79746116.0,20260812
Etv1,7,26,0.7402924299240112,1295040,"[73512203, 78544613, 78544615, 78544619, 78544623, 78544627, 78544629, 78544638, 78557188, 78557208, 79746110, 79746112, 80409834, 80409836, 80409877]","[78544621, 78544625, 78557190, 78557192, 78557206, 79746108, 79746114]",79746116.0,20260812
Etv1,7,27,0.7372251749038696,1295040,"[72119595, 73512203, 78544615, 78544617, 78544625, 78544629, 78544638, 78557190, 78557192, 78557208, 79746108, 79746114, 80409832, 80409834, 80409836]","[78544621, 78544623, 78544627, 78557188, 78557206, 79746110, 79746112]",79746116.0,20260812
Etv1,7,28,0.6917718648910522,1295040,"[72119595, 78544613, 78544615, 78544617, 78544621, 78544623, 78544627, 78544629, 78544638, 78557190, 78557206, 78557208, 79746110, 79746114, 80409836]","[73512203, 78544619, 78544625, 79746108, 80409832, 80409834, 80409877]",79746116.0,20260812
Etv1,7,29,0.7334221005439758,1295040,"[72119595, 73512203, 78544613, 78544619, 78544621, 78544623, 78544629, 78557188, 78557190, 78557206, 78557208, 79746108, 79746110, 79746114, 80409834]","[78544625, 78544627, 78544638, 78557192, 79746112, 80409836, 80409877]",79746116.0,20260812
Etv1,7,30,0.7204142808914185,1295040,"[73512203, 78544617, 78544619, 78544621, 78544623, 78544625, 78544627, 78557190, 78557206, 78557208, 79746108, 79746110, 79746114, 80409832, 80409877]","[72119595, 78544613, 78544615, 78544629, 78557188, 78557192, 80409834]",79746116.0,20260812
Etv1,7,31,0.7124844789505005,1295040,"[72119595, 78544613, 78544619, 78544625, 78544629, 78557188, 78557206, 79746108, 79746110, 79746112, 79746114, 80409832, 80409834, 80409836, 80409877]","[73512203, 78544615, 78544621, 78544623, 78544627, 78557192, 78557208]",79746116.0,20260812
Etv1,7,32,0.7354433536529541,1295040,"[72119595, 78544613, 78544615, 78544617, 78544619, 78544621, 78544623, 78544625, 78544629, 78557192, 78557208, 79746108, 79746114, 80409834, 80409836]","[73512203, 78544627, 78544638, 78557190, 79746112, 80409832, 80409877]",79746116.0,20260812
Etv1,7,33,0.7250497341156006,1295040,"[73512203, 78544613, 78544615, 78544617, 78544619, 78544621, 78544625, 78557190, 78557192, 78557208, 79746108, 79746110, 80409832, 80409836, 80409877]","[72119595, 78544623, 78544629, 78544638, 78557188, 78557206, 79746114]",79746116.0,20260812
Etv1,7,34,0.7270236015319824,1295040,"[78544613, 78544617, 78544621, 78544623, 78544625, 78544627, 78557188, 78557190, 78557206, 79746110, 79746112, 80409832, 80409834, 80409836, 80409877]","[73512203, 78544615, 78544619, 78544638, 78557192, 78557208, 79746114]",79746116.0,20260812
Etv1,7,35,0.7414456605911255,1295040,"[78544613, 78544619, 78544621, 78544623, 78544625, 78544627, 78557188, 78557190, 78557192, 79746108, 79746112, 79746114, 80409832, 80409836, 80409877]","[72119595, 73512203, 78544615, 78544629, 78544638, 78557208, 80409834]",79746116.0,20260812
Etv1,7,36,0.7005418539047241,1295040,"[73512203, 78544615, 78544617, 78544619, 78544621, 78544623, 78544629, 78544638, 78557188, 78557206, 78557208, 79746110, 79746112, 79746114, 80409836]","[78544613, 78544627, 78557190, 78557192, 80409832, 80409834, 80409877]",79746116.0,20260812
Etv1,7,37,0.696700394153595,1295040,"[72119595, 78544613, 78544617, 78544621, 78544623, 78544625, 78557188, 78557190, 78557206, 78557208, 79746108, 79746110, 79746112, 80409834, 80409836]","[78544615, 78544619, 78544629, 78544638, 79746114, 80409832, 80409877]",79746116.0,20260812
Etv1,7,38,0.7262994050979614,1295040,"[73512203, 78544613, 78544617, 78544621, 78544623, 78544625, 78544627, 78544629, 78557188, 78557190, 78557208, 79746110, 79746112, 79746114, 80409832]","[72119595, 78544615, 78544619, 78544638, 78557206, 80409836, 80409877]",79746116.0,20260812
Etv1,7,39,0.7073101997375488,1295040,"[72119595, 73512203, 78544613, 78544617, 78544627, 78544629, 78557188, 78557190, 78557192, 78557206, 79746108, 79746114, 80409832, 80409834, 80409877]","[78544615, 78544621, 78544625, 78544638, 79746110, 79746112, 80409836]",79746116.0,20260812
Etv1,7,40,0.6926007866859436,1295040,"[78544615, 78544617, 78544619, 78544623, 78544625, 78544627, 78544629, 78557188, 78557190, 78557208, 79746110, 79746112, 79746114, 80409836, 80409877]","[72119595, 73512203, 78544613, 78544621, 78544638, 78557206, 79746108]",79746116.0,20260812
Etv1,7,41,0.7078787088394165,1295040,"[78544613, 78544615, 78544617, 78544619, 78544621, 78544623, 78544629, 78544638, 78557188, 78557192, 78557206, 78557208, 79746108, 80409834, 80409877]","[72119595, 73512203, 78544627, 78557190, 79746114, 80409832, 80409836]",79746116.0,20260812
Etv1,7,42,0.6996983289718628,1295040,"[72119595, 73512203, 78544613, 78544617, 78544623, 78544629, 78557188, 78557192, 78557206, 78557208, 79746110, 80409832, 80409834, 80409836, 80409877]","[78544619, 78544621, 78544625, 78544638, 78557190, 79746108, 79746112]",79746116.0,20260812
Etv1,7,43,0.7189140915870667,1295040,"[72119595, 78544613, 78544615, 78544619, 78544623, 78544625, 78544627, 78544629, 78544638, 78557192, 78557208, 79746108, 79746110, 79746112, 80409832]","[73512203, 78544617, 78544621, 78557188, 78557206, 79746114, 80409834]",79746116.0,20260812
Etv1,7,44,0.7163370847702026,1295040,"[72119595, 73512203, 78544613, 78544615, 78544617, 78544619, 78544621, 78544623, 78544625, 78544638, 78557188, 79746110, 79746114, 80409832, 80409877]","[78544627, 78544629, 78557192, 78557206, 78557208, 79746108, 80409834]",79746116.0,20260812
Etv1,7,45,0.7195069789886475,1295040,"[72119595, 78544615, 78544617, 78544621, 78544623, 78544625, 78544627, 78544629, 78544638, 78557188, 78557190, 79746108, 79746112, 80409834, 80409877]","[73512203, 78544619, 78557192, 78557206, 78557208, 79746110, 79746114]",79746116.0,20260812
Etv1,7,46,0.7120459079742432,1295040,"[72119595, 73512203, 78544613, 78544621, 78544625, 78544629, 78557190, 78557192, 78557208, 79746108, 79746110, 79746112, 79746114, 80409834, 80409877]","[78544619, 78544627, 78544638, 78557188, 78557206, 80409832, 80409836]",79746116.0,20260812
Etv1,7,47,0.7181971669197083,1295040,"[72119595, 78544617, 78544619, 78544621, 78544623, 78544629, 78544638, 78557188, 78557192, 78557206, 79746108, 79746110, 79746114, 80409832, 80409834]","[73512203, 78544613, 78544615, 78544625, 78544627, 78557208, 80409877]",79746116.0,20260812
Etv1,7,48,0.6842499375343323,1295040,"[72119595, 73512203, 78544615, 78544619, 78544627, 78544629, 78544638, 78557192, 78557206, 78557208, 79746112, 79746114, 80409834, 80409836, 80409877]","[78544613, 78544617, 78544623, 78557188, 78557190, 79746108, 80409832]",79746116.0,20260812
Etv1,7,49,0.688787579536438,1295040,"[73512203, 78544613, 78544617, 78544623, 78544625, 78557188, 78557190, 78557192, 78557206, 79746108, 79746110, 79746114, 80409834, 80409836, 80409877]","[72119595, 78544621, 78544629, 78544638, 78557208, 79746112, 80409832]",79746116.0,20260812
Etv1,7,50,0.7044764161109924,1295040,"[72119595, 73512203, 78544613, 78544617, 78544619, 78544621, 78544629, 78557190, 78557206, 78557208, 79746108, 79746110, 79746112, 80409834, 80409877]","[78544615, 78544623, 78544625, 78557192, 79746114, 80409832, 80409836]",79746116.0,20260812
Etv1,7,51,0.7161804437637329,1295040,"[73512203, 78544613, 78544615, 78544617, 78544619, 78544623, 78544627, 78544629, 78544638, 78557188, 78557190, 78557192, 79746110, 80409834, 80409836]","[72119595, 78544621, 78557206, 78557208, 79746108, 79746114, 80409832]",79746116.0,20260812
Etv1,7,52,0.7099900245666504,1295040,"[72119595, 78544613, 78544615, 78544627, 78544638, 78557188, 78557190, 78557192, 78557206, 79746108, 79746110, 79746112, 80409834, 80409836, 80409877]","[78544619, 78544621, 78544623, 78544625, 78544629, 79746114, 80409832]",79746116.0,20260812
Etv1,7,53,0.7279667854309082,1295040,"[72119595, 73512203, 78544613, 78544615, 78544617, 78544619, 78544623, 78544627, 78544629, 78544638, 78557206, 78557208, 79746110, 80409834, 80409877]","[78544621, 78544625, 78557190, 79746108, 79746114, 80409832, 80409836]",79746116.0,20260812
Etv1,7,54,0.7160488963127136,1295040,"[72119595, 73512203, 78544613, 78544615, 78544617, 78544621, 78544625, 78557188, 78557190, 78557206, 79746110, 79746112, 80409832, 80409836, 80409877]","[78544619, 78544623, 78544627, 78557192, 78557208, 79746114, 80409834]",79746116.0,20260812
Etv1,7,55,0.7135505080223083,1295040,"[72119595, 73512203, 78544617, 78544619, 78544621, 78544623, 78544625, 78544638, 78557192, 78557206, 79746108, 79746114, 80409832, 80409836, 80409877]","[78544613, 78544627, 78544629, 78557188, 78557190, 79746110, 80409834]",79746116.0,20260812
Etv1,7,56,0.7193259000778198,1295040,"[78544615, 78544617, 78544619, 78544623, 78544627, 78544638, 78557188, 78557190, 78557206, 78557208, 79746108, 79746110, 79746112, 80409834, 80409836]","[72119595, 73512203, 78544621, 78557192, 79746114, 80409832, 80409877]",79746116.0,20260812
Etv1,7,57,0.7272087335586548,1295040,"[72119595, 73512203, 78544615, 78544617, 78544619, 78544627, 78544629, 78557190, 78557206, 78557208, 79746110, 79746112, 80409832, 80409834, 80409836]","[78544621, 78544625, 78544638, 78557188, 78557192, 79746108, 80409877]",79746116.0,20260812
Etv1,7,58,0.7245640754699707,1295040,"[72119595, 78544615, 78544621, 78544623, 78544629, 78544638, 78557188, 78557190, 78557206, 79746108, 79746110, 80409832, 80409834, 80409836, 80409877]","[73512203, 78544613, 78544619, 78544625, 78544627, 79746112, 79746114]",79746116.0,20260812
Etv1,7,59,0.7090708017349243,1295040,"[72119595, 73512203, 78544613, 78544621, 78544623, 78544625, 78544627, 78544629, 78557190, 78557192, 78557206, 79746108, 79746110, 79746114, 80409836]","[78544615, 78544619, 78544638, 78557188, 79746112, 80409832, 80409877]",79746116.0,20260812
Etv1,7,60,0.7251719832420349,1295040,"[78544613, 78544615, 78544617, 78544619, 78544623, 78544627, 78544629, 78544638, 78557190, 78557206, 79746108, 79746110, 79746112, 80409834, 80409836]","[72119595, 78544621, 78544625, 78557188, 78557192, 79746114, 80409832]",79746116.0,20260812
Etv1,7,61,0.658167839050293,1295040,"[72119595, 73512203, 78544615, 78544621, 78544625, 78544638, 78557188, 78557190, 78557192, 78557208, 79746108, 79746110, 79746112, 80409836, 80409877]","[78544613, 78544619, 78544623, 78544629, 78557206, 80409832, 80409834]",79746116.0,20260812
Etv1,7,62,0.7157115936279297,1295040,"[72119595, 78544619, 78544625, 78544629, 78557188, 78557190, 78557192, 78557206, 78557208, 79746108, 79746112, 79746114, 80409834, 80409836, 80409877]","[78544613, 78544615, 78544617, 78544621, 78544623, 78544638, 79746110]",79746116.0,20260812
Etv1,7,63,0.7226661443710327,1295040,"[72119595, 78544613, 78544617, 78544619, 78544621, 78544627, 78544638, 78557188, 78557190, 78557208, 79746110, 79746112, 79746114, 80409836, 80409877]","[73512203, 78544623, 78544625, 78544629, 78557192, 79746108, 80409832]",79746116.0,20260812
Etv1,7,64,0.7425445914268494,1295040,"[78544613, 78544621, 78544623, 78544625, 78544627, 78544629, 78557190, 78557206, 78557208, 79746108, 79746110, 79746112, 79746114, 80409832, 80409877]","[78544615, 78544617, 78544638, 78557188, 78557192, 80409834, 80409836]",79746116.0,20260812
Etv1,7,65,0.7306229472160339,1295040,"[73512203, 78544615, 78544623, 78544629, 78557188, 78557190, 78557192, 78557206, 78557208, 79746112, 79746114, 80409832, 80409834, 80409836, 80409877]","[72119595, 78544613, 78544617, 78544619, 78544625, 78544638, 79746108]",79746116.0,20260812
Etv1,7,66,0.7265777587890625,1295040,"[72119595, 78544617, 78544619, 78544621, 78544623, 78544625, 78544638, 78557190, 78557206, 79746108, 79746110, 79746112, 79746114, 80409832, 80409836]","[73512203, 78544613, 78544627, 78557192, 78557208, 80409834, 80409877]",79746116.0,20260812
Etv1,7,67,0.7220982313156128,1295040,"[72119595, 73512203, 78544617, 78544621, 78544623, 78544625, 78544627, 78544629, 78544638, 78557188, 78557192, 78557208, 79746112, 80409832, 80409834]","[78544615, 78544619, 78557190, 79746108, 79746110, 79746114, 80409877]",79746116.0,20260812
Etv1,7,68,0.6773292422294617,1295040,"[78544615, 78544617, 78544619, 78544621, 78544625, 78544627, 78544629, 78544638, 78557190, 78557192, 78557206, 78557208, 79746110, 80409834, 80409877]","[72119595, 73512203, 78544623, 78557188, 79746108, 79746114, 80409836]",79746116.0,20260812
Etv1,7,69,0.7100378274917603,1295040,"[72119595, 78544615, 78544617, 78544619, 78544625, 78544627, 78544629, 78557188, 78557192, 78557208, 79746108, 79746112, 80409832, 80409834, 80409836]","[78544613, 78544623, 78544638, 78557190, 78557206, 79746114, 80409877]",79746116.0,20260812
Etv1,7,70,0.7175900936126709,1295040,"[73512203, 78544613, 78544615, 78544617, 78544619, 78544621, 78544625, 78544627, 78557190, 78557192, 78557206, 79746110, 80409832, 80409834, 80409877]","[72119595, 78544629, 78544638, 78557188, 79746108, 79746112, 80409836]",79746116.0,20260812
Etv1,7,71,0.7347160577774048,1295040,"[72119595, 73512203, 78544613, 78544615, 78544617, 78544619, 78544623, 78544627, 78544629, 78557188, 78557190, 78557206, 78557208, 79746114, 80409877]","[78544625, 78544638, 78557192, 79746108, 79746110, 79746112, 80409836]",79746116.0,20260812
Etv1,7,72,0.7406522035598755,1295040,"[73512203, 78544613, 78544615, 78544617, 78544621, 78544625, 78544629, 78544638, 78557192, 78557206, 79746108, 79746110, 79746114, 80409834, 80409877]","[72119595, 78544623, 78544627, 78557190, 78557208, 79746112, 80409836]",79746116.0,20260812
Etv1,7,73,0.6903421878814697,1295040,"[73512203, 78544613, 78544617, 78544619, 78544627, 78544629, 78557188, 78557190, 78557192, 79746108, 79746110, 79746114, 80409832, 80409836, 80409877]","[72119595, 78544615, 78544621, 78544638, 78557206, 78557208, 79746112]",79746116.0,20260812
Etv1,7,74,0.6763933897018433,1295040,"[78544613, 78544615, 78544617, 78544621, 78544625, 78544627, 78544638, 78557190, 78557192, 79746108, 79746110, 79746112, 79746114, 80409834, 80409877]","[78544619, 78544629, 78557188, 78557206, 78557208, 80409832, 80409836]",79746116.0,20260812
Etv1,7,75,0.7247626185417175,1295040,"[72119595, 78544617, 78544625, 78544629, 78544638, 78557190, 78557192, 78557206, 78557208, 79746112, 79746114, 80409832, 80409834, 80409836, 80409877]","[78544613, 78544615, 78544621, 78544623, 78557188, 79746108, 79746110]",79746116.0,20260812
Etv1,7,76,0.7071021199226379,1295040,"[72119595, 73512203, 78544613, 78544615, 78544617, 78544621, 78544625, 78544629, 78544638, 78557188, 78557192, 78557208, 79746112, 79746114, 80409834]","[78544619, 78557190, 78557206, 79746108, 79746110, 80409832, 80409877]",79746116.0,20260812
Etv1,7,77,0.7436274290084839,1295040,"[72119595, 78544613, 78544615, 78544617, 78544619, 78544621, 78544625, 78557190, 78557192, 78557206, 79746110, 79746112, 79746114, 80409836, 80409877]","[73512203, 78544623, 78544627, 78544638, 78557188, 78557208, 79746108]",79746116.0,20260812
Etv1,7,78,0.7271438837051392,1295040,"[72119595, 78544615, 78544617, 78544619, 78544621, 78544623, 78544627, 78557188, 79746108, 79746110, 79746112, 79746114, 80409834, 80409836, 80409877]","[73512203, 78544629, 78544638, 78557190, 78557206, 78557208, 80409832]",79746116.0,20260812
Etv1,7,79,0.7197670936584473,1295040,"[72119595, 73512203, 78544613, 78544615, 78544617, 78544619, 78544621, 78544623, 78544627, 78544629, 79746108, 79746114, 80409832, 80409836, 80409877]","[78544625, 78544638, 78557188, 78557192, 78557206, 79746110, 80409834]",79746116.0,20260812
Etv1,7,80,0.7138185501098633,1295040,"[72119595, 78544615, 78544617, 78544619, 78544625, 78544627, 78544638, 78557190, 78557192, 78557206, 79746108, 79746110, 79746112, 80409832, 80409834]","[73512203, 78544621, 78544629, 78557188, 79746114, 80409836, 80409877]",79746116.0,20260812
Etv1,7,81,0.7104738354682922,1295040,"[72119595, 78544613, 78544619, 78544623, 78544627, 78544629, 78544638, 78557188, 78557190, 79746110, 79746114, 80409832, 80409834, 80409836, 80409877]","[73512203, 78544617, 78544625, 78557192, 78557206, 79746108, 79746112]",79746116.0,20260812
Etv1,7,82,0.7116798758506775,1295040,"[72119595, 78544615, 78544617, 78544619, 78544621, 78544625, 78544627, 78544629, 78557192, 78557208, 79746108, 79746110, 79746112, 79746114, 80409832]","[73512203, 78557188, 78557190, 78557206, 80409834, 80409836, 80409877]",79746116.0,20260812
Etv1,7,83,0.6886075735092163,1295040,"[72119595, 78544615, 78544617, 78544621, 78544623, 78544625, 78544638, 78557192, 78557206, 78557208, 79746110, 79746114, 80409832, 80409834, 80409836]","[73512203, 78544613, 78544619, 78557188, 78557190, 79746108, 80409877]",79746116.0,20260812
Etv1,7,84,0.7249362468719482,1295040,"[73512203, 78544615, 78544617, 78544619, 78544621, 78544625, 78544627, 78557188, 78557190, 78557192, 78557208, 79746110, 79746112, 80409832, 80409836]","[78544623, 78544629, 78544638, 78557206, 79746108, 80409834, 80409877]",79746116.0,20260812
Etv1,7,85,0.7017760872840881,1295040,"[72119595, 73512203, 78544613, 78544617, 78544619, 78544621, 78544623, 78544627, 78544629, 78544638, 78557188, 78557208, 79746108, 79746110, 80409832]","[78544615, 78544625, 78557190, 78557206, 79746114, 80409836, 80409877]",79746116.0,20260812
Etv1,7,86,0.7040860652923584,1295040,"[72119595, 73512203, 78544613, 78544623, 78544625, 78544638, 78557188, 79746108, 79746110, 79746112, 79746114, 80409832, 80409834, 80409836, 80409877]","[78544615, 78544617, 78544621, 78557190, 78557192, 78557206, 78557208]",79746116.0,20260812
Etv1,7,87,0.6952029466629028,1295040,"[72119595, 78544613, 78544615, 78544619, 78544623, 78544625, 78544638, 78557190, 78557192, 78557206, 78557208, 79746110, 80409834, 80409836, 80409877]","[73512203, 78544617, 78544629, 78557188, 79746112, 79746114, 80409832]",79746116.0,20260812
Etv1,7,88,0.7312564849853516,1295040,"[72119595, 73512203, 78544617, 78544621, 78544623, 78544625, 78544629, 78557188, 78557190, 78557192, 79746110, 79746112, 80409832, 80409836, 80409877]","[78544615, 78544619, 78544627, 78544638, 79746108, 79746114, 80409834]",79746116.0,20260812
Etv1,7,89,0.6638602018356323,1295040,"[73512203, 78544613, 78544615, 78544619, 78544623, 78544625, 78544629, 78557188, 78557190, 78557192, 78557206, 78557208, 79746112, 79746114, 80409877]","[72119595, 78544617, 78544627, 79746108, 80409832, 80409834, 80409836]",79746116.0,20260812
Etv1,7,90,0.7494163513183594,1295040,"[73512203, 78544613, 78544617, 78544619, 78544621, 78544625, 78557190, 78557192, 78557206, 79746112, 79746114, 80409832, 80409834, 80409836, 80409877]","[72119595, 78544615, 78544627, 78544629, 78557208, 79746108, 79746110]",79746116.0,20260812
Etv1,7,91,0.7038830518722534,1295040,"[72119595, 73512203, 78544613, 78544615, 78544627, 78544629, 78557190, 78557192, 78557206, 78557208, 79746110, 80409832, 80409834, 80409836, 80409877]","[78544619, 78544621, 78544625, 78544638, 78557188, 79746108, 79746114]",79746116.0,20260812
Etv1,7,92,0.7077200412750244,1295040,"[78544615, 78544617, 78544619, 78544621, 78544623, 78544625, 78544638, 78557188, 78557190, 79746110, 79746112, 80409832, 80409834, 80409836, 80409877]","[73512203, 78544613, 78557192, 78557206, 78557208, 79746108, 79746114]",79746116.0,20260812
Etv1,7,93,0.7198184728622437,1295040,"[78544613, 78544619, 78544621, 78544623, 78544627, 78544629, 78544638, 78557188, 78557192, 78557206, 78557208, 79746110, 79746112, 79746114, 80409834]","[72119595, 73512203, 78544617, 78544625, 78557190, 79746108, 80409877]",79746116.0,20260812
Etv1,7,94,0.7012085914611816,1295040,"[72119595, 73512203, 78544613, 78544617, 78544621, 78544623, 78544625, 78544629, 78544638, 78557190, 78557208, 79746112, 79746114, 80409834, 80409836]","[78544619, 78544627, 78557192, 78557206, 79746108, 80409832, 80409877]",79746116.0,20260812
Etv1,7,95,0.7035030126571655,1295040,"[72119595, 78544613, 78544617, 78544621, 78544623, 78544625, 78544638, 78557190, 78557192, 79746108, 79746110, 79746114, 80409832, 80409834, 80409836]","[73512203, 78544619, 78544627, 78544629, 78557188, 78557208, 79746112]",79746116.0,20260812
Etv1,7,96,0.7318823933601379,1295040,"[72119595, 78544613, 78544615, 78544617, 78544619, 78544621, 78544625, 78544629, 78557188, 78557192, 78557208, 79746110, 79746112, 79746114, 80409877]","[78544623, 78544627, 78544638, 78557190, 79746108, 80409832, 80409836]",79746116.0,20260812
Etv1,7,97,0.7075715065002441,1295040,"[73512203, 78544613, 78544619, 78544621, 78544623, 78544625, 78544627, 78544638, 78557188, 78557190, 78557192, 79746110, 79746112, 80409834, 80409836]","[72119595, 78544617, 78544629, 78557206, 78557208, 80409832, 80409877]",79746116.0,20260812
Etv1,7,98,0.7184209823608398,1295040,"[73512203, 78544617, 78544621, 78544625, 78544629, 78544638, 78557188, 78557192, 78557206, 79746108, 79746110, 79746112, 79746114, 80409834, 80409877]","[72119595, 78544615, 78544619, 78544623, 78557190, 78557208, 80409832]",79746116.0,20260812
Etv1,7,99,0.7036158442497253,1295040,"[73512203, 78544615, 78544619, 78544623, 78544625, 78544627, 78544629, 78557188, 78557190, 78557192, 79746108, 79746112, 79746114, 80409832, 80409834]","[78544613, 78544617, 78544621, 78544638, 78557206, 79746110, 80409836]",79746116.0,20260812
Etv1,8,0,0.7102211117744446,1295040,"[72119595, 73512203, 78544613, 78544619, 78544621, 78544623, 78544627, 78544629, 78557188, 78557190, 78557192, 78557206, 79746108, 79746110, 80409836]","[78544615, 78544625, 78557208, 79746112, 79746114, 80409832, 80409834, 80409877]",79746116.0,20260812
Etv1,8,1,0.7280477285385132,1295040,"[72119595, 73512203, 78544613, 78544617, 78544621, 78544627, 78544638, 78557192, 78557206, 79746112, 79746114, 80409832, 80409834, 80409836, 80409877]","[78544615, 78544619, 78544623, 78544625, 78557188, 78557190, 78557208, 79746108]",79746116.0,20260812
Etv1,8,2,0.7329444885253906,1295040,"[78544613, 78544615, 78544617, 78544619, 78544623, 78544625, 78544627, 78544629, 78544638, 78557188, 78557206, 79746114, 80409832, 80409834, 80409877]","[73512203, 78544621, 78557190, 78557192, 78557208, 79746108, 79746110, 79746112]",79746116.0,20260812
Etv1,8,3,0.7682560682296753,1295040,"[78544613, 78544615, 78544621, 78544627, 78544629, 78557188, 78557190, 78557192, 78557208, 79746108, 79746110, 79746112, 79746114, 80409834, 80409877]","[73512203, 78544617, 78544619, 78544623, 78544625, 78544638, 78557206, 80409836]",79746116.0,20260812
Etv1,8,4,0.7436364889144897,1295040,"[72119595, 73512203, 78544619, 78544621, 78544623, 78544625, 78544627, 78544629, 78557192, 78557208, 79746110, 79746114, 80409832, 80409836, 80409877]","[78544615, 78544617, 78557188, 78557190, 78557206, 79746108, 79746112, 80409834]",79746116.0,20260812
Etv1,8,5,0.7177696824073792,1295040,"[73512203, 78544613, 78544617, 78544619, 78544623, 78544629, 78544638, 78557188, 78557190, 78557206, 78557208, 79746112, 79746114, 80409836, 80409877]","[72119595, 78544625, 78544627, 78557192, 79746108, 79746110, 80409832, 80409834]",79746116.0,20260812
Etv1,8,6,0.7340885400772095,1295040,"[78544613, 78544617, 78544619, 78544623, 78544625, 78544627, 78544629, 78544638, 78557190, 79746108, 79746110, 79746114, 80409832, 80409836, 80409877]","[72119595, 73512203, 78544615, 78544621, 78557192, 78557206, 79746112, 80409834]",79746116.0,20260812
Etv1,8,7,0.7226796746253967,1295040,"[73512203, 78544615, 78544619, 78544625, 78544627, 78544629, 78557188, 78557190, 78557206, 79746108, 79746114, 80409832, 80409834, 80409836, 80409877]","[72119595, 78544613, 78544617, 78544621, 78544623, 78544638, 78557192, 79746110]",79746116.0,20260812
Etv1,8,8,0.6998059153556824,1295040,"[72119595, 73512203, 78544613, 78544615, 78544621, 78544625, 78544629, 78544638, 78557188, 78557190, 78557206, 78557208, 79746114, 80409832, 80409877]","[78544617, 78544623, 78544627, 78557192, 79746108, 79746110, 80409834, 80409836]",79746116.0,20260812
Etv1,8,9,0.7302592992782593,1295040,"[73512203, 78544613, 78544615, 78544617, 78544619, 78544623, 78544625, 78544627, 78544629, 78557190, 78557206, 78557208, 80409832, 80409836, 80409877]","[72119595, 78544638, 78557192, 79746108, 79746110, 79746112, 79746114, 80409834]",79746116.0,20260812
Etv1,8,10,0.7420958280563354,1295040,"[73512203, 78544615, 78544617, 78544621, 78544627, 78544629, 78544638, 78557188, 78557192, 78557206, 79746108, 79746110, 79746112, 80409834, 80409877]","[78544613, 78544623, 78544625, 78557190, 78557208, 79746114, 80409832, 80409836]",79746116.0,20260812
Etv1,8,11,0.747748076915741,1295040,"[72119595, 73512203, 78544615, 78544617, 78544619, 78544623, 78544625, 78544629, 78544638, 78557190, 78557192, 78557208, 79746108, 79746110, 79746114]","[78544613, 78544621, 78544627, 78557188, 78557206, 79746112, 80409832, 80409836]",79746116.0,20260812
Etv1,8,12,0.7326345443725586,1295040,"[78544613, 78544615, 78544621, 78544623, 78544627, 78544629, 78544638, 78557190, 78557206, 78557208, 79746110, 79746112, 79746114, 80409832, 80409834]","[73512203, 78544617, 78544619, 78544625, 78557188, 78557192, 80409836, 80409877]",79746116.0,20260812
Etv1,8,13,0.7390375137329102,1295040,"[73512203, 78544613, 78544617, 78544619, 78544623, 78544625, 78544627, 78557190, 78557192, 78557206, 78557208, 79746114, 80409832, 80409834, 80409836]","[72119595, 78544615, 78544621, 78544629, 78544638, 79746110, 79746112, 80409877]",79746116.0,20260812
Etv1,8,14,0.7177500128746033,1295040,"[72119595, 73512203, 78544613, 78544619, 78544621, 78544623, 78544627, 78544629, 78544638, 78557192, 78557206, 79746108, 80409832, 80409834, 80409877]","[78544615, 78544617, 78544625, 78557188, 78557190, 79746110, 79746114, 80409836]",79746116.0,20260812
Etv1,8,15,0.7516891360282898,1295040,"[73512203, 78544613, 78544615, 78544617, 78544619, 78544625, 78544638, 78557188, 78557190, 79746110, 79746112, 79746114, 80409832, 80409836, 80409877]","[78544621, 78544623, 78544627, 78544629, 78557192, 78557206, 79746108, 80409834]",79746116.0,20260812
Etv1,8,16,0.728949248790741,1295040,"[72119595, 73512203, 78544613, 78544615, 78544617, 78544623, 78544625, 78544627, 78544629, 78557188, 78557190, 78557208, 79746112, 80409834, 80409877]","[78544619, 78544621, 78544638, 78557192, 78557206, 79746108, 79746110, 80409836]",79746116.0,20260812
Etv1,8,17,0.7168266177177429,1295040,"[73512203, 78544613, 78544615, 78544621, 78544627, 78544638, 78557190, 78557192, 78557206, 79746108, 79746110, 79746112, 80409834, 80409836, 80409877]","[72119595, 78544617, 78544619, 78544623, 78557188, 78557208, 79746114, 80409832]",79746116.0,20260812
Etv1,8,18,0.718970775604248,1295040,"[72119595, 73512203, 78544613, 78544615, 78544621, 78544627, 78544629, 78544638, 78557190, 78557206, 78557208, 79746108, 79746110, 79746112, 79746114]","[78544617, 78544619, 78544623, 78544625, 78557188, 78557192, 80409832, 80409877]",79746116.0,20260812
Etv1,8,19,0.7443780303001404,1295040,"[72119595, 78544613, 78544615, 78544619, 78544629, 78544638, 78557190, 78557192, 78557208, 79746108, 79746112, 79746114, 80409832, 80409836, 80409877]","[73512203, 78544617, 78544623, 78544625, 78544627, 78557206, 79746110, 80409834]",79746116.0,20260812
Etv1,8,20,0.7233396768569946,1295040,"[72119595, 78544613, 78544615, 78544617, 78544619, 78544621, 78544623, 78544625, 78544627, 78544629, 78544638, 78557188, 78557208, 79746110, 79746112]","[73512203, 78557190, 78557192, 79746108, 79746114, 80409832, 80409834, 80409877]",79746116.0,20260812
Etv1,8,21,0.7161630988121033,1295040,"[72119595, 78544613, 78544615, 78544617, 78544621, 78544623, 78544625, 78544638, 78557188, 78557190, 78557206, 78557208, 80409834, 80409836, 80409877]","[73512203, 78544619, 78544627, 78557192, 79746108, 79746112, 79746114, 80409832]",79746116.0,20260812
Etv1,8,22,0.7461143732070923,1295040,"[72119595, 78544615, 78544619, 78544623, 78544625, 78544627, 78544629, 78544638, 78557190, 78557206, 78557208, 79746108, 79746110, 79746112, 80409834]","[73512203, 78544617, 78544621, 78557188, 78557192, 79746114, 80409836, 80409877]",79746116.0,20260812
Etv1,8,23,0.7205803394317627,1295040,"[72119595, 73512203, 78544613, 78544615, 78544625, 78544627, 78557190, 78557192, 78557206, 78557208, 79746112, 79746114, 80409834, 80409836, 80409877]","[78544617, 78544621, 78544623, 78544629, 78557188, 79746108, 79746110, 80409832]",79746116.0,20260812
Etv1,8,24,0.7284278869628906,1295040,"[78544613, 78544615, 78544617, 78544619, 78544623, 78544625, 78544629, 78557188, 78557190, 78557192, 78557208, 79746110, 79746112, 80409834, 80409836]","[72119595, 73512203, 78544621, 78544627, 78557206, 79746108, 79746114, 80409832]",79746116.0,20260812
Etv1,8,25,0.7064720392227173,1295040,"[72119595, 73512203, 78544613, 78544615, 78544621, 78544623, 78544627, 78544638, 78557188, 78557190, 78557192, 78557206, 79746110, 80409832, 80409877]","[78544617, 78544619, 78544625, 78544629, 79746112, 79746114, 80409834, 80409836]",79746116.0,20260812
Etv1,8,26,0.7397321462631226,1295040,"[72119595, 78544617, 78544623, 78544627, 78544629, 78544638, 78557188, 78557190, 78557192, 78557206, 78557208, 79746112, 79746114, 80409834, 80409836]","[73512203, 78544613, 78544615, 78544619, 78544625, 79746108, 79746110, 80409877]",79746116.0,20260812
Etv1,8,27,0.7156352996826172,1295040,"[72119595, 78544615, 78544617, 78544621, 78544623, 78544625, 78544627, 78544629, 78557190, 78557192, 78557208, 79746114, 80409832, 80409834, 80409877]","[73512203, 78544613, 78557188, 78557206, 79746108, 79746110, 79746112, 80409836]",79746116.0,20260812
Etv1,8,28,0.7188722491264343,1295040,"[78544613, 78544615, 78544619, 78544621, 78544625, 78544629, 78544638, 78557188, 78557190, 78557208, 79746108, 79746110, 80409832, 80409834, 80409877]","[73512203, 78544617, 78544623, 78544627, 78557192, 78557206, 79746112, 80409836]",79746116.0,20260812
Etv1,8,29,0.7244561910629272,1295040,"[72119595, 73512203, 78544613, 78544615, 78544619, 78544625, 78557190, 78557206, 78557208, 79746108, 79746110, 79746112, 80409832, 80409834, 80409836]","[78544621, 78544623, 78544627, 78544629, 78544638, 78557188, 79746114, 80409877]",79746116.0,20260812
Etv1,8,30,0.7122600078582764,1295040,"[78544615, 78544619, 78544625, 78544629, 78544638, 78557188, 78557190, 78557192, 78557206, 79746108, 79746110, 79746114, 80409834, 80409836, 80409877]","[73512203, 78544613, 78544617, 78544623, 78544627, 78557208, 79746112, 80409832]",79746116.0,20260812
Etv1,8,31,0.7241337299346924,1295040,"[72119595, 73512203, 78544613, 78544615, 78544621, 78544623, 78544625, 78557188, 78557190, 78557192, 78557206, 78557208, 80409832, 80409834, 80409877]","[78544617, 78544619, 78544629, 78544638, 79746108, 79746110, 79746112, 79746114]",79746116.0,20260812
Etv1,8,32,0.7479764223098755,1295040,"[72119595, 78544613, 78544615, 78544619, 78544621, 78544627, 78544629, 78557188, 78557190, 78557206, 79746110, 79746112, 79746114, 80409836, 80409877]","[73512203, 78544623, 78544625, 78544638, 78557192, 79746108, 80409832, 80409834]",79746116.0,20260812
Etv1,8,33,0.7502295970916748,1295040,"[73512203, 78544615, 78544617, 78544621, 78544627, 78544629, 78544638, 78557188, 78557206, 79746108, 79746110, 80409832, 80409834, 80409836, 80409877]","[78544619, 78544623, 78544625, 78557190, 78557192, 78557208, 79746112, 79746114]",79746116.0,20260812
Etv1,8,34,0.7395681738853455,1295040,"[72119595, 73512203, 78544613, 78544617, 78544619, 78544621, 78544623, 78544625, 78544627, 78544629, 78557190, 78557206, 79746110, 80409834, 80409877]","[78544615, 78544638, 78557188, 78557208, 79746108, 79746112, 79746114, 80409832]",79746116.0,20260812
Etv1,8,35,0.723122775554657,1295040,"[72119595, 73512203, 78544613, 78544615, 78544617, 78544621, 78544623, 78544627, 78544629, 78557188, 78557190, 78557192, 78557206, 78557208, 80409834]","[78544619, 78544638, 79746108, 79746110, 79746112, 80409832, 80409836, 80409877]",79746116.0,20260812
Etv1,8,36,0.7045387029647827,1295040,"[73512203, 78544613, 78544615, 78544619, 78544623, 78544625, 78544627, 78544629, 78557190, 78557192, 78557206, 79746108, 79746110, 79746112, 79746114]","[72119595, 78544621, 78544638, 78557188, 78557208, 80409832, 80409834, 80409877]",79746116.0,20260812
Etv1,8,37,0.7496029138565063,1295040,"[73512203, 78544613, 78544617, 78544627, 78544629, 78544638, 78557188, 78557190, 78557208, 79746108, 79746112, 79746114, 80409834, 80409836, 80409877]","[72119595, 78544615, 78544619, 78544621, 78544623, 78557192, 78557206, 79746110]",79746116.0,20260812
Etv1,8,38,0.7466245889663696,1295040,"[72119595, 73512203, 78544613, 78544615, 78544617, 78544621, 78544623, 78544625, 78544627, 78544629, 78557206, 78557208, 79746108, 79746112, 79746114]","[78544619, 78544638, 78557190, 78557192, 79746110, 80409832, 80409836, 80409877]",79746116.0,20260812
Etv1,8,39,0.7459901571273804,1295040,"[72119595, 78544613, 78544615, 78544621, 78544623, 78544625, 78544629, 78557188, 78557190, 78557192, 79746110, 79746114, 80409834, 80409836, 80409877]","[73512203, 78544617, 78544619, 78544627, 78544638, 78557206, 78557208, 79746108]",79746116.0,20260812
Etv1,8,40,0.7151707410812378,1295040,"[72119595, 73512203, 78544617, 78544621, 78544623, 78544625, 78544627, 78557188, 78557190, 78557192, 79746108, 79746110, 79746112, 79746114, 80409877]","[78544613, 78544619, 78544629, 78544638, 78557206, 78557208, 80409832, 80409836]",79746116.0,20260812
Etv1,8,41,0.7350953817367554,1295040,"[72119595, 73512203, 78544615, 78544619, 78544623, 78544625, 78544629, 78544638, 78557188, 78557206, 78557208, 79746112, 79746114, 80409836, 80409877]","[78544613, 78544617, 78544621, 78544627, 78557190, 78557192, 79746110, 80409834]",79746116.0,20260812
Etv1,8,42,0.7151379585266113,1295040,"[72119595, 78544613, 78544615, 78544619, 78544621, 78544625, 78544629, 78544638, 78557208, 79746108, 79746114, 80409832, 80409834, 80409836, 80409877]","[78544617, 78544623, 78544627, 78557188, 78557190, 78557192, 78557206, 79746110]",79746116.0,20260812
Etv1,8,43,0.7612828016281128,1295040,"[72119595, 73512203, 78544615, 78544617, 78544619, 78544621, 78544627, 78544629, 78557192, 78557208, 79746108, 79746110, 80409832, 80409834, 80409836]","[78544613, 78544623, 78544625, 78544638, 78557190, 79746112, 79746114, 80409877]",79746116.0,20260812
Etv1,8,44,0.725430428981781,1295040,"[72119595, 73512203, 78544613, 78544615, 78544619, 78544623, 78544625, 78544629, 78557188, 78557192, 78557208, 79746108, 79746110, 79746114, 80409834]","[78544617, 78544621, 78557190, 78557206, 79746112, 80409832, 80409836, 80409877]",79746116.0,20260812
Etv1,8,45,0.7321389317512512,1295040,"[78544615, 78544617, 78544619, 78544621, 78544629, 78544638, 78557188, 78557206, 78557208, 79746108, 79746110, 79746112, 79746114, 80409834, 80409877]","[72119595, 73512203, 78544613, 78544625, 78544627, 78557190, 78557192, 80409836]",79746116.0,20260812
Etv1,8,46,0.7102641463279724,1295040,"[72119595, 73512203, 78544613, 78544619, 78544621, 78544623, 78544629, 78544638, 78557188, 78557190, 78557192, 78557208, 79746108, 80409834, 80409877]","[78544615, 78544617, 78544625, 78544627, 78557206, 79746110, 79746112, 80409832]",79746116.0,20260812
Etv1,8,47,0.743098258972168,1295040,"[72119595, 78544613, 78544619, 78544621, 78544623, 78544625, 78544627, 78557188, 78557190, 78557208, 79746110, 79746112, 79746114, 80409832, 80409834]","[78544615, 78544617, 78544629, 78557192, 78557206, 79746108, 80409836, 80409877]",79746116.0,20260812
Etv1,8,48,0.7291312217712402,1295040,"[72119595, 78544617, 78544621, 78544623, 78544627, 78544629, 78544638, 78557188, 78557190, 78557208, 79746110, 79746114, 80409832, 80409834, 80409877]","[73512203, 78544615, 78544619, 78557192, 78557206, 79746108, 79746112, 80409836]",79746116.0,20260812
Etv1,8,49,0.7018903493881226,1295040,"[72119595, 78544615, 78544621, 78544625, 78544638, 78557190, 78557192, 78557208, 79746108, 79746112, 79746114, 80409832, 80409834, 80409836, 80409877]","[78544617, 78544619, 78544623, 78544627, 78544629, 78557188, 78557206, 79746110]",79746116.0,20260812
Etv1,8,50,0.7374089956283569,1295040,"[72119595, 78544613, 78544615, 78544621, 78544627, 78557188, 78557190, 78557192, 78557208, 79746108, 79746110, 79746112, 79746114, 80409834, 80409877]","[78544617, 78544619, 78544623, 78544625, 78544629, 78544638, 78557206, 80409832]",79746116.0,20260812
Etv1,8,51,0.7370930314064026,1295040,"[73512203, 78544613, 78544615, 78544617, 78544619, 78544621, 78544625, 78544627, 78557188, 78557190, 78557192, 78557206, 79746110, 80409832, 80409834]","[72119595, 78544623, 78544629, 78557208, 79746108, 79746112, 80409836, 80409877]",79746116.0,20260812
Etv1,8,52,0.702572226524353,1295040,"[72119595, 78544615, 78544617, 78544625, 78544627, 78544638, 78557188, 78557190, 78557192, 78557206, 78557208, 79746108, 79746112, 80409834, 80409877]","[73512203, 78544613, 78544619, 78544621, 79746110, 79746114, 80409832, 80409836]",79746116.0,20260812
Etv1,8,53,0.7596277594566345,1295040,"[73512203, 78544615, 78544619, 78544623, 78544638, 78557188, 78557190, 78557192, 78557206, 79746112, 79746114, 80409832, 80409834, 80409836, 80409877]","[72119595, 78544613, 78544617, 78544621, 78544625, 78544627, 78544629, 79746110]",79746116.0,20260812
Etv1,8,54,0.7134667634963989,1295040,"[73512203, 78544619, 78544621, 78544623, 78544625, 78544629, 78544638, 78557190, 78557206, 79746108, 79746110, 79746114, 80409832, 80409834, 80409877]","[72119595, 78544613, 78544617, 78544627, 78557188, 78557192, 79746112, 80409836]",79746116.0,20260812
Etv1,8,55,0.722556471824646,1295040,"[72119595, 78544613, 78544615, 78544617, 78544621, 78544625, 78544627, 78544629, 78557190, 78557206, 78557208, 79746110, 79746112, 80409832, 80409836]","[73512203, 78544619, 78544623, 78557188, 78557192, 79746108, 79746114, 80409834]",79746116.0,20260812
Etv1,8,56,0.7251272797584534,1295040,"[72119595, 78544615, 78544617, 78544619, 78544621, 78544627, 78544638, 78557188, 78557190, 78557192, 78557206, 79746108, 79746112, 79746114, 80409836]","[73512203, 78544613, 78544629, 78557208, 79746110, 80409832, 80409834, 80409877]",79746116.0,20260812
Etv1,8,57,0.7389073371887207,1295040,"[72119595, 73512203, 78544613, 78544617, 78544619, 78544623, 78544625, 78544627, 78544629, 78544638, 78557192, 78557208, 79746110, 79746112, 80409834]","[78544615, 78544621, 78557188, 78557206, 79746108, 80409832, 80409836, 80409877]",79746116.0,20260812
Etv1,8,58,0.730482280254364,1295040,"[72119595, 73512203, 78544615, 78544619, 78544621, 78544623, 78544625, 78544627, 78544629, 78557188, 78557190, 78557192, 79746110, 79746112, 80409877]","[78544613, 78544638, 78557206, 79746108, 79746114, 80409832, 80409834, 80409836]",79746116.0,20260812
Etv1,8,59,0.7380269765853882,1295040,"[78544613, 78544617, 78544619, 78544621, 78544623, 78544625, 78544627, 78544629, 78544638, 78557192, 78557206, 78557208, 79746108, 79746110, 80409834]","[72119595, 73512203, 78544615, 78557190, 79746112, 79746114, 80409832, 80409836]",79746116.0,20260812
Etv1,8,60,0.7496572136878967,1295040,"[72119595, 73512203, 78544617, 78544619, 78544621, 78544625, 78544638, 78557190, 78557192, 78557206, 78557208, 79746108, 79746110, 79746114, 80409834]","[78544613, 78544615, 78544623, 78544627, 78544629, 79746112, 80409836, 80409877]",79746116.0,20260812
Etv1,8,61,0.7481749653816223,1295040,"[72119595, 73512203, 78544613, 78544617, 78544619, 78544621, 78544623, 78544625, 78544627, 78544629, 78557188, 78557192, 78557208, 80409832, 80409877]","[78544615, 78544638, 78557190, 79746108, 79746110, 79746114, 80409834, 80409836]",79746116.0,20260812
Etv1,8,62,0.7252387404441833,1295040,"[72119595, 73512203, 78544613, 78544615, 78544617, 78544619, 78544621, 78544638, 78557190, 78557192, 78557206, 78557208, 79746108, 80409836, 80409877]","[78544625, 78544627, 78544629, 78557188, 79746110, 79746112, 79746114, 80409832]",79746116.0,20260812
Etv1,8,63,0.7555971145629883,1295040,"[73512203, 78544613, 78544615, 78544617, 78544619, 78544623, 78544638, 78557188, 78557192, 78557206, 79746108, 79746110, 80409832, 80409836, 80409877]","[72119595, 78544621, 78544625, 78544629, 78557190, 79746112, 79746114, 80409834]",79746116.0,20260812
Etv1,8,64,0.7465833425521851,1295040,"[72119595, 78544613, 78544617, 78544619, 78544625, 78544627, 78544629, 78557188, 78557190, 78557192, 78557206, 80409832, 80409834, 80409836, 80409877]","[73512203, 78544615, 78544623, 78544638, 78557208, 79746108, 79746110, 79746114]",79746116.0,20260812
Etv1,8,65,0.7438622713088989,1295040,"[72119595, 73512203, 78544613, 78544615, 78544621, 78544625, 78544629, 78557188, 78557192, 78557208, 79746108, 79746110, 80409832, 80409834, 80409877]","[78544617, 78544619, 78544627, 78544638, 78557190, 78557206, 79746114, 80409836]",79746116.0,20260812
Etv1,8,66,0.7362224459648132,1295040,"[72119595, 78544613, 78544615, 78544617, 78544619, 78544621, 78544638, 78557206, 78557208, 79746108, 79746110, 79746114, 80409832, 80409834, 80409877]","[78544623, 78544627, 78544629, 78557188, 78557190, 78557192, 79746112, 80409836]",79746116.0,20260812
Etv1,8,67,0.7205291986465454,1295040,"[78544613, 78544617, 78544621, 78544625, 78544629, 78544638, 78557188, 78557190, 78557208, 79746108, 79746110, 79746112, 80409834, 80409836, 80409877]","[72119595, 73512203, 78544619, 78544627, 78557192, 78557206, 79746114, 80409832]",79746116.0,20260812
Etv1,8,68,0.7319909334182739,1295040,"[72119595, 73512203, 78544613, 78544615, 78544619, 78544623, 78544627, 78544638, 78557190, 78557192, 79746108, 79746112, 79746114, 80409832, 80409836]","[78544617, 78544625, 78544629, 78557188, 78557206, 79746110, 80409834, 80409877]",79746116.0,20260812
Etv1,8,69,0.7519615292549133,1295040,"[78544613, 78544615, 78544617, 78544623, 78544627, 78544629, 78544638, 78557190, 78557192, 78557206, 78557208, 79746110, 79746114, 80409832, 80409836]","[72119595, 73512203, 78544621, 78544625, 78557188, 79746108, 79746112, 80409877]",79746116.0,20260812
Etv1,8,70,0.7457825541496277,1295040,"[72119595, 73512203, 78544617, 78544619, 78544621, 78544623, 78544627, 78544638, 78557192, 78557206, 78557208, 79746108, 79746110, 80409834, 80409877]","[78544613, 78544615, 78544625, 78544629, 78557188, 78557190, 79746112, 80409836]",79746116.0,20260812
Etv1,8,71,0.7375398278236389,1295040,"[73512203, 78544613, 78544617, 78544619, 78544621, 78544625, 78544627, 78557190, 78557192, 79746108, 79746112, 79746114, 80409832, 80409834, 80409836]","[72119595, 78544615, 78544623, 78544629, 78544638, 78557188, 78557206, 78557208]",79746116.0,20260812
Etv1,8,72,0.7481878995895386,1295040,"[73512203, 78544619, 78544625, 78544627, 78544629, 78544638, 78557190, 78557206, 78557208, 79746108, 79746112, 79746114, 80409832, 80409834, 80409877]","[72119595, 78544613, 78544615, 78544617, 78544621, 78557188, 79746110, 80409836]",79746116.0,20260812
Etv1,8,73,0.7211107015609741,1295040,"[72119595, 73512203, 78544615, 78544617, 78544621, 78544625, 78544627, 78544638, 78557188, 78557208, 79746110, 79746112, 79746114, 80409832, 80409836]","[78544613, 78544619, 78544623, 78544629, 78557190, 78557192, 80409834, 80409877]",79746116.0,20260812
Etv1,8,74,0.7550390958786011,1295040,"[72119595, 73512203, 78544615, 78544617, 78544621, 78544627, 78544629, 78544638, 78557188, 78557208, 79746108, 79746110, 79746114, 80409832, 80409877]","[78544613, 78544619, 78544623, 78544625, 78557190, 78557192, 78557206, 80409836]",79746116.0,20260812
Etv1,8,75,0.7463773488998413,1295040,"[73512203, 78544613, 78544617, 78544619, 78544621, 78544623, 78544629, 78557206, 78557208, 79746108, 79746110, 79746112, 80409832, 80409834, 80409877]","[72119595, 78544627, 78544638, 78557188, 78557190, 78557192, 79746114, 80409836]",79746116.0,20260812
Etv1,8,76,0.7423731088638306,1295040,"[72119595, 73512203, 78544613, 78544615, 78544619, 78544625, 78544627, 78557188, 78557190, 78557206, 79746108, 79746112, 80409832, 80409836, 80409877]","[78544617, 78544621, 78544623, 78544629, 78544638, 78557192, 79746110, 79746114]",79746116.0,20260812
Etv1,8,77,0.7454349994659424,1295040,"[78544613, 78544617, 78544619, 78544621, 78544623, 78544627, 78557192, 78557206, 78557208, 79746110, 79746112, 79746114, 80409832, 80409834, 80409877]","[72119595, 73512203, 78544615, 78544629, 78544638, 78557188, 79746108, 80409836]",79746116.0,20260812
Etv1,8,78,0.7291363477706909,1295040,"[73512203, 78544621, 78544623, 78544625, 78544629, 78544638, 78557188, 78557190, 78557192, 78557208, 79746108, 79746110, 79746114, 80409836, 80409877]","[72119595, 78544613, 78544615, 78544617, 78544619, 78544627, 78557206, 80409834]",79746116.0,20260812
Etv1,8,79,0.7505414485931396,1295040,"[73512203, 78544613, 78544615, 78544619, 78544621, 78544623, 78544625, 78544627, 78557190, 78557192, 78557208, 79746110, 79746114, 80409834, 80409836]","[72119595, 78544617, 78544629, 78544638, 78557188, 79746108, 79746112, 80409877]",79746116.0,20260812
Etv1,8,80,0.7311872839927673,1295040,"[78544615, 78544617, 78544619, 78544621, 78544625, 78544638, 78557188, 78557190, 78557192, 79746110, 79746112, 79746114, 80409832, 80409834, 80409877]","[73512203, 78544613, 78544623, 78544627, 78544629, 78557206, 78557208, 79746108]",79746116.0,20260812
Etv1,8,81,0.7527441382408142,1295040,"[72119595, 78544617, 78544619, 78544625, 78544638, 78557190, 78557192, 78557206, 78557208, 79746108, 79746110, 79746114, 80409832, 80409834, 80409877]","[73512203, 78544613, 78544615, 78544621, 78544623, 78544627, 79746112, 80409836]",79746116.0,20260812
Etv1,8,82,0.7478928565979004,1295040,"[72119595, 78544613, 78544619, 78544623, 78544627, 78557188, 78557206, 78557208, 79746108, 79746110, 79746112, 79746114, 80409832, 80409836, 80409877]","[73512203, 78544617, 78544625, 78544629, 78544638, 78557190, 78557192, 80409834]",79746116.0,20260812
Etv1,8,83,0.713880181312561,1295040,"[72119595, 73512203, 78544613, 78544615, 78544625, 78544627, 78544629, 78557206, 79746108, 79746112, 79746114, 80409832, 80409834, 80409836, 80409877]","[78544619, 78544621, 78544623, 78544638, 78557188, 78557190, 78557208, 79746110]",79746116.0,20260812
Etv1,8,84,0.7129682302474976,1295040,"[72119595, 78544613, 78544615, 78544619, 78544621, 78544623, 78544629, 78544638, 78557188, 78557206, 79746108, 79746110, 79746114, 80409834, 80409836]","[73512203, 78544617, 78544625, 78544627, 78557190, 78557192, 80409832, 80409877]",79746116.0,20260812
Etv1,8,85,0.7495494484901428,1295040,"[72119595, 73512203, 78544615, 78544617, 78544623, 78544629, 78557188, 78557190, 78557192, 78557206, 78557208, 79746108, 79746110, 79746114, 80409832]","[78544613, 78544625, 78544627, 78544638, 79746112, 80409834, 80409836, 80409877]",79746116.0,20260812
Etv1,8,86,0.7386707067489624,1295040,"[72119595, 73512203, 78544613, 78544617, 78544621, 78544623, 78544625, 78544629, 78557188, 78557192, 78557206, 79746108, 79746112, 80409832, 80409834]","[78544619, 78544627, 78557190, 78557208, 79746110, 79746114, 80409836, 80409877]",79746116.0,20260812
Etv1,8,87,0.7221143245697021,1295040,"[78544613, 78544615, 78544617, 78544619, 78544621, 78544625, 78544629, 78544638, 78557190, 78557208, 79746108, 79746112, 79746114, 80409834, 80409877]","[72119595, 73512203, 78544623, 78544627, 78557188, 78557192, 79746110, 80409836]",79746116.0,20260812
Etv1,8,88,0.7376818656921387,1295040,"[73512203, 78544617, 78544619, 78544621, 78544625, 78544627, 78557192, 78557206, 78557208, 79746108, 79746110, 79746112, 79746114, 80409834, 80409836]","[72119595, 78544615, 78544623, 78544629, 78544638, 78557188, 80409832, 80409877]",79746116.0,20260812
Etv1,8,89,0.740936279296875,1295040,"[72119595, 73512203, 78544613, 78544615, 78544621, 78544625, 78544629, 78544638, 78557188, 78557190, 78557192, 78557208, 80409832, 80409834, 80409836]","[78544623, 78544627, 78557206, 79746108, 79746110, 79746112, 79746114, 80409877]",79746116.0,20260812
Etv1,8,90,0.7029576301574707,1295040,"[78544613, 78544615, 78544619, 78544621, 78544625, 78544627, 78544629, 78544638, 78557206, 78557208, 79746110, 79746114, 80409834, 80409836, 80409877]","[72119595, 73512203, 78544617, 78557188, 78557192, 79746108, 79746112, 80409832]",79746116.0,20260812
Etv1,8,91,0.7341029644012451,1295040,"[78544613, 78544615, 78544619, 78544621, 78544623, 78544638, 78557188, 78557190, 78557192, 78557208, 79746108, 79746112, 80409832, 80409834, 80409836]","[72119595, 78544617, 78544627, 78544629, 78557206, 79746110, 79746114, 80409877]",79746116.0,20260812
Etv1,8,92,0.7639197111129761,1295040,"[72119595, 73512203, 78544613, 78544619, 78544625, 78544627, 78544638, 78557192, 78557206, 79746108, 79746112, 79746114, 80409834, 80409836, 80409877]","[78544615, 78544617, 78544621, 78544623, 78544629, 78557188, 78557208, 79746110]",79746116.0,20260812
Etv1,8,93,0.757648229598999,1295040,"[72119595, 73512203, 78544613, 78544617, 78544621, 78544625, 78544629, 78557188, 78557192, 78557206, 79746110, 79746114, 80409832, 80409836, 80409877]","[78544619, 78544623, 78544627, 78544638, 78557190, 78557208, 79746108, 79746112]",79746116.0,20260812
Etv1,8,94,0.7426541447639465,1295040,"[72119595, 78544613, 78544625, 78544629, 78544638, 78557188, 78557190, 78557192, 78557206, 78557208, 79746108, 79746112, 80409834, 80409836, 80409877]","[73512203, 78544615, 78544617, 78544619, 78544621, 78544627, 79746110, 80409832]",79746116.0,20260812
Etv1,8,95,0.7474560737609863,1295040,"[72119595, 78544613, 78544617, 78544621, 78544625, 78544627, 78544629, 78557192, 78557208, 79746108, 79746110, 79746112, 80409832, 80409834, 80409877]","[73512203, 78544615, 78544619, 78544623, 78557188, 78557190, 78557206, 80409836]",79746116.0,20260812
Etv1,8,96,0.7559335827827454,1295040,"[72119595, 78544613, 78544615, 78544617, 78544619, 78544621, 78544627, 78557188, 78557190, 78557192, 78557208, 79746108, 79746114, 80409832, 80409877]","[73512203, 78544623, 78544625, 78544629, 78544638, 79746112, 80409834, 80409836]",79746116.0,20260812
Etv1,8,97,0.7557626962661743,1295040,"[73512203, 78544613, 78544617, 78544619, 78544621, 78544623, 78544627, 78557188, 78557192, 78557206, 78557208, 79746110, 80409832, 80409834, 80409877]","[78544625, 78544629, 78544638, 78557190, 79746108, 79746112, 79746114, 80409836]",79746116.0,20260812
Etv1,8,98,0.732893705368042,1295040,"[72119595, 78544613, 78544615, 78544617, 78544619, 78544623, 78544625, 78544627, 78544638, 78557190, 78557206, 78557208, 80409832, 80409836, 80409877]","[78544621, 78544629, 78557188, 78557192, 79746108, 79746112, 79746114, 80409834]",79746116.0,20260812
Etv1,8,99,0.7337368726730347,1295040,"[73512203, 78544613, 78544617, 78544619, 78544625, 78544627, 78557190, 78557192, 78557206, 79746108, 79746110, 79746112, 79746114, 80409832, 80409836]","[72119595, 78544615, 78544621, 78544623, 78544629, 78544638, 78557208, 80409834]",79746116.0,20260812
Etv1,9,0,0.744901716709137,1295040,"[72119595, 73512203, 78544613, 78544615, 78544619, 78544627, 78544629, 78557188, 78557190, 78557206, 78557208, 79746110, 79746112, 80409832, 80409877]","[78544617, 78544621, 78544623, 78544638, 78557192, 79746108, 79746114, 80409834, 80409836]",79746116.0,20260812
Etv1,9,1,0.7429068088531494,1295040,"[72119595, 78544613, 78544615, 78544619, 78544623, 78544625, 78544629, 78544638, 78557192, 78557206, 79746108, 79746112, 80409832, 80409834, 80409877]","[78544617, 78544621, 78544627, 78557188, 78557190, 78557208, 79746110, 79746114, 80409836]",79746116.0,20260812
Etv1,9,2,0.7443930506706238,1295040,"[73512203, 78544615, 78544617, 78544619, 78544621, 78544623, 78544625, 78557188, 78557190, 78557192, 78557206, 78557208, 79746108, 79746110, 79746112]","[72119595, 78544613, 78544627, 78544629, 78544638, 80409832, 80409834, 80409836, 80409877]",79746116.0,20260812
Etv1,9,3,0.7719227075576782,1295040,"[78544615, 78544617, 78544619, 78544623, 78544629, 78544638, 78557188, 78557190, 78557192, 78557206, 79746108, 79746110, 80409832, 80409834, 80409836]","[73512203, 78544613, 78544621, 78544625, 78544627, 78557208, 79746112, 79746114, 80409877]",79746116.0,20260812
Etv1,9,4,0.7452092170715332,1295040,"[73512203, 78544613, 78544615, 78544617, 78544619, 78544623, 78544625, 78544629, 78557190, 78557192, 78557206, 79746110, 79746112, 80409834, 80409877]","[72119595, 78544621, 78544627, 78544638, 78557188, 78557208, 79746108, 79746114, 80409836]",79746116.0,20260812
Etv1,9,5,0.7530732750892639,1295040,"[72119595, 73512203, 78544615, 78544617, 78544619, 78544621, 78544623, 78544625, 78544627, 78557190, 78557192, 79746108, 79746110, 80409834, 80409877]","[78544613, 78544629, 78544638, 78557188, 78557208, 79746112, 79746114, 80409832, 80409836]",79746116.0,20260812
Etv1,9,6,0.7656140327453613,1295040,"[73512203, 78544613, 78544615, 78544617, 78544621, 78544623, 78544625, 78544629, 78557188, 78557208, 79746110, 80409832, 80409834, 80409836, 80409877]","[72119595, 78544619, 78544627, 78544638, 78557190, 78557206, 79746108, 79746112, 79746114]",79746116.0,20260812
Etv1,9,7,0.7502334117889404,1295040,"[72119595, 73512203, 78544617, 78544621, 78544625, 78544627, 78544629, 78544638, 78557188, 78557192, 78557206, 79746112, 79746114, 80409834, 80409877]","[78544613, 78544615, 78544619, 78557190, 78557208, 79746108, 79746110, 80409832, 80409836]",79746116.0,20260812
Etv1,9,8,0.7486532330513,1295040,"[73512203, 78544613, 78544615, 78544617, 78544619, 78544629, 78557188, 78557192, 78557208, 79746108, 79746112, 79746114, 80409832, 80409834, 80409836]","[72119595, 78544621, 78544623, 78544625, 78544627, 78544638, 78557190, 79746110, 80409877]",79746116.0,20260812
Etv1,9,9,0.7457766532897949,1295040,"[73512203, 78544613, 78544615, 78544625, 78544629, 78557188, 78557192, 78557206, 78557208, 79746108, 79746110, 79746114, 80409832, 80409836, 80409877]","[72119595, 78544617, 78544619, 78544623, 78544627, 78544638, 78557190, 79746112, 80409834]",79746116.0,20260812
Etv1,9,10,0.7260758876800537,1295040,"[72119595, 73512203, 78544613, 78544615, 78544619, 78544623, 78544627, 78544629, 78557188, 78557190, 78557192, 79746108, 79746110, 80409834, 80409877]","[78544617, 78544621, 78544625, 78544638, 78557206, 78557208, 79746112, 79746114, 80409832]",79746116.0,20260812
Etv1,9,11,0.7654985189437866,1295040,"[72119595, 73512203, 78544613, 78544615, 78544621, 78544627, 78544629, 78557188, 78557192, 78557208, 79746108, 79746110, 79746112, 80409832, 80409877]","[78544617, 78544619, 78544623, 78544625, 78544638, 78557190, 78557206, 79746114, 80409834]",79746116.0,20260812
Etv1,9,12,0.7422914505004883,1295040,"[72119595, 73512203, 78544619, 78544621, 78544623, 78544625, 78544627, 78544629, 78544638, 78557188, 78557206, 78557208, 79746110, 79746114, 80409832]","[78544613, 78544615, 78544617, 78557190, 79746108, 79746112, 80409834, 80409836, 80409877]",79746116.0,20260812
Etv1,9,13,0.7700371742248535,1295040,"[72119595, 78544613, 78544617, 78544619, 78544621, 78544623, 78544625, 78557188, 78557190, 78557192, 78557208, 79746108, 79746110, 80409832, 80409877]","[73512203, 78544615, 78544627, 78544629, 78544638, 78557206, 79746114, 80409834, 80409836]",79746116.0,20260812
Etv1,9,14,0.7564350366592407,1295040,"[73512203, 78544613, 78544615, 78544617, 78544619, 78544623, 78544629, 78557192, 78557208, 79746108, 79746110, 79746112, 79746114, 80409832, 80409834]","[72119595, 78544621, 78544625, 78544627, 78557188, 78557190, 78557206, 80409836, 80409877]",79746116.0,20260812
Etv1,9,15,0.7385146617889404,1295040,"[78544613, 78544615, 78544621, 78544623, 78544625, 78544629, 78544638, 78557188, 78557190, 78557192, 78557208, 79746112, 80409834, 80409836, 80409877]","[72119595, 73512203, 78544617, 78544627, 78557206, 79746108, 79746110, 79746114, 80409832]",79746116.0,20260812
Etv1,9,16,0.7635127305984497,1295040,"[73512203, 78544615, 78544617, 78544619, 78544623, 78544629, 78544638, 78557188, 78557190, 78557192, 78557208, 79746108, 79746110, 80409832, 80409836]","[72119595, 78544613, 78544625, 78544627, 78557206, 79746112, 79746114, 80409834, 80409877]",79746116.0,20260812
Etv1,9,17,0.769314706325531,1295040,"[73512203, 78544615, 78544617, 78544619, 78544621, 78544623, 78544627, 78557188, 78557192, 78557206, 79746108, 79746112, 79746114, 80409834, 80409836]","[72119595, 78544613, 78544625, 78544629, 78544638, 78557208, 79746110, 80409832, 80409877]",79746116.0,20260812
Etv1,9,18,0.7538421154022217,1295040,"[78544613, 78544615, 78544617, 78544619, 78544623, 78544625, 78544627, 78544638, 78557206, 79746108, 79746112, 79746114, 80409832, 80409836, 80409877]","[72119595, 73512203, 78544621, 78544629, 78557188, 78557190, 78557192, 79746110, 80409834]",79746116.0,20260812
Etv1,9,19,0.7634984850883484,1295040,"[72119595, 73512203, 78544615, 78544621, 78544629, 78557190, 78557206, 79746108, 79746110, 79746112, 79746114, 80409832, 80409834, 80409836, 80409877]","[78544613, 78544617, 78544623, 78544625, 78544627, 78544638, 78557188, 78557192, 78557208]",79746116.0,20260812
Etv1,9,20,0.7460294961929321,1295040,"[72119595, 78544615, 78544619, 78544623, 78544627, 78544629, 78557188, 78557190, 78557206, 78557208, 79746110, 79746114, 80409834, 80409836, 80409877]","[73512203, 78544617, 78544621, 78544625, 78544638, 78557192, 79746108, 79746112, 80409832]",79746116.0,20260812
Etv1,9,21,0.7467698454856873,1295040,"[72119595, 73512203, 78544613, 78544615, 78544617, 78544621, 78544623, 78544627, 78544629, 78557190, 78557206, 79746108, 79746110, 79746114, 80409834]","[78544619, 78544625, 78557188, 78557192, 78557208, 79746112, 80409832, 80409836, 80409877]",79746116.0,20260812
Etv1,9,22,0.731767475605011,1295040,"[72119595, 73512203, 78544615, 78544617, 78544621, 78544623, 78544627, 78557188, 78557190, 78557192, 78557206, 78557208, 79746114, 80409832, 80409836]","[78544613, 78544619, 78544629, 78544638, 79746108, 79746110, 79746112, 80409834, 80409877]",79746116.0,20260812
Etv1,9,23,0.745100736618042,1295040,"[72119595, 78544619, 78544621, 78544625, 78544629, 78544638, 78557190, 78557192, 78557206, 79746108, 79746110, 80409832, 80409834, 80409836, 80409877]","[73512203, 78544613, 78544615, 78544617, 78544623, 78544627, 78557188, 78557208, 79746112]",79746116.0,20260812
Etv1,9,24,0.7641364932060242,1295040,"[72119595, 78544613, 78544615, 78544617, 78544619, 78544621, 78544623, 78544627, 78557190, 78557208, 79746110, 79746112, 80409832, 80409834, 80409877]","[73512203, 78544625, 78544629, 78544638, 78557188, 78557192, 79746108, 79746114, 80409836]",79746116.0,20260812
Etv1,9,25,0.7645814418792725,1295040,"[72119595, 73512203, 78544617, 78544619, 78544623, 78544625, 78544629, 78544638, 78557188, 78557190, 78557192, 79746110, 80409832, 80409836, 80409877]","[78544613, 78544621, 78544627, 78557206, 78557208, 79746108, 79746112, 79746114, 80409834]",79746116.0,20260812
Etv1,9,26,0.7314081192016602,1295040,"[72119595, 78544615, 78544617, 78544625, 78544627, 78544638, 78557188, 78557190, 78557208, 79746108, 79746110, 79746112, 80409832, 80409834, 80409877]","[73512203, 78544613, 78544619, 78544621, 78544623, 78544629, 78557206, 79746114, 80409836]",79746116.0,20260812
Etv1,9,27,0.7572541236877441,1295040,"[78544617, 78544619, 78544621, 78544625, 78544627, 78544629, 78557188, 78557192, 78557206, 78557208, 79746108, 79746112, 79746114, 80409832, 80409836]","[72119595, 73512203, 78544615, 78544623, 78544638, 78557190, 79746110, 80409834, 80409877]",79746116.0,20260812
Etv1,9,28,0.7498762011528015,1295040,"[72119595, 73512203, 78544615, 78544619, 78544623, 78544625, 78557188, 78557190, 78557208, 79746110, 79746112, 79746114, 80409832, 80409836, 80409877]","[78544613, 78544621, 78544627, 78544629, 78544638, 78557192, 78557206, 79746108, 80409834]",79746116.0,20260812
Etv1,9,29,0.7190570831298828,1295040,"[72119595, 73512203, 78544613, 78544615, 78544621, 78544625, 78544627, 78544629, 78544638, 78557188, 78557192, 78557208, 79746108, 79746110, 79746112]","[78544617, 78544619, 78544623, 78557206, 79746114, 80409832, 80409834, 80409836, 80409877]",79746116.0,20260812
Etv1,9,30,0.7538464069366455,1295040,"[78544613, 78544619, 78544621, 78544623, 78544625, 78544627, 78544638, 78557188, 78557190, 78557192, 78557206, 78557208, 79746108, 79746112, 80409834]","[72119595, 73512203, 78544615, 78544617, 79746110, 79746114, 80409832, 80409836, 80409877]",79746116.0,20260812
Etv1,9,31,0.7163986563682556,1295040,"[73512203, 78544615, 78544617, 78544619, 78544621, 78544625, 78544638, 78557188, 78557190, 78557206, 78557208, 79746108, 79746110, 79746114, 80409836]","[72119595, 78544613, 78544623, 78544627, 78557192, 79746112, 80409832, 80409834, 80409877]",79746116.0,20260812
Etv1,9,32,0.7547813057899475,1295040,"[73512203, 78544615, 78544617, 78544621, 78544627, 78544638, 78557188, 78557192, 78557208, 79746108, 79746110, 79746112, 80409832, 80409834, 80409877]","[72119595, 78544613, 78544619, 78544623, 78544625, 78557190, 78557206, 79746114, 80409836]",79746116.0,20260812
Etv1,9,33,0.761319637298584,1295040,"[72119595, 78544617, 78544623, 78544625, 78544629, 78544638, 78557188, 78557190, 78557208, 79746108, 79746110, 79746112, 79746114, 80409834, 80409836]","[73512203, 78544613, 78544615, 78544619, 78544621, 78544627, 78557192, 80409832, 80409877]",79746116.0,20260812
Etv1,9,34,0.7662030458450317,1295040,"[73512203, 78544617, 78544619, 78544621, 78544623, 78544625, 78544627, 78544638, 78557188, 78557192, 78557208, 79746108, 80409832, 80409834, 80409877]","[72119595, 78544613, 78544615, 78544629, 78557190, 78557206, 79746110, 79746112, 80409836]",79746116.0,20260812
Etv1,9,35,0.7664118409156799,1295040,"[72119595, 73512203, 78544619, 78544621, 78544623, 78544627, 78544629, 78557188, 78557192, 78557208, 79746108, 79746110, 80409834, 80409836, 80409877]","[78544613, 78544617, 78544625, 78544638, 78557190, 78557206, 79746112, 79746114, 80409832]",79746116.0,20260812
Etv1,9,36,0.7416840195655823,1295040,"[72119595, 73512203, 78544613, 78544617, 78544619, 78544621, 78544623, 78544625, 78544629, 78557190, 78557192, 78557206, 79746110, 79746114, 80409836]","[78544615, 78544627, 78557188, 78557208, 79746108, 79746112, 80409832, 80409834, 80409877]",79746116.0,20260812
Etv1,9,37,0.7494156360626221,1295040,"[73512203, 78544613, 78544615, 78544617, 78544619, 78544621, 78544623, 78544629, 78557190, 78557208, 79746108, 79746110, 79746112, 79746114, 80409836]","[72119595, 78544625, 78544627, 78544638, 78557188, 78557206, 80409832, 80409834, 80409877]",79746116.0,20260812
Etv1,9,38,0.7327893972396851,1295040,"[73512203, 78544613, 78544615, 78544617, 78544623, 78544625, 78544627, 78544629, 78557188, 78557190, 79746110, 79746114, 80409834, 80409836, 80409877]","[72119595, 78544619, 78544621, 78544638, 78557192, 78557206, 78557208, 79746108, 79746112]",79746116.0,20260812
Etv1,9,39,0.7629514932632446,1295040,"[72119595, 78544613, 78544617, 78544629, 78544638, 78557192, 78557206, 78557208, 79746108, 79746110, 79746112, 80409832, 80409834, 80409836, 80409877]","[73512203, 78544615, 78544619, 78544621, 78544623, 78544625, 78544627, 78557190, 79746114]",79746116.0,20260812
Etv1,9,40,0.738793671131134,1295040,"[72119595, 73512203, 78544613, 78544619, 78544621, 78544629, 78544638, 78557188, 78557190, 78557192, 78557206, 79746110, 79746112, 80409832, 80409836]","[78544615, 78544617, 78544623, 78544625, 78557208, 79746108, 79746114, 80409834, 80409877]",79746116.0,20260812
Etv1,9,41,0.7576907277107239,1295040,"[73512203, 78544625, 78544627, 78544629, 78544638, 78557188, 78557190, 78557192, 78557206, 79746108, 79746110, 79746112, 79746114, 80409832, 80409877]","[72119595, 78544613, 78544615, 78544619, 78544621, 78544623, 78557208, 80409834, 80409836]",79746116.0,20260812
Etv1,9,42,0.728333055973053,1295040,"[73512203, 78544617, 78544619, 78544621, 78544625, 78544627, 78544629, 78544638, 78557188, 78557190, 78557208, 79746110, 79746114, 80409834, 80409836]","[72119595, 78544613, 78544615, 78544623, 78557192, 78557206, 79746112, 80409832, 80409877]",79746116.0,20260812
Etv1,9,43,0.7568997144699097,1295040,"[73512203, 78544619, 78544623, 78544625, 78544627, 78544629, 78544638, 78557206, 79746108, 79746110, 79746112, 79746114, 80409832, 80409836, 80409877]","[72119595, 78544615, 78544617, 78544621, 78557188, 78557190, 78557192, 78557208, 80409834]",79746116.0,20260812
Etv1,9,44,0.7507830858230591,1295040,"[72119595, 78544613, 78544615, 78544627, 78544638, 78557188, 78557190, 78557192, 78557208, 79746110, 79746112, 79746114, 80409832, 80409836, 80409877]","[73512203, 78544617, 78544619, 78544623, 78544625, 78544629, 78557206, 79746108, 80409834]",79746116.0,20260812
Etv1,9,45,0.7291114330291748,1295040,"[72119595, 73512203, 78544615, 78544619, 78544625, 78544629, 78557188, 78557206, 78557208, 79746108, 79746112, 79746114, 80409834, 80409836, 80409877]","[78544617, 78544621, 78544623, 78544627, 78544638, 78557190, 78557192, 79746110, 80409832]",79746116.0,20260812
Etv1,9,46,0.7521956562995911,1295040,"[78544613, 78544617, 78544619, 78544623, 78544625, 78557190, 78557192, 78557206, 78557208, 79746112, 79746114, 80409832, 80409834, 80409836, 80409877]","[72119595, 78544615, 78544621, 78544627, 78544629, 78544638, 78557188, 79746108, 79746110]",79746116.0,20260812
Etv1,9,47,0.7404947876930237,1295040,"[73512203, 78544619, 78544621, 78544627, 78544629, 78544638, 78557188, 78557190, 78557192, 78557206, 79746110, 80409832, 80409834, 80409836, 80409877]","[72119595, 78544613, 78544617, 78544623, 78544625, 78557208, 79746108, 79746112, 79746114]",79746116.0,20260812
Etv1,9,48,0.7440401911735535,1295040,"[72119595, 78544617, 78544621, 78544627, 78544629, 78544638, 78557188, 78557206, 78557208, 79746110, 79746112, 79746114, 80409832, 80409834, 80409836]","[73512203, 78544613, 78544615, 78544619, 78544623, 78544625, 78557192, 79746108, 80409877]",79746116.0,20260812
Etv1,9,49,0.7621561288833618,1295040,"[72119595, 78544613, 78544615, 78544617, 78544621, 78544623, 78544625, 78544629, 78557206, 78557208, 79746108, 79746112, 80409834, 80409836, 80409877]","[73512203, 78544619, 78544627, 78544638, 78557190, 78557192, 79746110, 79746114, 80409832]",79746116.0,20260812
Etv1,9,50,0.7682240605354309,1295040,"[72119595, 78544619, 78544621, 78544623, 78544625, 78544627, 78544629, 78557190, 78557192, 78557206, 79746108, 79746110, 80409832, 80409836, 80409877]","[73512203, 78544615, 78544617, 78544638, 78557188, 78557208, 79746112, 79746114, 80409834]",79746116.0,20260812
Etv1,9,51,0.7416576147079468,1295040,"[73512203, 78544613, 78544615, 78544617, 78544619, 78544621, 78544625, 78544638, 78557190, 78557206, 78557208, 79746110, 79746112, 80409832, 80409836]","[72119595, 78544623, 78544627, 78544629, 78557192, 79746108, 79746114, 80409834, 80409877]",79746116.0,20260812
Etv1,9,52,0.7356317639350891,1295040,"[73512203, 78544615, 78544617, 78544621, 78544623, 78544625, 78544638, 78557188, 78557192, 78557208, 79746110, 79746114, 80409834, 80409836, 80409877]","[72119595, 78544613, 78544619, 78544629, 78557190, 78557206, 79746108, 79746112, 80409832]",79746116.0,20260812
Etv1,9,53,0.7241320610046387,1295040,"[78544613, 78544615, 78544617, 78544625, 78544627, 78544629, 78557188, 78557192, 78557208, 79746108, 79746112, 79746114, 80409832, 80409834, 80409836]","[72119595, 73512203, 78544619, 78544621, 78544623, 78544638, 78557206, 79746110, 80409877]",79746116.0,20260812
Etv1,9,54,0.713972806930542,1295040,"[72119595, 73512203, 78544619, 78544621, 78544623, 78544629, 78544638, 78557188, 78557190, 78557206, 78557208, 79746108, 79746112, 79746114, 80409834]","[78544615, 78544617, 78544625, 78544627, 78557192, 79746110, 80409832, 80409836, 80409877]",79746116.0,20260812
Etv1,9,55,0.7773897051811218,1295040,"[72119595, 78544613, 78544615, 78544617, 78544621, 78544629, 78557188, 78557190, 78557192, 78557206, 79746108, 79746110, 80409832, 80409834, 80409877]","[73512203, 78544619, 78544623, 78544625, 78544627, 78544638, 78557208, 79746112, 80409836]",79746116.0,20260812
Etv1,9,56,0.7507838010787964,1295040,"[73512203, 78544615, 78544619, 78544621, 78544625, 78544629, 78557188, 78557192, 78557208, 79746108, 79746110, 79746112, 79746114, 80409834, 80409836]","[72119595, 78544613, 78544617, 78544623, 78544627, 78544638, 78557190, 78557206, 80409832]",79746116.0,20260812
Etv1,9,57,0.7546228766441345,1295040,"[72119595, 73512203, 78544615, 78544617, 78544619, 78544623, 78544629, 78557190, 78557192, 78557206, 78557208, 79746112, 79746114, 80409832, 80409836]","[78544613, 78544621, 78544625, 78544627, 78544638, 79746108, 79746110, 80409834, 80409877]",79746116.0,20260812
Etv1,9,58,0.7587603330612183,1295040,"[78544613, 78544615, 78544617, 78544619, 78544623, 78544625, 78544629, 78544638, 78557188, 78557190, 78557206, 79746110, 79746114, 80409832, 80409836]","[72119595, 73512203, 78544621, 78544627, 78557192, 78557208, 79746112, 80409834, 80409877]",79746116.0,20260812
Etv1,9,59,0.7437559366226196,1295040,"[72119595, 73512203, 78544615, 78544619, 78544621, 78544627, 78544629, 78544638, 78557188, 78557190, 78557208, 79746108, 79746110, 79746112, 80409877]","[78544613, 78544617, 78544623, 78544625, 78557192, 78557206, 79746114, 80409834, 80409836]",79746116.0,20260812
Etv1,9,60,0.7495969533920288,1295040,"[73512203, 78544613, 78544615, 78544617, 78544619, 78544627, 78544629, 78557208, 79746108, 79746110, 79746112, 79746114, 80409832, 80409834, 80409877]","[78544621, 78544623, 78544625, 78544638, 78557188, 78557190, 78557192, 78557206, 80409836]",79746116.0,20260812
Etv1,9,61,0.7508677244186401,1295040,"[72119595, 73512203, 78544613, 78544615, 78544621, 78544627, 78544629, 78544638, 78557190, 78557206, 79746108, 79746112, 79746114, 80409832, 80409836]","[78544619, 78544623, 78544625, 78557188, 78557192, 78557208, 79746110, 80409834, 80409877]",79746116.0,20260812
Etv1,9,62,0.7471104860305786,1295040,"[73512203, 78544613, 78544617, 78544619, 78544621, 78544623, 78544625, 78544627, 78544629, 78557192, 78557208, 79746108, 79746110, 79746112, 80409832]","[72119595, 78544615, 78557188, 78557190, 78557206, 79746114, 80409834, 80409836, 80409877]",79746116.0,20260812
Etv1,9,63,0.755660891532898,1295040,"[72119595, 78544615, 78544617, 78544621, 78544623, 78544627, 78544629, 78544638, 78557192, 78557208, 79746110, 79746112, 79746114, 80409832, 80409877]","[73512203, 78544613, 78544619, 78544625, 78557188, 78557190, 78557206, 79746108, 80409834]",79746116.0,20260812
Etv1,9,64,0.7106426954269409,1295040,"[72119595, 78544615, 78544617, 78544625, 78544627, 78544629, 78557188, 78557192, 78557206, 78557208, 79746110, 79746114, 80409834, 80409836, 80409877]","[73512203, 78544613, 78544619, 78544621, 78544623, 78557190, 79746108, 79746112, 80409832]",79746116.0,20260812
Etv1,9,65,0.7568434476852417,1295040,"[72119595, 78544613, 78544615, 78544617, 78544619, 78544625, 78544627, 78544638, 78557190, 78557208, 79746108, 79746112, 80409832, 80409834, 80409836]","[73512203, 78544621, 78544623, 78544629, 78557192, 78557206, 79746110, 79746114, 80409877]",79746116.0,20260812
Etv1,9,66,0.7509585618972778,1295040,"[78544615, 78544617, 78544619, 78544627, 78544629, 78544638, 78557188, 78557190, 78557206, 78557208, 79746108, 79746112, 80409834, 80409836, 80409877]","[72119595, 78544613, 78544621, 78544623, 78544625, 78557192, 79746110, 79746114, 80409832]",79746116.0,20260812
Etv1,9,67,0.7516159415245056,1295040,"[72119595, 78544613, 78544615, 78544619, 78544627, 78544629, 78557188, 78557190, 78557192, 78557208, 79746108, 79746110, 79746112, 80409832, 80409834]","[78544617, 78544621, 78544623, 78544625, 78544638, 78557206, 79746114, 80409836, 80409877]",79746116.0,20260812
Etv1,9,68,0.7267961502075195,1295040,"[72119595, 73512203, 78544613, 78544615, 78544621, 78544623, 78544625, 78544627, 78544638, 78557188, 78557190, 78557192, 79746108, 79746112, 80409832]","[78544617, 78544619, 78544629, 78557208, 79746110, 79746114, 80409834, 80409836, 80409877]",79746116.0,20260812
Etv1,9,69,0.753351092338562,1295040,"[78544615, 78544617, 78544621, 78544625, 78544629, 78557190, 78557192, 78557206, 79746108, 79746110, 79746112, 79746114, 80409832, 80409836, 80409877]","[72119595, 73512203, 78544613, 78544619, 78544623, 78544627, 78544638, 78557188, 78557208]",79746116.0,20260812
Etv1,9,70,0.7298521995544434,1295040,"[78544615, 78544617, 78544621, 78544623, 78544625, 78544638, 78557206, 78557208, 79746110, 79746112, 79746114, 80409832, 80409834, 80409836, 80409877]","[72119595, 73512203, 78544613, 78544619, 78544627, 78544629, 78557188, 78557190, 79746108]",79746116.0,20260812
Etv1,9,71,0.7406636476516724,1295040,"[72119595, 78544613, 78544615, 78544617, 78544619, 78544621, 78544623, 78544625, 78544638, 78557190, 78557206, 79746108, 79746112, 79746114, 80409877]","[73512203, 78544627, 78544629, 78557188, 78557192, 78557208, 79746110, 80409832, 80409834]",79746116.0,20260812
Etv1,9,72,0.7445310950279236,1295040,"[72119595, 73512203, 78544615, 78544617, 78544619, 78544621, 78544625, 78544627, 78544638, 78557190, 78557206, 79746108, 79746110, 80409836, 80409877]","[78544613, 78544623, 78544629, 78557188, 78557192, 78557208, 79746112, 79746114, 80409834]",79746116.0,20260812
Etv1,9,73,0.7594742774963379,1295040,"[72119595, 73512203, 78544615, 78544621, 78544623, 78544627, 78544629, 78544638, 78557192, 78557208, 79746108, 79746112, 80409832, 80409834, 80409877]","[78544613, 78544619, 78544625, 78557188, 78557190, 78557206, 79746110, 79746114, 80409836]",79746116.0,20260812
Etv1,9,74,0.7458827495574951,1295040,"[72119595, 78544613, 78544615, 78544617, 78544619, 78544621, 78544623, 78544627, 78544638, 78557188, 78557190, 78557208, 79746114, 80409834, 80409836]","[73512203, 78544629, 78557192, 78557206, 79746108, 79746110, 79746112, 80409832, 80409877]",79746116.0,20260812
Etv1,9,75,0.7336667776107788,1295040,"[73512203, 78544613, 78544617, 78544619, 78544621, 78544623, 78544627, 78544629, 78544638, 78557188, 78557190, 78557192, 79746110, 80409832, 80409834]","[72119595, 78544615, 78544625, 78557206, 78557208, 79746108, 79746112, 79746114, 80409836]",79746116.0,20260812
Etv1,9,76,0.7442253232002258,1295040,"[73512203, 78544613, 78544615, 78544619, 78544623, 78544625, 78544629, 78544638, 78557188, 79746110, 79746112, 80409832, 80409834, 80409836, 80409877]","[72119595, 78544617, 78544621, 78557190, 78557192, 78557206, 78557208, 79746108, 79746114]",79746116.0,20260812
Etv1,9,77,0.7603728175163269,1295040,"[78544617, 78544619, 78544621, 78544623, 78544625, 78544627, 78544629, 78557188, 78557206, 79746110, 79746112, 79746114, 80409832, 80409836, 80409877]","[72119595, 78544613, 78544615, 78544638, 78557190, 78557192, 78557208, 79746108, 80409834]",79746116.0,20260812
Etv1,9,78,0.7524046897888184,1295040,"[72119595, 73512203, 78544613, 78544621, 78544623, 78544625, 78544627, 78544629, 78557206, 79746108, 79746110, 80409832, 80409834, 80409836, 80409877]","[78544615, 78544619, 78544638, 78557188, 78557190, 78557192, 78557208, 79746112, 79746114]",79746116.0,20260812
Etv1,9,79,0.7413625717163086,1295040,"[72119595, 73512203, 78544613, 78544615, 78544619, 78544625, 78544627, 78544629, 78557190, 78557208, 79746108, 79746112, 80409834, 80409836, 80409877]","[78544617, 78544621, 78544623, 78544638, 78557188, 78557192, 78557206, 79746110, 80409832]",79746116.0,20260812
Etv1,9,80,0.7382017374038696,1295040,"[73512203, 78544613, 78544617, 78544619, 78544621, 78544625, 78544638, 78557188, 78557190, 78557208, 79746110, 79746112, 79746114, 80409834, 80409836]","[72119595, 78544615, 78544623, 78544627, 78557192, 78557206, 79746108, 80409832, 80409877]",79746116.0,20260812
Etv1,9,81,0.747326135635376,1295040,"[72119595, 73512203, 78544617, 78544619, 78544621, 78544623, 78544625, 78544627, 78544638, 78557188, 78557190, 78557206, 79746110, 80409836, 80409877]","[78544613, 78544615, 78544629, 78557192, 78557208, 79746108, 79746114, 80409832, 80409834]",79746116.0,20260812
Etv1,9,82,0.760231614112854,1295040,"[72119595, 73512203, 78544613, 78544615, 78544619, 78544621, 78544623, 78544625, 78544627, 78544629, 78557192, 78557208, 79746108, 79746114, 80409832]","[78544617, 78544638, 78557188, 78557190, 78557206, 79746110, 79746112, 80409836, 80409877]",79746116.0,20260812
Etv1,9,83,0.7422506809234619,1295040,"[72119595, 78544613, 78544615, 78544617, 78544619, 78544627, 78544629, 78557190, 78557192, 78557206, 78557208, 79746108, 79746114, 80409834, 80409877]","[73512203, 78544621, 78544623, 78544625, 78544638, 79746110, 79746112, 80409832, 80409836]",79746116.0,20260812
Etv1,9,84,0.7255460023880005,1295040,"[73512203, 78544617, 78544619, 78544621, 78544625, 78544629, 78544638, 78557188, 78557190, 79746108, 79746110, 79746112, 79746114, 80409832, 80409834]","[72119595, 78544613, 78544615, 78544623, 78544627, 78557192, 78557206, 80409836, 80409877]",79746116.0,20260812
Etv1,9,85,0.743976354598999,1295040,"[72119595, 73512203, 78544615, 78544617, 78544619, 78544621, 78544627, 78544629, 78557190, 78557206, 78557208, 79746114, 80409832, 80409834, 80409877]","[78544613, 78544623, 78544625, 78544638, 78557188, 79746108, 79746110, 79746112, 80409836]",79746116.0,20260812
Etv1,9,86,0.7591609358787537,1295040,"[72119595, 78544613, 78544615, 78544619, 78544623, 78544638, 78557188, 78557192, 78557206, 79746110, 79746112, 79746114, 80409832, 80409834, 80409836]","[73512203, 78544617, 78544621, 78544625, 78544627, 78544629, 78557190, 79746108, 80409877]",79746116.0,20260812
Etv1,9,87,0.7544225454330444,1295040,"[72119595, 78544613, 78544615, 78544619, 78544627, 78544629, 78557188, 78557190, 78557192, 78557206, 78557208, 79746110, 80409832, 80409834, 80409836]","[73512203, 78544617, 78544621, 78544623, 78544625, 78544638, 79746108, 79746114, 80409877]",79746116.0,20260812
Etv1,9,88,0.7412097454071045,1295040,"[73512203, 78544613, 78544619, 78544623, 78544625, 78544629, 78544638, 78557188, 78557206, 79746108, 79746110, 79746114, 80409832, 80409834, 80409877]","[72119595, 78544617, 78544621, 78544627, 78557190, 78557192, 78557208, 79746112, 80409836]",79746116.0,20260812
Etv1,9,89,0.7516994476318359,1295040,"[72119595, 78544617, 78544619, 78544621, 78544623, 78544627, 78557188, 78557190, 78557192, 79746108, 79746110, 79746114, 80409832, 80409834, 80409836]","[73512203, 78544613, 78544615, 78544625, 78544629, 78544638, 78557206, 79746112, 80409877]",79746116.0,20260812
Etv1,9,90,0.7468628883361816,1295040,"[72119595, 78544615, 78544617, 78544619, 78544621, 78544623, 78544625, 78544627, 78544638, 78557190, 78557192, 79746110, 80409834, 80409836, 80409877]","[73512203, 78544613, 78544629, 78557206, 78557208, 79746108, 79746112, 79746114, 80409832]",79746116.0,20260812
Etv1,9,91,0.7546442747116089,1295040,"[72119595, 73512203, 78544613, 78544617, 78544621, 78544627, 78544629, 78557188, 78557206, 79746108, 79746110, 79746112, 79746114, 80409836, 80409877]","[78544619, 78544623, 78544625, 78544638, 78557190, 78557192, 78557208, 80409832, 80409834]",79746116.0,20260812
Etv1,9,92,0.7496183514595032,1295040,"[72119595, 78544613, 78544615, 78544617, 78544623, 78544627, 78544629, 78557190, 78557206, 79746108, 79746110, 79746112, 79746114, 80409832, 80409836]","[73512203, 78544619, 78544621, 78544625, 78544638, 78557188, 78557192, 78557208, 80409834]",79746116.0,20260812
Etv1,9,93,0.7199540138244629,1295040,"[78544615, 78544617, 78544621, 78544623, 78544625, 78544627, 78544638, 78557190, 78557206, 78557208, 79746112, 79746114, 80409834, 80409836, 80409877]","[72119595, 73512203, 78544613, 78544629, 78557188, 78557192, 79746108, 79746110, 80409832]",79746116.0,20260812
Etv1,9,94,0.7532203197479248,1295040,"[78544613, 78544619, 78544621, 78544623, 78544625, 78544629, 78544638, 78557188, 78557190, 78557192, 78557208, 79746108, 79746114, 80409834, 80409836]","[72119595, 73512203, 78544615, 78544627, 78557206, 79746110, 79746112, 80409832, 80409877]",79746116.0,20260812
Etv1,9,95,0.7575492262840271,1295040,"[78544613, 78544615, 78544619, 78544621, 78544623, 78544625, 78544627, 78544638, 78557188, 78557206, 79746108, 79746110, 79746114, 80409832, 80409836]","[72119595, 73512203, 78544629, 78557190, 78557192, 78557208, 79746112, 80409834, 80409877]",79746116.0,20260812
Etv1,9,96,0.7480469942092896,1295040,"[78544615, 78544617, 78544619, 78544625, 78544638, 78557188, 78557190, 78557192, 78557206, 79746108, 79746110, 79746112, 79746114, 80409832, 80409836]","[72119595, 73512203, 78544613, 78544621, 78544623, 78544627, 78557208, 80409834, 80409877]",79746116.0,20260812
Etv1,9,97,0.7324374318122864,1295040,"[78544617, 78544621, 78544625, 78544627, 78544629, 78544638, 78557188, 78557190, 78557206, 78557208, 79746114, 80409832, 80409834, 80409836, 80409877]","[72119595, 73512203, 78544613, 78544615, 78544619, 78544623, 78557192, 79746108, 79746110]",79746116.0,20260812
Etv1,9,98,0.7473562955856323,1295040,"[78544613, 78544617, 78544619, 78544621, 78544623, 78544625, 78544627, 78544638, 78557190, 78557192, 78557206, 79746110, 79746114, 80409834, 80409877]","[73512203, 78544615, 78544629, 78557188, 78557208, 79746108, 79746112, 80409832, 80409836]",79746116.0,20260812
Etv1,9,99,0.768827497959137,1295040,"[72119595, 73512203, 78544615, 78544617, 78544619, 78544638, 78557188, 78557192, 78557206, 78557208, 79746112, 80409832, 80409834, 80409836, 80409877]","[78544613, 78544621, 78544623, 78544625, 78544627, 78544629, 79746108, 79746110, 79746114]",79746116.0,20260812
Etv1,10,0,0.7592748999595642,1295040,"[78544613, 78544617, 78544619, 78544623, 78544625, 78544627, 78544629, 78544638, 78557192, 78557206, 78557208, 79746110, 80409834, 80409836, 80409877]","[72119595, 73512203, 78544615, 78544621, 78557188, 78557190, 79746108, 79746112, 79746114, 80409832]",79746116.0,20260812
Etv1,10,1,0.77182537317276,1295040,"[72119595, 78544613, 78544615, 78544617, 78544619, 78544621, 78544629, 78544638, 78557188, 78557192, 79746108, 79746114, 80409832, 80409834, 80409877]","[73512203, 78544623, 78544625, 78544627, 78557190, 78557206, 78557208, 79746110, 79746112, 80409836]",79746116.0,20260812
Etv1,10,2,0.7504446506500244,1295040,"[72119595, 78544615, 78544621, 78544623, 78544625, 78544629, 78544638, 78557190, 78557206, 79746108, 79746110, 79746112, 79746114, 80409834, 80409836]","[73512203, 78544613, 78544617, 78544619, 78544627, 78557188, 78557192, 78557208, 80409832, 80409877]",79746116.0,20260812
Etv1,10,3,0.7517534494400024,1295040,"[73512203, 78544613, 78544617, 78544619, 78544623, 78544625, 78544627, 78544629, 78557188, 78557190, 78557192, 78557208, 79746112, 79746114, 80409834]","[72119595, 78544615, 78544621, 78544638, 78557206, 79746108, 79746110, 80409832, 80409836, 80409877]",79746116.0,20260812
Etv1,10,4,0.7642157673835754,1295040,"[73512203, 78544613, 78544615, 78544617, 78544619, 78544621, 78544625, 78544638, 78557188, 78557206, 78557208, 79746108, 79746114, 80409832, 80409836]","[72119595, 78544623, 78544627, 78544629, 78557190, 78557192, 79746110, 79746112, 80409834, 80409877]",79746116.0,20260812
Etv1,10,5,0.775658369064331,1295040,"[72119595, 73512203, 78544613, 78544615, 78544617, 78544627, 78544629, 78544638, 78557190, 78557192, 78557208, 79746112, 79746114, 80409832, 80409877]","[78544619, 78544621, 78544623, 78544625, 78557188, 78557206, 79746108, 79746110, 80409834, 80409836]",79746116.0,20260812
Etv1,10,6,0.7782248258590698,1295040,"[73512203, 78544613, 78544619, 78544621, 78544623, 78544625, 78544627, 78557192, 78557206, 79746108, 79746110, 79746112, 80409832, 80409836, 80409877]","[72119595, 78544615, 78544617, 78544629, 78544638, 78557188, 78557190, 78557208, 79746114, 80409834]",79746116.0,20260812
Etv1,10,7,0.7606652975082397,1295040,"[73512203, 78544613, 78544615, 78544617, 78544623, 78544625, 78544629, 78544638, 78557188, 78557190, 78557192, 78557206, 79746108, 79746110, 79746114]","[72119595, 78544619, 78544621, 78544627, 78557208, 79746112, 80409832, 80409834, 80409836, 80409877]",79746116.0,20260812
Etv1,10,8,0.7697088718414307,1295040,"[72119595, 78544613, 78544615, 78544617, 78544619, 78544621, 78544625, 78544638, 78557188, 78557190, 78557206, 79746108, 79746114, 80409832, 80409834]","[73512203, 78544623, 78544627, 78544629, 78557192, 78557208, 79746110, 79746112, 80409836, 80409877]",79746116.0,20260812
Etv1,10,9,0.7315037250518799,1295040,"[73512203, 78544617, 78544619, 78544623, 78544627, 78544629, 78557188, 78557192, 78557206, 79746108, 79746110, 79746112, 79746114, 80409836, 80409877]","[72119595, 78544613, 78544615, 78544621, 78544625, 78544638, 78557190, 78557208, 80409832, 80409834]",79746116.0,20260812
Etv1,10,10,0.7544271945953369,1295040,"[72119595, 73512203, 78544613, 78544617, 78544619, 78544625, 78544627, 78544629, 78557190, 78557192, 78557208, 79746108, 79746112, 80409832, 80409877]","[78544615, 78544621, 78544623, 78544638, 78557188, 78557206, 79746110, 79746114, 80409834, 80409836]",79746116.0,20260812
Etv1,10,11,0.7647081017494202,1295040,"[73512203, 78544613, 78544615, 78544619, 78544621, 78544623, 78544625, 78544629, 78557188, 78557208, 79746108, 79746114, 80409832, 80409836, 80409877]","[72119595, 78544617, 78544627, 78544638, 78557190, 78557192, 78557206, 79746110, 79746112, 80409834]",79746116.0,20260812
Etv1,10,12,0.7801660299301147,1295040,"[72119595, 73512203, 78544617, 78544621, 78544623, 78544625, 78544629, 78557192, 78557208, 79746110, 79746112, 79746114, 80409832, 80409836, 80409877]","[78544613, 78544615, 78544619, 78544627, 78544638, 78557188, 78557190, 78557206, 79746108, 80409834]",79746116.0,20260812
Etv1,10,13,0.7663272619247437,1295040,"[72119595, 73512203, 78544617, 78544619, 78544623, 78544625, 78544629, 78544638, 78557188, 78557206, 78557208, 79746108, 79746110, 80409836, 80409877]","[78544613, 78544615, 78544621, 78544627, 78557190, 78557192, 79746112, 79746114, 80409832, 80409834]",79746116.0,20260812
Etv1,10,14,0.768386960029602,1295040,"[73512203, 78544613, 78544615, 78544617, 78544621, 78544623, 78544625, 78544627, 78544629, 78557192, 78557208, 79746110, 80409832, 80409834, 80409877]","[72119595, 78544619, 78544638, 78557188, 78557190, 78557206, 79746108, 79746112, 79746114, 80409836]",79746116.0,20260812
Etv1,10,15,0.7443842887878418,1295040,"[72119595, 73512203, 78544617, 78544621, 78544638, 78557190, 78557192, 78557208, 79746110, 79746112, 79746114, 80409832, 80409834, 80409836, 80409877]","[78544613, 78544615, 78544619, 78544623, 78544625, 78544627, 78544629, 78557188, 78557206, 79746108]",79746116.0,20260812
Etv1,10,16,0.7460014820098877,1295040,"[73512203, 78544615, 78544619, 78544621, 78544627, 78544629, 78544638, 78557188, 78557190, 78557192, 78557206, 79746108, 79746114, 80409832, 80409877]","[72119595, 78544613, 78544617, 78544623, 78544625, 78557208, 79746110, 79746112, 80409834, 80409836]",79746116.0,20260812
Etv1,10,17,0.7500452995300293,1295040,"[72119595, 78544613, 78544619, 78544623, 78544625, 78544629, 78557188, 78557190, 78557192, 78557208, 79746110, 79746112, 80409834, 80409836, 80409877]","[73512203, 78544615, 78544617, 78544621, 78544627, 78544638, 78557206, 79746108, 79746114, 80409832]",79746116.0,20260812
Etv1,10,18,0.7809074521064758,1295040,"[72119595, 73512203, 78544615, 78544617, 78544619, 78544623, 78544638, 78557192, 78557206, 79746108, 79746112, 79746114, 80409832, 80409836, 80409877]","[78544613, 78544621, 78544625, 78544627, 78544629, 78557188, 78557190, 78557208, 79746110, 80409834]",79746116.0,20260812
Etv1,10,19,0.750562310218811,1295040,"[72119595, 73512203, 78544617, 78544619, 78544621, 78544623, 78544629, 78544638, 78557192, 78557206, 78557208, 79746108, 79746110, 79746114, 80409834]","[78544613, 78544615, 78544625, 78544627, 78557188, 78557190, 79746112, 80409832, 80409836, 80409877]",79746116.0,20260812
Etv1,10,20,0.7730848789215088,1295040,"[73512203, 78544617, 78544623, 78544625, 78544638, 78557188, 78557190, 78557192, 78557206, 79746108, 79746110, 79746114, 80409832, 80409836, 80409877]","[72119595, 78544613, 78544615, 78544619, 78544621, 78544627, 78544629, 78557208, 79746112, 80409834]",79746116.0,20260812
Etv1,10,21,0.7622938752174377,1295040,"[73512203, 78544613, 78544615, 78544619, 78544621, 78544625, 78544627, 78544638, 78557188, 78557206, 79746110, 79746112, 79746114, 80409832, 80409836]","[72119595, 78544617, 78544623, 78544629, 78557190, 78557192, 78557208, 79746108, 80409834, 80409877]",79746116.0,20260812
Etv1,10,22,0.7496545314788818,1295040,"[78544613, 78544615, 78544619, 78544627, 78544629, 78557188, 78557190, 78557192, 78557206, 78557208, 79746110, 79746114, 80409832, 80409834, 80409877]","[72119595, 73512203, 78544617, 78544621, 78544623, 78544625, 78544638, 79746108, 79746112, 80409836]",79746116.0,20260812
Etv1,10,23,0.7517589926719666,1295040,"[72119595, 73512203, 78544615, 78544617, 78544619, 78544621, 78544629, 78544638, 78557188, 78557190, 78557208, 79746108, 80409832, 80409834, 80409877]","[78544613, 78544623, 78544625, 78544627, 78557192, 78557206, 79746110, 79746112, 79746114, 80409836]",79746116.0,20260812
Etv1,10,24,0.7536376714706421,1295040,"[72119595, 78544613, 78544615, 78544617, 78544619, 78544623, 78557188, 78557192, 78557206, 78557208, 79746108, 80409832, 80409834, 80409836, 80409877]","[73512203, 78544621, 78544625, 78544627, 78544629, 78544638, 78557190, 79746110, 79746112, 79746114]",79746116.0,20260812
Etv1,10,25,0.7732795476913452,1295040,"[72119595, 78544615, 78544617, 78544619, 78544621, 78544623, 78544625, 78557188, 78557190, 78557206, 79746108, 79746110, 80409832, 80409834, 80409877]","[73512203, 78544613, 78544627, 78544629, 78544638, 78557192, 78557208, 79746112, 79746114, 80409836]",79746116.0,20260812
Etv1,10,26,0.7490957379341125,1295040,"[72119595, 78544613, 78544617, 78544619, 78544621, 78544629, 78544638, 78557188, 78557192, 78557206, 79746108, 79746112, 79746114, 80409836, 80409877]","[73512203, 78544615, 78544623, 78544625, 78544627, 78557190, 78557208, 79746110, 80409832, 80409834]",79746116.0,20260812
Etv1,10,27,0.7779924869537354,1295040,"[72119595, 78544615, 78544617, 78544619, 78544623, 78544627, 78544638, 78557190, 78557206, 78557208, 79746110, 79746112, 80409832, 80409834, 80409836]","[73512203, 78544613, 78544621, 78544625, 78544629, 78557188, 78557192, 79746108, 79746114, 80409877]",79746116.0,20260812
Etv1,10,28,0.7480619549751282,1295040,"[72119595, 73512203, 78544615, 78544619, 78544621, 78544627, 78544638, 78557188, 78557190, 78557192, 78557206, 79746108, 79746110, 79746112, 79746114]","[78544613, 78544617, 78544623, 78544625, 78544629, 78557208, 80409832, 80409834, 80409836, 80409877]",79746116.0,20260812
Etv1,10,29,0.7610700130462646,1295040,"[72119595, 73512203, 78544613, 78544617, 78544619, 78544621, 78544623, 78544627, 78544638, 78557188, 78557192, 79746112, 80409832, 80409834, 80409877]","[78544615, 78544625, 78544629, 78557190, 78557206, 78557208, 79746108, 79746110, 79746114, 80409836]",79746116.0,20260812
Etv1,10,30,0.7892324924468994,1295040,"[78544613, 78544621, 78544625, 78544627, 78544629, 78557188, 78557206, 78557208, 79746108, 79746112, 79746114, 80409832, 80409834, 80409836, 80409877]","[72119595, 73512203, 78544615, 78544617, 78544619, 78544623, 78544638, 78557190, 78557192, 79746110]",79746116.0,20260812
Etv1,10,31,0.7745754718780518,1295040,"[72119595, 73512203, 78544615, 78544621, 78544627, 78544629, 78557190, 78557192, 78557208, 79746108, 79746110, 79746114, 80409832, 80409836, 80409877]","[78544613, 78544617, 78544619, 78544623, 78544625, 78544638, 78557188, 78557206, 79746112, 80409834]",79746116.0,20260812
Etv1,10,32,0.7440581321716309,1295040,"[72119595, 73512203, 78544613, 78544619, 78544621, 78544623, 78544625, 78544638, 78557206, 79746108, 79746112, 80409832, 80409834, 80409836, 80409877]","[78544615, 78544617, 78544627, 78544629, 78557188, 78557190, 78557192, 78557208, 79746110, 79746114]",79746116.0,20260812
Etv1,10,33,0.7766711711883545,1295040,"[72119595, 78544613, 78544615, 78544617, 78544619, 78544621, 78544623, 78544625, 78557188, 78557190, 78557206, 79746108, 79746110, 79746114, 80409832]","[73512203, 78544627, 78544629, 78544638, 78557192, 78557208, 79746112, 80409834, 80409836, 80409877]",79746116.0,20260812
Etv1,10,34,0.7773720026016235,1295040,"[72119595, 73512203, 78544619, 78544623, 78544625, 78544638, 78557190, 78557192, 78557206, 78557208, 79746108, 79746110, 80409832, 80409836, 80409877]","[78544613, 78544615, 78544617, 78544621, 78544627, 78544629, 78557188, 79746112, 79746114, 80409834]",79746116.0,20260812
Etv1,10,35,0.7608717679977417,1295040,"[72119595, 73512203, 78544613, 78544615, 78544619, 78544629, 78544638, 78557188, 78557208, 79746108, 79746110, 79746114, 80409832, 80409836, 80409877]","[78544617, 78544621, 78544623, 78544625, 78544627, 78557190, 78557192, 78557206, 79746112, 80409834]",79746116.0,20260812
Etv1,10,36,0.745183527469635,1295040,"[72119595, 73512203, 78544613, 78544619, 78544623, 78544627, 78544629, 78557190, 78557206, 79746108, 79746112, 79746114, 80409832, 80409836, 80409877]","[78544615, 78544617, 78544621, 78544625, 78544638, 78557188, 78557192, 78557208, 79746110, 80409834]",79746116.0,20260812
Etv1,10,37,0.7764583826065063,1295040,"[72119595, 73512203, 78544613, 78544619, 78544625, 78544638, 78557188, 78557190, 78557192, 78557208, 79746108, 79746112, 80409834, 80409836, 80409877]","[78544615, 78544617, 78544621, 78544623, 78544627, 78544629, 78557206, 79746110, 79746114, 80409832]",79746116.0,20260812
Etv1,10,38,0.7646054029464722,1295040,"[72119595, 78544613, 78544617, 78544619, 78544623, 78544627, 78544629, 78544638, 78557190, 78557206, 79746108, 79746112, 79746114, 80409832, 80409836]","[73512203, 78544615, 78544621, 78544625, 78557188, 78557192, 78557208, 79746110, 80409834, 80409877]",79746116.0,20260812
Etv1,10,39,0.7380625605583191,1295040,"[72119595, 73512203, 78544613, 78544615, 78544619, 78544621, 78544625, 78544638, 78557188, 78557190, 78557206, 78557208, 79746108, 79746110, 80409836]","[78544617, 78544623, 78544627, 78544629, 78557192, 79746112, 79746114, 80409832, 80409834, 80409877]",79746116.0,20260812
Etv1,10,40,0.7686305046081543,1295040,"[73512203, 78544617, 78544619, 78544623, 78544625, 78544627, 78544629, 78544638, 78557188, 78557208, 79746112, 79746114, 80409832, 80409834, 80409877]","[72119595, 78544613, 78544615, 78544621, 78557190, 78557192, 78557206, 79746108, 79746110, 80409836]",79746116.0,20260812
Etv1,10,41,0.7526345252990723,1295040,"[72119595, 78544613, 78544615, 78544617, 78544619, 78544629, 78557188, 78557206, 78557208, 79746108, 79746110, 80409832, 80409834, 80409836, 80409877]","[73512203, 78544621, 78544623, 78544625, 78544627, 78544638, 78557190, 78557192, 79746112, 79746114]",79746116.0,20260812
Etv1,10,42,0.7557428479194641,1295040,"[73512203, 78544615, 78544617, 78544621, 78544623, 78544625, 78557188, 78557190, 78557208, 79746108, 79746110, 79746112, 79746114, 80409836, 80409877]","[72119595, 78544613, 78544619, 78544627, 78544629, 78544638, 78557192, 78557206, 80409832, 80409834]",79746116.0,20260812
Etv1,10,43,0.773780345916748,1295040,"[72119595, 78544613, 78544617, 78544621, 78544623, 78544625, 78544627, 78557188, 78557190, 78557206, 79746110, 79746112, 79746114, 80409832, 80409836]","[73512203, 78544615, 78544619, 78544629, 78544638, 78557192, 78557208, 79746108, 80409834, 80409877]",79746116.0,20260812
Etv1,10,44,0.757636547088623,1295040,"[73512203, 78544613, 78544615, 78544619, 78544623, 78544629, 78557190, 78557206, 78557208, 79746108, 79746110, 79746114, 80409832, 80409834, 80409877]","[72119595, 78544617, 78544621, 78544625, 78544627, 78544638, 78557188, 78557192, 79746112, 80409836]",79746116.0,20260812
Etv1,10,45,0.7631152868270874,1295040,"[72119595, 78544613, 78544621, 78544623, 78544625, 78544627, 78544629, 78544638, 78557188, 78557190, 78557206, 79746110, 79746112, 79746114, 80409834]","[73512203, 78544615, 78544617, 78544619, 78557192, 78557208, 79746108, 80409832, 80409836, 80409877]",79746116.0,20260812
Etv1,10,46,0.7790204882621765,1295040,"[78544613, 78544615, 78544619, 78544621, 78544623, 78544627, 78557190, 78557192, 78557206, 79746108, 79746110, 79746112, 79746114, 80409834, 80409836]","[72119595, 73512203, 78544617, 78544625, 78544629, 78544638, 78557188, 78557208, 80409832, 80409877]",79746116.0,20260812
Etv1,10,47,0.7198491096496582,1295040,"[73512203, 78544613, 78544615, 78544621, 78544623, 78544625, 78544627, 78544638, 78557188, 78557190, 78557192, 78557208, 79746110, 79746112, 79746114]","[72119595, 78544617, 78544619, 78544629, 78557206, 79746108, 80409832, 80409834, 80409836, 80409877]",79746116.0,20260812
Etv1,10,48,0.7395415306091309,1295040,"[73512203, 78544615, 78544617, 78544621, 78544625, 78544629, 78544638, 78557190, 78557192, 78557208, 79746108, 79746112, 79746114, 80409834, 80409877]","[72119595, 78544613, 78544619, 78544623, 78544627, 78557188, 78557206, 79746110, 80409832, 80409836]",79746116.0,20260812
Etv1,10,49,0.7669453620910645,1295040,"[73512203, 78544613, 78544615, 78544617, 78544623, 78544625, 78544629, 78544638, 78557192, 78557206, 78557208, 79746112, 80409832, 80409834, 80409877]","[72119595, 78544619, 78544621, 78544627, 78557188, 78557190, 79746108, 79746110, 79746114, 80409836]",79746116.0,20260812
Etv1,10,50,0.7626151442527771,1295040,"[73512203, 78544613, 78544619, 78544621, 78544625, 78544629, 78557188, 78557192, 78557206, 78557208, 79746108, 79746110, 79746114, 80409836, 80409877]","[72119595, 78544615, 78544617, 78544623, 78544627, 78544638, 78557190, 79746112, 80409832, 80409834]",79746116.0,20260812
Etv1,10,51,0.7743834257125854,1295040,"[72119595, 73512203, 78544613, 78544625, 78544627, 78544638, 78557188, 78557190, 78557192, 78557206, 79746108, 79746114, 80409834, 80409836, 80409877]","[78544615, 78544617, 78544619, 78544621, 78544623, 78544629, 78557208, 79746110, 79746112, 80409832]",79746116.0,20260812
Etv1,10,52,0.762710452079773,1295040,"[72119595, 78544615, 78544617, 78544619, 78544621, 78544623, 78544625, 78544629, 78557188, 78557190, 78557208, 79746110, 80409834, 80409836, 80409877]","[73512203, 78544613, 78544627, 78544638, 78557192, 78557206, 79746108, 79746112, 79746114, 80409832]",79746116.0,20260812
Etv1,10,53,0.752374529838562,1295040,"[78544613, 78544615, 78544617, 78544625, 78544629, 78544638, 78557190, 78557192, 78557206, 78557208, 79746110, 79746114, 80409834, 80409836, 80409877]","[72119595, 73512203, 78544619, 78544621, 78544623, 78544627, 78557188, 79746108, 79746112, 80409832]",79746116.0,20260812
Etv1,10,54,0.7725041508674622,1295040,"[72119595, 73512203, 78544613, 78544615, 78544617, 78544619, 78544621, 78544627, 78544629, 78557190, 79746112, 79746114, 80409832, 80409834, 80409877]","[78544623, 78544625, 78544638, 78557188, 78557192, 78557206, 78557208, 79746108, 79746110, 80409836]",79746116.0,20260812
Etv1,10,55,0.7475115656852722,1295040,"[72119595, 73512203, 78544613, 78544617, 78544619, 78544621, 78544623, 78544625, 78544629, 78544638, 78557206, 79746108, 79746110, 80409832, 80409877]","[78544615, 78544627, 78557188, 78557190, 78557192, 78557208, 79746112, 79746114, 80409834, 80409836]",79746116.0,20260812
Etv1,10,56,0.777747631072998,1295040,"[72119595, 73512203, 78544613, 78544617, 78544619, 78544623, 78544625, 78544627, 78544638, 78557188, 78557192, 78557208, 79746114, 80409832, 80409877]","[78544615, 78544621, 78544629, 78557190, 78557206, 79746108, 79746110, 79746112, 80409834, 80409836]",79746116.0,20260812
Etv1,10,57,0.7682651281356812,1295040,"[72119595, 73512203, 78544615, 78544617, 78544621, 78544627, 78544629, 78557188, 78557190, 78557192, 78557206, 78557208, 79746108, 80409834, 80409836]","[78544613, 78544619, 78544623, 78544625, 78544638, 79746110, 79746112, 79746114, 80409832, 80409877]",79746116.0,20260812
Etv1,10,58,0.7739540934562683,1295040,"[72119595, 73512203, 78544613, 78544615, 78544617, 78544619, 78544627, 78544638, 78557190, 78557192, 78557208, 79746110, 79746112, 79746114, 80409832]","[78544621, 78544623, 78544625, 78544629, 78557188, 78557206, 79746108, 80409834, 80409836, 80409877]",79746116.0,20260812
Etv1,10,59,0.7741917371749878,1295040,"[73512203, 78544617, 78544621, 78544623, 78544625, 78544627, 78544629, 78557190, 78557192, 78557206, 79746108, 79746112, 79746114, 80409832, 80409877]","[72119595, 78544613, 78544615, 78544619, 78544638, 78557188, 78557208, 79746110, 80409834, 80409836]",79746116.0,20260812
Etv1,10,60,0.7656217813491821,1295040,"[72119595, 73512203, 78544613, 78544615, 78544617, 78544623, 78544627, 78544629, 78544638, 78557192, 79746110, 79746112, 79746114, 80409832, 80409836]","[78544619, 78544621, 78544625, 78557188, 78557190, 78557206, 78557208, 79746108, 80409834, 80409877]",79746116.0,20260812
Etv1,10,61,0.7288674116134644,1295040,"[72119595, 73512203, 78544613, 78544617, 78544621, 78544627, 78544638, 78557188, 78557190, 78557192, 78557206, 79746108, 79746110, 79746112, 80409836]","[78544615, 78544619, 78544623, 78544625, 78544629, 78557208, 79746114, 80409832, 80409834, 80409877]",79746116.0,20260812
Etv1,10,62,0.7312560081481934,1295040,"[78544615, 78544617, 78544621, 78544638, 78557190, 78557192, 78557206, 78557208, 79746108, 79746110, 79746112, 79746114, 80409834, 80409836, 80409877]","[72119595, 73512203, 78544613, 78544619, 78544623, 78544625, 78544627, 78544629, 78557188, 80409832]",79746116.0,20260812
Etv1,10,63,0.7436155080795288,1295040,"[73512203, 78544615, 78544619, 78544621, 78544625, 78544629, 78544638, 78557188, 78557190, 78557192, 78557208, 79746108, 79746114, 80409832, 80409834]","[72119595, 78544613, 78544617, 78544623, 78544627, 78557206, 79746110, 79746112, 80409836, 80409877]",79746116.0,20260812
Etv1,10,64,0.7724584937095642,1295040,"[72119595, 78544613, 78544615, 78544617, 78544619, 78544621, 78544623, 78557188, 79746110, 79746112, 79746114, 80409832, 80409834, 80409836, 80409877]","[73512203, 78544625, 78544627, 78544629, 78544638, 78557190, 78557192, 78557206, 78557208, 79746108]",79746116.0,20260812
Etv1,10,65,0.7694458961486816,1295040,"[78544613, 78544615, 78544617, 78544619, 78544627, 78544629, 78544638, 78557190, 78557192, 78557208, 79746108, 79746110, 79746112, 80409836, 80409877]","[72119595, 73512203, 78544621, 78544623, 78544625, 78557188, 78557206, 79746114, 80409832, 80409834]",79746116.0,20260812
Etv1,10,66,0.761727511882782,1295040,"[72119595, 78544615, 78544617, 78544619, 78544621, 78544625, 78544627, 78544629, 78557206, 79746108, 79746110, 79746114, 80409832, 80409834, 80409836]","[73512203, 78544613, 78544623, 78544638, 78557188, 78557190, 78557192, 78557208, 79746112, 80409877]",79746116.0,20260812
Etv1,10,67,0.7612651586532593,1295040,"[72119595, 78544613, 78544615, 78544617, 78544619, 78544621, 78544623, 78544625, 78544638, 78557192, 78557206, 79746110, 79746112, 80409832, 80409836]","[73512203, 78544627, 78544629, 78557188, 78557190, 78557208, 79746108, 79746114, 80409834, 80409877]",79746116.0,20260812
Etv1,10,68,0.7719643115997314,1295040,"[73512203, 78544613, 78544615, 78544619, 78544625, 78544627, 78544629, 78544638, 78557188, 78557192, 79746108, 79746112, 79746114, 80409832, 80409836]","[72119595, 78544617, 78544621, 78544623, 78557190, 78557206, 78557208, 79746110, 80409834, 80409877]",79746116.0,20260812
Etv1,10,69,0.7492140531539917,1295040,"[78544617, 78544621, 78544623, 78544627, 78544629, 78544638, 78557188, 78557192, 78557206, 78557208, 79746112, 79746114, 80409832, 80409836, 80409877]","[72119595, 73512203, 78544613, 78544615, 78544619, 78544625, 78557190, 79746108, 79746110, 80409834]",79746116.0,20260812
Etv1,10,70,0.7429385185241699,1295040,"[72119595, 78544615, 78544619, 78544621, 78544625, 78544629, 78544638, 78557188, 78557190, 78557192, 78557206, 79746108, 80409832, 80409836, 80409877]","[73512203, 78544613, 78544617, 78544623, 78544627, 78557208, 79746110, 79746112, 79746114, 80409834]",79746116.0,20260812
Etv1,10,71,0.7573166489601135,1295040,"[72119595, 78544613, 78544617, 78544623, 78544625, 78544627, 78544629, 78557188, 78557190, 78557206, 78557208, 79746114, 80409834, 80409836, 80409877]","[73512203, 78544615, 78544619, 78544621, 78544638, 78557192, 79746108, 79746110, 79746112, 80409832]",79746116.0,20260812
Etv1,10,72,0.7771636843681335,1295040,"[73512203, 78544613, 78544615, 78544619, 78544621, 78544623, 78544627, 78557188, 78557190, 78557192, 78557206, 79746108, 79746110, 80409834, 80409877]","[72119595, 78544617, 78544625, 78544629, 78544638, 78557208, 79746112, 79746114, 80409832, 80409836]",79746116.0,20260812
Etv1,10,73,0.7389365434646606,1295040,"[72119595, 73512203, 78544613, 78544615, 78544617, 78544623, 78557192, 78557206, 79746108, 79746110, 79746114, 80409832, 80409834, 80409836, 80409877]","[78544619, 78544621, 78544625, 78544627, 78544629, 78544638, 78557188, 78557190, 78557208, 79746112]",79746116.0,20260812
Etv1,10,74,0.774493932723999,1295040,"[72119595, 78544613, 78544615, 78544619, 78544621, 78544623, 78544627, 78544629, 78557188, 78557190, 78557192, 78557208, 79746110, 79746112, 80409836]","[73512203, 78544617, 78544625, 78544638, 78557206, 79746108, 79746114, 80409832, 80409834, 80409877]",79746116.0,20260812
Etv1,10,75,0.7597346305847168,1295040,"[78544613, 78544617, 78544619, 78544623, 78544625, 78557188, 78557192, 78557206, 78557208, 79746110, 79746114, 80409832, 80409834, 80409836, 80409877]","[72119595, 73512203, 78544615, 78544621, 78544627, 78544629, 78544638, 78557190, 79746108, 79746112]",79746116.0,20260812
Etv1,10,76,0.7537432909011841,1295040,"[73512203, 78544613, 78544615, 78544623, 78544625, 78544627, 78557188, 78557206, 78557208, 79746108, 79746110, 79746112, 79746114, 80409832, 80409834]","[72119595, 78544617, 78544619, 78544621, 78544629, 78544638, 78557190, 78557192, 80409836, 80409877]",79746116.0,20260812
Etv1,10,77,0.7446993589401245,1295040,"[72119595, 73512203, 78544615, 78544617, 78544623, 78544627, 78557190, 78557208, 79746108, 79746112, 79746114, 80409832, 80409834, 80409836, 80409877]","[78544613, 78544619, 78544621, 78544625, 78544629, 78544638, 78557188, 78557192, 78557206, 79746110]",79746116.0,20260812
Etv1,10,78,0.7561962604522705,1295040,"[72119595, 78544613, 78544615, 78544619, 78544621, 78544625, 78544638, 78557188, 78557190, 79746108, 79746114, 80409832, 80409834, 80409836, 80409877]","[73512203, 78544617, 78544623, 78544627, 78544629, 78557192, 78557206, 78557208, 79746110, 79746112]",79746116.0,20260812
Etv1,10,79,0.7557087540626526,1295040,"[72119595, 73512203, 78544617, 78544621, 78544623, 78544625, 78544627, 78544629, 78557188, 78557190, 78557192, 78557208, 79746108, 79746114, 80409836]","[78544613, 78544615, 78544619, 78544638, 78557206, 79746110, 79746112, 80409832, 80409834, 80409877]",79746116.0,20260812
Etv1,10,80,0.7423683404922485,1295040,"[78544615, 78544617, 78544619, 78544621, 78544623, 78544625, 78544627, 78544629, 78544638, 78557188, 78557190, 78557192, 79746110, 79746114, 80409832]","[72119595, 73512203, 78544613, 78557206, 78557208, 79746108, 79746112, 80409834, 80409836, 80409877]",79746116.0,20260812
Etv1,10,81,0.7667879462242126,1295040,"[73512203, 78544613, 78544615, 78544621, 78544625, 78544629, 78557190, 78557192, 78557206, 79746108, 79746112, 79746114, 80409832, 80409836, 80409877]","[72119595, 78544617, 78544619, 78544623, 78544627, 78544638, 78557188, 78557208, 79746110, 80409834]",79746116.0,20260812
Etv1,10,82,0.7617620229721069,1295040,"[72119595, 78544613, 78544615, 78544617, 78544625, 78544629, 78544638, 78557188, 78557190, 78557192, 78557206, 78557208, 79746112, 80409832, 80409877]","[73512203, 78544619, 78544621, 78544623, 78544627, 79746108, 79746110, 79746114, 80409834, 80409836]",79746116.0,20260812
Etv1,10,83,0.7745604515075684,1295040,"[73512203, 78544613, 78544615, 78544619, 78544621, 78544625, 78544627, 78544629, 78557188, 78557206, 78557208, 79746108, 80409834, 80409836, 80409877]","[72119595, 78544617, 78544623, 78544638, 78557190, 78557192, 79746110, 79746112, 79746114, 80409832]",79746116.0,20260812
Etv1,10,84,0.7692972421646118,1295040,"[72119595, 73512203, 78544615, 78544617, 78544619, 78544621, 78544623, 78544625, 78544629, 78557188, 78557206, 78557208, 79746112, 79746114, 80409832]","[78544613, 78544627, 78544638, 78557190, 78557192, 79746108, 79746110, 80409834, 80409836, 80409877]",79746116.0,20260812
Etv1,10,85,0.772192656993866,1295040,"[72119595, 73512203, 78544613, 78544615, 78544619, 78544623, 78544627, 78544629, 78544638, 78557190, 78557192, 79746108, 79746110, 80409834, 80409877]","[78544617, 78544621, 78544625, 78557188, 78557206, 78557208, 79746112, 79746114, 80409832, 80409836]",79746116.0,20260812
Etv1,10,86,0.7326149344444275,1295040,"[72119595, 73512203, 78544613, 78544617, 78544619, 78544623, 78544627, 78544629, 78557188, 78557190, 78557206, 79746108, 79746112, 80409832, 80409877]","[78544615, 78544621, 78544625, 78544638, 78557192, 78557208, 79746110, 79746114, 80409834, 80409836]",79746116.0,20260812
Etv1,10,87,0.7674440145492554,1295040,"[72119595, 73512203, 78544621, 78544623, 78544629, 78557190, 78557192, 78557206, 78557208, 79746110, 79746114, 80409832, 80409834, 80409836, 80409877]","[78544613, 78544615, 78544617, 78544619, 78544625, 78544627, 78544638, 78557188, 79746108, 79746112]",79746116.0,20260812
Etv1,10,88,0.7702056765556335,1295040,"[72119595, 78544615, 78544617, 78544621, 78544623, 78544625, 78544627, 78544629, 78557206, 78557208, 79746108, 79746110, 79746112, 80409834, 80409877]","[73512203, 78544613, 78544619, 78544638, 78557188, 78557190, 78557192, 79746114, 80409832, 80409836]",79746116.0,20260812
Etv1,10,89,0.7489770650863647,1295040,"[73512203, 78544613, 78544615, 78544623, 78544625, 78544627, 78544638, 78557190, 78557192, 78557208, 79746108, 79746110, 79746114, 80409834, 80409877]","[72119595, 78544617, 78544619, 78544621, 78544629, 78557188, 78557206, 79746112, 80409832, 80409836]",79746116.0,20260812
Etv1,10,90,0.7430897951126099,1295040,"[72119595, 78544613, 78544617, 78544621, 78544623, 78544625, 78544627, 78544638, 78557188, 78557192, 78557206, 78557208, 79746108, 79746110, 80409877]","[73512203, 78544615, 78544619, 78544629, 78557190, 79746112, 79746114, 80409832, 80409834, 80409836]",79746116.0,20260812
Etv1,10,91,0.7594358325004578,1295040,"[72119595, 73512203, 78544613, 78544615, 78544617, 78544619, 78544625, 78544627, 78557188, 78557206, 78557208, 79746108, 79746114, 80409834, 80409836]","[78544621, 78544623, 78544629, 78544638, 78557190, 78557192, 79746110, 79746112, 80409832, 80409877]",79746116.0,20260812
Etv1,10,92,0.7716578245162964,1295040,"[73512203, 78544613, 78544615, 78544617, 78544621, 78544623, 78544627, 78544629, 78557190, 78557208, 79746108, 79746110, 79746114, 80409832, 80409834]","[72119595, 78544619, 78544625, 78544638, 78557188, 78557192, 78557206, 79746112, 80409836, 80409877]",79746116.0,20260812
Etv1,10,93,0.738897442817688,1295040,"[72119595, 73512203, 78544613, 78544615, 78544619, 78544621, 78544623, 78544625, 78544627, 78544638, 78557190, 79746108, 79746110, 79746112, 80409877]","[78544617, 78544629, 78557188, 78557192, 78557206, 78557208, 79746114, 80409832, 80409834, 80409836]",79746116.0,20260812
Etv1,10,94,0.7722902894020081,1295040,"[72119595, 73512203, 78544615, 78544619, 78544621, 78544623, 78544625, 78557192, 78557206, 79746108, 79746112, 79746114, 80409832, 80409834, 80409877]","[78544613, 78544617, 78544627, 78544629, 78544638, 78557188, 78557190, 78557208, 79746110, 80409836]",79746116.0,20260812
Etv1,10,95,0.7551596760749817,1295040,"[78544613, 78544615, 78544621, 78544623, 78544625, 78544638, 78557188, 78557190, 78557192, 79746108, 79746112, 79746114, 80409832, 80409834, 80409877]","[72119595, 73512203, 78544617, 78544619, 78544627, 78544629, 78557206, 78557208, 79746110, 80409836]",79746116.0,20260812
Etv1,10,96,0.7592526078224182,1295040,"[72119595, 78544613, 78544617, 78544619, 78544623, 78544627, 78557188, 78557190, 78557206, 78557208, 79746112, 79746114, 80409832, 80409834, 80409877]","[73512203, 78544615, 78544621, 78544625, 78544629, 78544638, 78557192, 79746108, 79746110, 80409836]",79746116.0,20260812
Etv1,10,97,0.7448113560676575,1295040,"[72119595, 73512203, 78544613, 78544615, 78544619, 78544623, 78544625, 78544629, 78544638, 78557206, 78557208, 79746108, 79746112, 80409832, 80409836]","[78544617, 78544621, 78544627, 78557188, 78557190, 78557192, 79746110, 79746114, 80409834, 80409877]",79746116.0,20260812
Etv1,10,98,0.7652056217193604,1295040,"[72119595, 78544613, 78544615, 78544627, 78544638, 78557188, 78557192, 78557206, 78557208, 79746110, 79746112, 79746114, 80409832, 80409834, 80409836]","[73512203, 78544617, 78544619, 78544621, 78544623, 78544625, 78544629, 78557190, 79746108, 80409877]",79746116.0,20260812
Etv1,10,99,0.7427575588226318,1295040,"[73512203, 78544613, 78544621, 78544623, 78544625, 78544627, 78544629, 78544638, 78557190, 78557192, 78557208, 79746108, 79746110, 80409836, 80409877]","[72119595, 78544615, 78544617, 78544619, 78557188, 78557206, 79746112, 79746114, 80409832, 80409834]",79746116.0,20260812
